# bundaberg Bundaberg (Burnett Heads) | minutes since 2026-01-01 00:00 AEST, level m LAT, MSQ prediction m LAT
396000,1.999,1.944
396010,2,1.955
396020,2,1.963
396030,2.008,1.969
396040,2.007,1.969
396050,1.997,1.967
396060,1.993,1.962
396070,1.991,1.951
396080,1.966,1.938
396090,1.957,1.92
396100,1.952,1.899
396110,1.906,1.875
396120,1.875,1.849
396130,1.851,1.82
396140,1.816,1.788
396150,1.774,1.756
396160,1.744,1.722
396170,1.7,1.688
396180,1.664,1.653
396190,1.639,1.618
396200,1.6,1.582
396210,1.559,1.546
396220,1.531,1.512
396230,1.493,1.476
396240,1.456,1.44
396250,1.416,1.405
396260,1.373,1.372
396270,1.337,1.338
396280,1.294,1.305
396290,1.253,1.275
396300,1.212,1.244
396310,1.175,1.214
396320,1.136,1.188
396330,1.107,1.161
396340,1.072,1.137
396350,1.037,1.115
396360,1.025,1.095
396370,1.006,1.078
396380,0.99,1.065
396390,0.972,1.054
396400,0.964,1.047
396410,0.966,1.045
396420,0.967,1.046
396430,0.98,1.052
396440,0.981,1.062
396450,0.981,1.076
396460,0.985,1.094
396470,1.006,1.116
396480,1.045,1.141
396490,1.084,1.17
396500,1.106,1.203
396510,1.141,1.238
396520,1.173,1.276
396530,1.217,1.316
396540,1.277,1.359
396550,1.309,1.404
396560,1.349,1.451
396570,1.421,1.501
396580,1.484,1.552
396590,1.555,1.603
396600,1.618,1.657
396610,1.677,1.713
396620,1.739,1.769
396630,1.807,1.827
396640,1.855,1.885
396650,1.918,1.942
396660,1.978,2
396670,2.035,2.058
396680,2.087,2.113
396690,2.146,2.168
396700,2.215,2.221
396710,2.274,2.273
396720,2.336,2.32
396730,2.389,2.366
396740,2.428,2.41
396750,2.472,2.449
396760,2.512,2.486
396770,2.546,2.518
396780,2.573,2.547
396790,2.602,2.571
396800,2.63,2.591
396810,2.639,2.606
396820,2.657,2.616
396830,2.679,2.62
396840,2.659,2.62
396850,2.652,2.614
396860,2.635,2.603
396870,2.61,2.588
396880,2.593,2.569
396890,2.56,2.545
396900,2.52,2.519
396910,2.486,2.488
396920,2.434,2.454
396930,2.378,2.418
396940,2.338,2.378
396950,2.302,2.336
396960,2.252,2.292
396970,2.194,2.245
396980,2.139,2.196
396990,2.09,2.148
397000,2.04,2.096
397010,1.995,2.044
397020,1.935,1.992
397030,1.875,1.939
397040,1.824,1.887
397050,1.773,1.835
397060,1.704,1.783
397070,1.648,1.731
397080,1.604,1.682
397090,1.544,1.633
397100,1.488,1.585
397110,1.43,1.541
397120,1.392,1.497
397130,1.357,1.457
397140,1.325,1.419
397150,1.282,1.386
397160,1.25,1.355
397170,1.226,1.327
397180,1.2,1.303
397190,1.178,1.283
397200,1.159,1.266
397210,1.148,1.254
397220,1.123,1.244
397230,1.098,1.237
397240,1.11,1.233
397250,1.125,1.233
397260,1.121,1.236
397270,1.14,1.241
397280,1.141,1.249
397290,1.141,1.26
397300,1.17,1.272
397310,1.19,1.287
397320,1.198,1.305
397330,1.231,1.324
397340,1.257,1.346
397350,1.283,1.37
397360,1.322,1.394
397370,1.371,1.421
397380,1.393,1.45
397390,1.406,1.479
397400,1.467,1.509
397410,1.509,1.54
397420,1.545,1.57
397430,1.578,1.601
397440,1.617,1.631
397450,1.66,1.659
397460,1.695,1.688
397470,1.724,1.716
397480,1.756,1.741
397490,1.774,1.766
397500,1.802,1.789
397510,1.848,1.81
397520,1.873,1.83
397530,1.889,1.848
397540,1.897,1.863
397550,1.894,1.876
397560,1.911,1.886
397570,1.929,1.892
397580,1.942,1.896
397590,1.937,1.897
397600,1.935,1.895
397610,1.944,1.891
397620,1.924,1.883
397630,1.915,1.873
397640,1.91,1.861
397650,1.883,1.846
397660,1.85,1.829
397670,1.83,1.811
397680,1.803,1.79
397690,1.771,1.766
397700,1.759,1.742
397710,1.738,1.715
397720,1.707,1.686
397730,1.68,1.657
397740,1.637,1.626
397750,1.58,1.593
397760,1.55,1.562
397770,1.506,1.528
397780,1.467,1.494
397790,1.435,1.461
397800,1.38,1.427
397810,1.333,1.393
397820,1.302,1.361
397830,1.26,1.328
397840,1.23,1.296
397850,1.199,1.267
397860,1.145,1.238
397870,1.104,1.211
397880,1.082,1.188
397890,1.063,1.166
397900,1.052,1.146
397910,1.045,1.131
397920,1.035,1.118
397930,1.03,1.108
397940,0.999,1.102
397950,1.006,1.1
397960,1.024,1.101
397970,1.03,1.106
397980,1.031,1.115
397990,1.036,1.128
398000,1.051,1.144
398010,1.074,1.164
398020,1.095,1.188
398030,1.114,1.215
398040,1.144,1.245
398050,1.174,1.28
398060,1.234,1.318
398070,1.271,1.358
398080,1.315,1.403
398090,1.389,1.451
398100,1.441,1.5
398110,1.486,1.554
398120,1.55,1.61
398130,1.621,1.667
398140,1.693,1.727
398150,1.761,1.788
398160,1.823,1.848
398170,1.895,1.911
398180,1.964,1.972
398190,2.027,2.033
398200,2.097,2.093
398210,2.175,2.152
398220,2.233,2.209
398230,2.303,2.265
398240,2.372,2.318
398250,2.42,2.368
398260,2.462,2.417
398270,2.503,2.462
398280,2.549,2.503
398290,2.58,2.541
398300,2.621,2.574
398310,2.656,2.602
398320,2.674,2.626
398330,2.695,2.646
398340,2.702,2.66
398350,2.723,2.669
398360,2.724,2.673
398370,2.709,2.672
398380,2.721,2.666
398390,2.704,2.655
398400,2.675,2.64
398410,2.648,2.62
398420,2.633,2.595
398430,2.586,2.566
398440,2.535,2.532
398450,2.474,2.495
398460,2.433,2.452
398470,2.405,2.408
398480,2.346,2.36
398490,2.282,2.309
398500,2.232,2.257
398510,2.18,2.202
398520,2.122,2.145
398530,2.062,2.088
398540,2.002,2.029
398550,1.927,1.97
398560,1.863,1.911
398570,1.795,1.852
398580,1.722,1.793
398590,1.674,1.735
398600,1.614,1.678
398610,1.569,1.621
398620,1.506,1.567
398630,1.451,1.515
398640,1.419,1.464
398650,1.394,1.418
398660,1.333,1.373
398670,1.291,1.33
398680,1.254,1.291
398690,1.216,1.256
398700,1.193,1.223
398710,1.167,1.194
398720,1.139,1.17
398730,1.108,1.148
398740,1.073,1.129
398750,1.053,1.115
398760,1.038,1.105
398770,1.029,1.097
398780,1.038,1.094
398790,1.055,1.096
398800,1.052,1.1
398810,1.078,1.108
398820,1.09,1.121
398830,1.107,1.136
398840,1.124,1.156
398850,1.148,1.18
398860,1.179,1.206
398870,1.214,1.237
398880,1.255,1.27
398890,1.292,1.306
398900,1.333,1.342
398910,1.392,1.382
398920,1.436,1.422
398930,1.477,1.462
398940,1.527,1.504
398950,1.566,1.546
398960,1.612,1.586
398970,1.644,1.627
398980,1.686,1.668
398990,1.73,1.708
399000,1.778,1.747
399010,1.822,1.785
399020,1.862,1.821
399030,1.882,1.856
399040,1.923,1.889
399050,1.967,1.919
399060,1.996,1.947
399070,2.032,1.971
399080,2.056,1.993
399090,2.079,2.011
399100,2.094,2.026
399110,2.108,2.037
399120,2.116,2.045
399130,2.137,2.048
399140,2.13,2.049
399150,2.131,2.045
399160,2.138,2.037
399170,2.111,2.026
399180,2.095,2.01
399190,2.064,1.989
399200,2.03,1.966
399210,1.996,1.938
399220,1.949,1.906
399230,1.917,1.872
399240,1.88,1.835
399250,1.832,1.795
399260,1.768,1.754
399270,1.703,1.71
399280,1.645,1.664
399290,1.604,1.62
399300,1.54,1.573
399310,1.492,1.525
399320,1.431,1.478
399330,1.369,1.431
399340,1.313,1.385
399350,1.27,1.34
399360,1.222,1.296
399370,1.174,1.254
399380,1.134,1.214
399390,1.093,1.176
399400,1.053,1.141
399410,1.034,1.109
399420,1.005,1.081
399430,0.998,1.056
399440,0.973,1.035
399450,0.963,1.019
399460,0.94,1.006
399470,0.942,0.997
399480,0.929,0.994
399490,0.922,0.994
399500,0.929,1
399510,0.935,1.01
399520,0.96,1.026
399530,0.971,1.046
399540,0.991,1.071
399550,1.032,1.102
399560,1.068,1.138
399570,1.117,1.178
399580,1.158,1.225
399590,1.211,1.276
399600,1.277,1.33
399610,1.348,1.391
399620,1.425,1.455
399630,1.493,1.521
399640,1.569,1.592
399650,1.642,1.663
399660,1.728,1.736
399670,1.807,1.81
399680,1.88,1.884
399690,1.96,1.957
399700,2.03,2.031
399710,2.1,2.103
399720,2.19,2.173
399730,2.263,2.243
399740,2.332,2.31
399750,2.399,2.374
399760,2.454,2.435
399770,2.508,2.494
399780,2.562,2.548
399790,2.62,2.598
399800,2.672,2.644
399810,2.697,2.685
399820,2.74,2.72
399830,2.776,2.751
399840,2.8,2.775
399850,2.827,2.795
399860,2.848,2.807
399870,2.855,2.815
399880,2.854,2.816
399890,2.855,2.811
399900,2.847,2.799
399910,2.833,2.782
399920,2.798,2.758
399930,2.764,2.727
399940,2.722,2.692
399950,2.681,2.65
399960,2.634,2.603
399970,2.565,2.551
399980,2.493,2.495
399990,2.423,2.434
400000,2.364,2.372
400010,2.306,2.305
400020,2.223,2.237
400030,2.137,2.168
400040,2.068,2.096
400050,1.983,2.024
400060,1.9,1.952
400070,1.837,1.879
400080,1.764,1.805
400090,1.684,1.735
400100,1.615,1.664
400110,1.539,1.594
400120,1.483,1.527
400130,1.411,1.461
400140,1.337,1.398
400150,1.279,1.338
400160,1.227,1.28
400170,1.175,1.226
400180,1.138,1.175
400190,1.098,1.128
400200,1.061,1.085
400210,1.014,1.046
400220,0.973,1.012
400230,0.928,0.981
400240,0.893,0.956
400250,0.878,0.934
400260,0.859,0.918
400270,0.839,0.907
400280,0.83,0.901
400290,0.843,0.902
400300,0.858,0.907
400310,0.873,0.918
400320,0.892,0.935
400330,0.922,0.959
400340,0.96,0.987
400350,1.015,1.022
400360,1.045,1.061
400370,1.087,1.103
400380,1.129,1.152
400390,1.193,1.202
400400,1.279,1.255
400410,1.342,1.31
400420,1.4,1.367
400430,1.478,1.424
400440,1.523,1.483
400450,1.573,1.542
400460,1.638,1.6
400470,1.684,1.659
400480,1.75,1.717
400490,1.813,1.774
400500,1.858,1.83
400510,1.921,1.885
400520,1.978,1.938
400530,2.024,1.988
400540,2.071,2.036
400550,2.131,2.081
400560,2.172,2.122
400570,2.207,2.16
400580,2.246,2.193
400590,2.281,2.223
400600,2.305,2.247
400610,2.328,2.267
400620,2.339,2.282
400630,2.342,2.291
400640,2.357,2.294
400650,2.356,2.292
400660,2.34,2.283
400670,2.34,2.267
400680,2.312,2.247
400690,2.276,2.218
400700,2.226,2.184
400710,2.172,2.146
400720,2.118,2.101
400730,2.064,2.052
400740,2.016,2
400750,1.973,1.944
400760,1.891,1.885
400770,1.802,1.825
400780,1.717,1.762
400790,1.661,1.698
400800,1.603,1.634
400810,1.533,1.569
400820,1.456,1.505
400830,1.403,1.441
400840,1.331,1.378
400850,1.262,1.316
400860,1.194,1.258
400870,1.134,1.201
400880,1.085,1.146
400890,1.045,1.096
400900,1.007,1.049
400910,0.946,1.005
400920,0.907,0.966
400930,0.871,0.93
400940,0.843,0.9
400950,0.817,0.874
400960,0.789,0.854
400970,0.773,0.839
400980,0.759,0.829
400990,0.751,0.824
401000,0.76,0.826
401010,0.787,0.834
401020,0.815,0.849
401030,0.83,0.871
401040,0.841,0.898
401050,0.885,0.934
401060,0.929,0.977
401070,0.97,1.026
401080,1.021,1.083
401090,1.097,1.147
401100,1.179,1.216
401110,1.275,1.289
401120,1.347,1.369
401130,1.427,1.451
401140,1.515,1.535
401150,1.595,1.622
401160,1.686,1.711
401170,1.774,1.798
401180,1.857,1.887
401190,1.957,1.975
401200,2.042,2.06
401210,2.134,2.146
401220,2.221,2.229
401230,2.293,2.309
401240,2.369,2.388
401250,2.435,2.463
401260,2.519,2.534
401270,2.597,2.602
401280,2.66,2.664
401290,2.721,2.722
401300,2.78,2.774
401310,2.822,2.821
401320,2.866,2.861
401330,2.914,2.896
401340,2.938,2.924
401350,2.966,2.945
401360,2.992,2.96
401370,3.01,2.966
401380,3.014,2.966
401390,3,2.957
401400,2.979,2.94
401410,2.962,2.916
401420,2.926,2.883
401430,2.882,2.841
401440,2.834,2.794
401450,2.774,2.739
401460,2.713,2.677
401470,2.64,2.611
401480,2.562,2.539
401490,2.482,2.462
401500,2.404,2.384
401510,2.339,2.302
401520,2.259,2.217
401530,2.158,2.132
401540,2.057,2.046
401550,1.972,1.959
401560,1.896,1.872
401570,1.797,1.786
401580,1.707,1.7
401590,1.628,1.616
401600,1.543,1.535
401610,1.452,1.455
401620,1.359,1.377
401630,1.274,1.304
401640,1.195,1.233
401650,1.132,1.165
401660,1.072,1.102
401670,1.012,1.042
401680,0.957,0.987
401690,0.875,0.936
401700,0.815,0.89
401710,0.758,0.849
401720,0.716,0.812
401730,0.701,0.782
401740,0.671,0.757
401750,0.66,0.738
401760,0.653,0.725
401770,0.626,0.721
401780,0.623,0.722
401790,0.632,0.733
401800,0.664,0.751
401810,0.697,0.776
401820,0.739,0.809
401830,0.776,0.85
401840,0.837,0.897
401850,0.899,0.951
401860,0.965,1.01
401870,1.043,1.072
401880,1.086,1.14
401890,1.167,1.211
401900,1.229,1.282
401910,1.304,1.356
401920,1.395,1.431
401930,1.49,1.506
401940,1.563,1.582
401950,1.623,1.657
401960,1.677,1.732
401970,1.769,1.806
401980,1.852,1.879
401990,1.917,1.95
402000,2.006,2.019
402010,2.061,2.085
402020,2.128,2.149
402030,2.202,2.209
402040,2.268,2.265
402050,2.302,2.318
402060,2.338,2.366
402070,2.383,2.408
402080,2.436,2.446
402090,2.468,2.478
402100,2.503,2.504
402110,2.549,2.522
402120,2.568,2.534
402130,2.547,2.538
402140,2.544,2.533
402150,2.526,2.521
402160,2.501,2.5
402170,2.483,2.47
402180,2.428,2.434
402190,2.397,2.388
402200,2.348,2.336
402210,2.295,2.278
402220,2.227,2.214
402230,2.159,2.146
402240,2.08,2.074
402250,1.984,1.999
402260,1.902,1.921
402270,1.839,1.842
402280,1.739,1.762
402290,1.663,1.68
402300,1.583,1.601
402310,1.486,1.52
402320,1.408,1.441
402330,1.331,1.365
402340,1.255,1.289
402350,1.187,1.217
402360,1.114,1.149
402370,1.056,1.083
402380,0.989,1.021
402390,0.939,0.964
402400,0.874,0.911
402410,0.825,0.862
402420,0.776,0.819
402430,0.717,0.78
402440,0.685,0.747
402450,0.646,0.719
402460,0.618,0.697
402470,0.609,0.682
402480,0.609,0.673
402490,0.616,0.672
402500,0.625,0.678
402510,0.631,0.693
402520,0.639,0.715
402530,0.682,0.747
402540,0.737,0.788
402550,0.792,0.836
402560,0.855,0.895
402570,0.909,0.961
402580,0.991,1.034
402590,1.077,1.115
402600,1.181,1.202
402610,1.277,1.292
402620,1.377,1.387
402630,1.486,1.484
402640,1.587,1.582
402650,1.678,1.683
402660,1.769,1.783
402670,1.863,1.881
402680,1.952,1.981
402690,2.044,2.078
402700,2.138,2.172
402710,2.243,2.266
402720,2.343,2.356
402730,2.434,2.442
402740,2.515,2.525
402750,2.594,2.605
402760,2.66,2.678
402770,2.724,2.747
402780,2.797,2.81
402790,2.864,2.867
402800,2.902,2.918
402810,2.931,2.963
402820,2.97,3.001
402830,3.018,3.031
402840,3.033,3.054
402850,3.059,3.067
402860,3.062,3.074
402870,3.048,3.07
402880,3.028,3.057
402890,2.995,3.035
402900,2.965,3.002
402910,2.916,2.96
402920,2.857,2.909
402930,2.802,2.849
402940,2.728,2.781
402950,2.646,2.708
402960,2.559,2.627
402970,2.46,2.541
402980,2.352,2.452
402990,2.258,2.359
403000,2.152,2.263
403010,2.055,2.167
403020,1.971,2.068
403030,1.886,1.97
403040,1.798,1.872
403050,1.702,1.774
403060,1.591,1.678
403070,1.481,1.584
403080,1.39,1.491
403090,1.298,1.402
403100,1.218,1.317
403110,1.15,1.233
403120,1.063,1.155
403130,0.977,1.08
403140,0.912,1.009
403150,0.849,0.942
403160,0.787,0.88
403170,0.724,0.823
403180,0.694,0.77
403190,0.657,0.723
403200,0.632,0.682
403210,0.589,0.647
403220,0.55,0.618
403230,0.549,0.597
403240,0.53,0.583
403250,0.529,0.577
403260,0.538,0.581
403270,0.532,0.594
403280,0.543,0.616
403290,0.594,0.646
403300,0.651,0.687
403310,0.692,0.736
403320,0.749,0.792
403330,0.798,0.857
403340,0.87,0.928
403350,0.953,1.003
403360,1.037,1.083
403370,1.112,1.167
403380,1.215,1.252
403390,1.301,1.34
403400,1.394,1.429
403410,1.484,1.517
403420,1.569,1.607
403430,1.651,1.696
403440,1.731,1.783
403450,1.827,1.87
403460,1.914,1.956
403470,1.994,2.039
403480,2.083,2.119
403490,2.164,2.198
403500,2.226,2.272
403510,2.309,2.343
403520,2.376,2.41
403530,2.439,2.471
403540,2.489,2.528
403550,2.531,2.58
403560,2.578,2.625
403570,2.619,2.664
403580,2.65,2.696
403590,2.7,2.72
403600,2.725,2.736
403610,2.734,2.743
403620,2.732,2.741
403630,2.711,2.728
403640,2.703,2.705
403650,2.672,2.674
403660,2.62,2.632
403670,2.571,2.581
403680,2.514,2.522
403690,2.458,2.455
403700,2.374,2.381
403710,2.281,2.302
403720,2.191,2.22
403730,2.102,2.133
403740,2.021,2.043
403750,1.943,1.953
403760,1.857,1.86
403770,1.769,1.767
403780,1.678,1.676
403790,1.566,1.584
403800,1.46,1.493
403810,1.362,1.406
403820,1.276,1.32
403830,1.194,1.237
403840,1.132,1.159
403850,1.072,1.083
403860,1.005,1.012
403870,0.93,0.946
403880,0.87,0.883
403890,0.815,0.826
403900,0.77,0.773
403910,0.721,0.726
403920,0.677,0.683
403930,0.647,0.648
403940,0.608,0.617
403950,0.604,0.594
403960,0.604,0.578
403970,0.6,0.57
403980,0.596,0.571
403990,0.597,0.58
404000,0.604,0.6
404010,0.631,0.63
404020,0.681,0.669
404030,0.737,0.719
404040,0.785,0.779
404050,0.855,0.847
404060,0.924,0.924
404070,1.009,1.01
404080,1.105,1.1
404090,1.21,1.197
404100,1.292,1.298
404110,1.394,1.4
404120,1.496,1.506
404130,1.603,1.612
404140,1.708,1.718
404150,1.8,1.825
404160,1.918,1.93
404170,2.031,2.034
404180,2.113,2.135
404190,2.209,2.235
404200,2.314,2.331
404210,2.408,2.424
404220,2.513,2.513
404230,2.605,2.598
404240,2.68,2.677
404250,2.744,2.752
404260,2.81,2.821
404270,2.871,2.883
404280,2.928,2.939
404290,2.979,2.988
404300,3.027,3.03
404310,3.062,3.064
404320,3.091,3.09
404330,3.113,3.107
404340,3.122,3.114
404350,3.122,3.112
404360,3.12,3.099
404370,3.098,3.075
404380,3.061,3.04
404390,3.007,2.995
404400,2.954,2.939
404410,2.892,2.874
404420,2.814,2.8
404430,2.726,2.719
404440,2.623,2.63
404450,2.533,2.537
404460,2.441,2.439
404470,2.336,2.337
404480,2.248,2.235
404490,2.144,2.129
404500,2.028,2.023
404510,1.922,1.917
404520,1.813,1.811
404530,1.71,1.707
404540,1.595,1.606
404550,1.497,1.505
404560,1.394,1.408
404570,1.295,1.314
404580,1.217,1.224
404590,1.126,1.137
404600,1.051,1.055
404610,0.966,0.978
404620,0.897,0.904
404630,0.84,0.836
404640,0.781,0.772
404650,0.728,0.714
404660,0.682,0.66
404670,0.636,0.613
404680,0.598,0.572
404690,0.569,0.537
404700,0.53,0.51
404710,0.503,0.491
404720,0.502,0.481
404730,0.511,0.479
404740,0.513,0.488
404750,0.54,0.507
404760,0.563,0.536
404770,0.607,0.576
404780,0.654,0.626
404790,0.715,0.684
404800,0.777,0.751
404810,0.844,0.826
404820,0.921,0.907
404830,1.007,0.994
404840,1.097,1.085
404850,1.192,1.178
404860,1.288,1.275
404870,1.389,1.373
404880,1.474,1.47
404890,1.572,1.569
404900,1.673,1.667
404910,1.777,1.764
404920,1.868,1.861
404930,1.967,1.956
404940,2.051,2.048
404950,2.148,2.139
404960,2.238,2.228
404970,2.317,2.312
404980,2.393,2.393
404990,2.475,2.469
405000,2.545,2.542
405010,2.607,2.608
405020,2.669,2.669
405030,2.714,2.724
405040,2.76,2.773
405050,2.799,2.815
405060,2.827,2.849
405070,2.858,2.875
405080,2.869,2.891
405090,2.871,2.898
405100,2.88,2.894
405110,2.866,2.879
405120,2.838,2.854
405130,2.805,2.818
405140,2.755,2.771
405150,2.702,2.713
405160,2.63,2.649
405170,2.548,2.575
405180,2.46,2.494
405190,2.368,2.41
405200,2.267,2.319
405210,2.179,2.224
405220,2.098,2.129
405230,1.998,2.03
405240,1.896,1.931
405250,1.793,1.833
405260,1.696,1.734
405270,1.607,1.636
405280,1.505,1.541
405290,1.391,1.447
405300,1.304,1.356
405310,1.228,1.268
405320,1.14,1.184
405330,1.06,1.103
405340,0.974,1.027
405350,0.901,0.955
405360,0.835,0.887
405370,0.79,0.825
405380,0.736,0.766
405390,0.692,0.713
405400,0.649,0.666
405410,0.613,0.624
405420,0.588,0.589
405430,0.561,0.561
405440,0.544,0.541
405450,0.527,0.53
405460,0.528,0.528
405470,0.545,0.535
405480,0.564,0.554
405490,0.582,0.583
405500,0.613,0.622
405510,0.663,0.673
405520,0.723,0.734
405530,0.801,0.804
405540,0.872,0.883
405550,0.967,0.97
405560,1.066,1.062
405570,1.173,1.16
405580,1.275,1.263
405590,1.379,1.367
405600,1.482,1.473
405610,1.587,1.581
405620,1.692,1.688
405630,1.8,1.795
405640,1.894,1.902
405650,1.998,2.005
405660,2.103,2.108
405670,2.193,2.209
405680,2.289,2.305
405690,2.394,2.399
405700,2.488,2.49
405710,2.573,2.574
405720,2.664,2.655
405730,2.737,2.73
405740,2.799,2.799
405750,2.872,2.862
405760,2.927,2.919
405770,2.966,2.968
405780,3.013,3.009
405790,3.051,3.043
405800,3.088,3.067
405810,3.111,3.083
405820,3.114,3.088
405830,3.114,3.083
405840,3.106,3.066
405850,3.075,3.038
405860,3.033,3
405870,2.988,2.949
405880,2.934,2.888
405890,2.854,2.817
405900,2.772,2.738
405910,2.68,2.65
405920,2.591,2.556
405930,2.477,2.458
405940,2.374,2.354
405950,2.265,2.247
405960,2.148,2.141
405970,2.038,2.032
405980,1.945,1.922
405990,1.828,1.815
406000,1.721,1.707
406010,1.611,1.601
406020,1.505,1.498
406030,1.4,1.397
406040,1.31,1.3
406050,1.223,1.207
406060,1.128,1.117
406070,1.048,1.032
406080,0.958,0.951
406090,0.882,0.875
406100,0.815,0.803
406110,0.745,0.738
406120,0.691,0.676
406130,0.627,0.62
406140,0.573,0.571
406150,0.541,0.527
406160,0.511,0.49
406170,0.494,0.46
406180,0.487,0.439
406190,0.473,0.426
406200,0.469,0.423
406210,0.482,0.43
406220,0.503,0.448
406230,0.533,0.476
406240,0.564,0.515
406250,0.615,0.565
406260,0.666,0.624
406270,0.72,0.693
406280,0.805,0.77
406290,0.902,0.854
406300,1.006,0.944
406310,1.099,1.039
406320,1.197,1.136
406330,1.282,1.238
406340,1.371,1.341
406350,1.47,1.444
406360,1.577,1.547
406370,1.671,1.65
406380,1.774,1.753
406390,1.869,1.853
406400,1.965,1.954
406410,2.069,2.052
406420,2.163,2.147
406430,2.26,2.241
406440,2.341,2.331
406450,2.424,2.417
406460,2.495,2.5
406470,2.559,2.577
406480,2.625,2.65
406490,2.695,2.717
406500,2.753,2.779
406510,2.803,2.834
406520,2.857,2.882
406530,2.903,2.923
406540,2.936,2.955
406550,2.953,2.979
406560,2.974,2.992
406570,2.967,2.996
406580,2.954,2.989
406590,2.939,2.97
406600,2.904,2.941
406610,2.866,2.9
406620,2.813,2.848
406630,2.758,2.787
406640,2.678,2.717
406650,2.597,2.638
406660,2.512,2.555
406670,2.422,2.465
406680,2.333,2.372
406690,2.242,2.276
406700,2.153,2.177
406710,2.051,2.077
406720,1.951,1.978
406730,1.866,1.877
406740,1.76,1.778
406750,1.659,1.68
406760,1.557,1.583
406770,1.481,1.489
406780,1.387,1.397
406790,1.285,1.309
406800,1.22,1.224
406810,1.14,1.142
406820,1.056,1.065
406830,0.989,0.991
406840,0.927,0.921
406850,,0.856
406860,,0.796
