# tincanbay Tin Can Bay | minutes since 2026-01-01 00:00 AEST, level m LAT, MSQ prediction m LAT
396000,1.489,1.453
396010,1.51,1.47
396020,1.527,1.485
396030,1.54,1.498
396040,1.55,1.509
396050,1.556,1.517
396060,1.561,1.522
396070,1.561,1.526
396080,1.559,1.526
396090,1.555,1.524
396100,1.55,1.518
396110,1.547,1.509
396120,1.538,1.496
396130,1.52,1.48
396140,1.501,1.459
396150,1.478,1.435
396160,1.449,1.407
396170,1.425,1.375
396180,1.394,1.34
396190,1.356,1.303
396200,1.319,1.263
396210,1.273,1.222
396220,1.229,1.179
396230,1.182,1.136
396240,1.135,1.094
396250,1.091,1.051
396260,1.053,1.01
396270,1.014,0.972
396280,0.977,0.934
396290,0.938,0.9
396300,0.907,0.869
396310,0.882,0.84
396320,0.851,0.814
396330,0.817,0.793
396340,0.791,0.774
396350,0.77,0.759
396360,0.745,0.748
396370,0.735,0.739
396380,0.725,0.734
396390,0.721,0.734
396400,0.718,0.735
396410,0.715,0.74
396420,0.714,0.749
396430,0.72,0.76
396440,0.729,0.775
396450,0.738,0.792
396460,0.752,0.812
396470,0.772,0.833
396480,0.795,0.858
396490,0.821,0.884
396500,0.849,0.911
396510,0.883,0.94
396520,0.921,0.971
396530,0.956,1.002
396540,0.993,1.035
396550,1.032,1.068
396560,1.067,1.103
396570,1.1,1.138
396580,1.138,1.174
396590,1.177,1.211
396600,1.215,1.248
396610,1.252,1.286
396620,1.289,1.326
396630,1.329,1.366
396640,1.369,1.406
396650,1.411,1.449
396660,1.453,1.492
396670,1.502,1.535
396680,1.547,1.579
396690,1.598,1.623
396700,1.644,1.666
396710,1.686,1.709
396720,1.729,1.751
396730,1.77,1.791
396740,1.809,1.83
396750,1.844,1.867
396760,1.878,1.9
396770,1.909,1.931
396780,1.937,1.96
396790,1.965,1.985
396800,1.989,2.007
396810,2.012,2.027
396820,2.033,2.043
396830,2.05,2.057
396840,2.069,2.068
396850,2.086,2.075
396860,2.099,2.079
396870,2.109,2.08
396880,2.116,2.077
396890,2.12,2.07
396900,2.117,2.059
396910,2.108,2.045
396920,2.092,2.026
396930,2.07,2.004
396940,2.039,1.977
396950,2.004,1.948
396960,1.965,1.915
396970,1.922,1.879
396980,1.874,1.841
396990,1.826,1.8
397000,1.775,1.757
397010,1.722,1.713
397020,1.665,1.668
397030,1.609,1.621
397040,1.554,1.575
397050,1.497,1.528
397060,1.442,1.48
397070,1.388,1.434
397080,1.336,1.387
397090,1.283,1.341
397100,1.23,1.296
397110,1.173,1.252
397120,1.121,1.208
397130,1.075,1.168
397140,1.034,1.128
397150,0.989,1.091
397160,0.949,1.056
397170,0.912,1.024
397180,0.875,0.996
397190,0.838,0.97
397200,0.818,0.949
397210,0.798,0.931
397220,0.786,0.917
397230,0.776,0.906
397240,0.768,0.899
397250,0.768,0.896
397260,0.774,0.896
397270,0.786,0.899
397280,0.802,0.904
397290,0.819,0.912
397300,0.835,0.922
397310,0.849,0.934
397320,0.877,0.947
397330,0.901,0.961
397340,0.925,0.977
397350,0.947,0.993
397360,0.969,1.011
397370,0.992,1.031
397380,1.017,1.05
397390,1.046,1.072
397400,1.08,1.095
397410,1.107,1.119
397420,1.136,1.144
397430,1.166,1.171
397440,1.195,1.196
397450,1.223,1.223
397460,1.256,1.251
397470,1.277,1.276
397480,1.302,1.301
397490,1.326,1.325
397500,1.345,1.347
397510,1.364,1.367
397520,1.385,1.386
397530,1.405,1.402
397540,1.423,1.416
397550,1.437,1.429
397560,1.452,1.439
397570,1.461,1.448
397580,1.468,1.454
397590,1.476,1.459
397600,1.482,1.461
397610,1.487,1.462
397620,1.486,1.459
397630,1.484,1.455
397640,1.48,1.447
397650,1.475,1.437
397660,1.47,1.423
397670,1.46,1.406
397680,1.45,1.387
397690,1.432,1.364
397700,1.408,1.339
397710,1.389,1.312
397720,1.363,1.282
397730,1.337,1.251
397740,1.307,1.22
397750,1.268,1.187
397760,1.229,1.154
397770,1.196,1.122
397780,1.16,1.091
397790,1.12,1.06
397800,1.074,1.03
397810,1.018,1.002
397820,0.972,0.974
397830,0.926,0.949
397840,0.889,0.926
397850,0.854,0.904
397860,0.822,0.884
397870,0.796,0.866
397880,0.778,0.85
397890,0.765,0.837
397900,0.753,0.826
397910,0.746,0.817
397920,0.745,0.811
397930,0.75,0.809
397940,0.758,0.809
397950,0.769,0.812
397960,0.779,0.819
397970,0.801,0.83
397980,0.816,0.844
397990,0.831,0.861
398000,0.843,0.88
398010,0.856,0.902
398020,0.877,0.927
398030,0.897,0.953
398040,0.917,0.982
398050,0.943,1.011
398060,0.969,1.041
398070,0.996,1.072
398080,1.03,1.104
398090,1.065,1.137
398100,1.106,1.171
398110,1.149,1.205
398120,1.191,1.241
398130,1.228,1.279
398140,1.27,1.317
398150,1.314,1.357
398160,1.361,1.399
398170,1.409,1.44
398180,1.459,1.484
398190,1.507,1.528
398200,1.556,1.572
398210,1.604,1.615
398220,1.646,1.658
398230,1.687,1.7
398240,1.729,1.739
398250,1.767,1.777
398260,1.806,1.813
398270,1.843,1.846
398280,1.878,1.878
398290,1.909,1.907
398300,1.941,1.934
398310,1.97,1.96
398320,1.996,1.983
398330,2.018,2.004
398340,2.038,2.024
398350,2.058,2.041
398360,2.077,2.056
398370,2.096,2.068
398380,2.111,2.076
398390,2.121,2.082
398400,2.131,2.084
398410,2.132,2.081
398420,2.133,2.075
398430,2.13,2.064
398440,2.121,2.049
398450,2.103,2.03
398460,2.077,2.006
398470,2.042,1.978
398480,2.004,1.948
398490,1.964,1.913
398500,1.919,1.875
398510,1.875,1.835
398520,1.825,1.792
398530,1.772,1.747
398540,1.715,1.7
398550,1.66,1.652
398560,1.604,1.602
398570,1.55,1.552
398580,1.496,1.5
398590,1.444,1.448
398600,1.391,1.397
398610,1.338,1.345
398620,1.287,1.293
398630,1.238,1.243
398640,1.185,1.194
398650,1.136,1.146
398660,1.08,1.1
398670,1.025,1.057
398680,0.977,1.017
398690,0.924,0.98
398700,0.879,0.948
398710,0.834,0.918
398720,0.793,0.894
398730,0.762,0.873
398740,0.738,0.857
398750,0.722,0.844
398760,0.715,0.836
398770,0.716,0.831
398780,0.719,0.829
398790,0.732,0.829
398800,0.747,0.832
398810,0.767,0.837
398820,0.791,0.844
398830,0.818,0.854
398840,0.846,0.866
398850,0.87,0.879
398860,0.894,0.895
398870,0.915,0.913
398880,0.939,0.934
398890,0.965,0.957
398900,0.991,0.983
398910,1.017,1.01
398920,1.044,1.04
398930,1.071,1.071
398940,1.099,1.102
398950,1.128,1.135
398960,1.163,1.169
398970,1.197,1.201
398980,1.227,1.233
398990,1.257,1.264
399000,1.289,1.293
399010,1.321,1.321
399020,1.353,1.347
399030,1.383,1.372
399040,1.412,1.395
399050,1.435,1.416
399060,1.457,1.436
399070,1.477,1.456
399080,1.496,1.473
399090,1.515,1.49
399100,1.534,1.505
399110,1.552,1.518
399120,1.568,1.529
399130,1.58,1.538
399140,1.588,1.544
399150,1.593,1.547
399160,1.594,1.547
399170,1.595,1.543
399180,1.594,1.535
399190,1.591,1.525
399200,1.585,1.51
399210,1.572,1.492
399220,1.553,1.471
399230,1.529,1.446
399240,1.497,1.418
399250,1.463,1.389
399260,1.425,1.356
399270,1.385,1.322
399280,1.338,1.286
399290,1.292,1.249
399300,1.244,1.21
399310,1.193,1.172
399320,1.141,1.133
399330,1.091,1.094
399340,1.042,1.057
399350,0.991,1.019
399360,0.945,0.982
399370,0.901,0.948
399380,0.861,0.915
399390,0.826,0.884
399400,0.792,0.856
399410,0.761,0.831
399420,0.735,0.809
399430,0.715,0.791
399440,0.707,0.777
399450,0.703,0.768
399460,0.703,0.764
399470,0.713,0.765
399480,0.721,0.77
399490,0.739,0.779
399500,0.766,0.792
399510,0.784,0.809
399520,0.801,0.83
399530,0.821,0.852
399540,0.843,0.878
399550,0.866,0.905
399560,0.889,0.933
399570,0.91,0.964
399580,0.937,0.995
399590,0.965,1.028
399600,0.998,1.062
399610,1.039,1.099
399620,1.086,1.136
399630,1.128,1.174
399640,1.176,1.216
399650,1.221,1.257
399660,1.269,1.3
399670,1.321,1.346
399680,1.37,1.391
399690,1.426,1.438
399700,1.478,1.486
399710,1.529,1.532
399720,1.58,1.58
399730,1.629,1.626
399740,1.677,1.671
399750,1.719,1.716
399760,1.76,1.758
399770,1.805,1.799
399780,1.847,1.839
399790,1.888,1.877
399800,1.928,1.914
399810,1.963,1.949
399820,1.997,1.983
399830,2.029,2.014
399840,2.059,2.044
399850,2.086,2.072
399860,2.109,2.097
399870,2.135,2.119
399880,2.156,2.138
399890,2.179,2.153
399900,2.195,2.163
399910,2.208,2.169
399920,2.213,2.171
399930,2.214,2.167
399940,2.21,2.158
399950,2.199,2.145
399960,2.183,2.125
399970,2.157,2.101
399980,2.123,2.071
399990,2.084,2.038
400000,2.037,1.999
400010,1.989,1.956
400020,1.935,1.909
400030,1.878,1.859
400040,1.818,1.805
400050,1.756,1.75
400060,1.693,1.692
400070,1.631,1.632
400080,1.572,1.572
400090,1.511,1.51
400100,1.451,1.447
400110,1.389,1.385
400120,1.326,1.322
400130,1.26,1.259
400140,1.195,1.198
400150,1.127,1.138
400160,1.065,1.079
400170,1.006,1.024
400180,0.943,0.971
400190,0.887,0.923
400200,0.827,0.879
400210,0.77,0.84
400220,0.722,0.805
400230,0.676,0.776
400240,0.643,0.752
400250,0.621,0.733
400260,0.602,0.719
400270,0.587,0.709
400280,0.577,0.704
400290,0.578,0.703
400300,0.592,0.706
400310,0.62,0.712
400320,0.654,0.722
400330,0.689,0.736
400340,0.727,0.752
400350,0.767,0.771
400360,0.798,0.794
400370,0.831,0.819
400380,0.868,0.847
400390,0.903,0.878
400400,0.934,0.911
400410,0.974,0.947
400420,1.013,0.984
400430,1.049,1.024
400440,1.087,1.064
400450,1.121,1.105
400460,1.151,1.147
400470,1.184,1.189
400480,1.221,1.23
400490,1.26,1.27
400500,1.302,1.31
400510,1.342,1.347
400520,1.385,1.383
400530,1.425,1.419
400540,1.46,1.452
400550,1.494,1.485
400560,1.528,1.516
400570,1.563,1.546
400580,1.596,1.575
400590,1.628,1.603
400600,1.655,1.629
400610,1.678,1.653
400620,1.697,1.674
400630,1.709,1.694
400640,1.718,1.71
400650,1.725,1.722
400660,1.732,1.731
400670,1.736,1.736
400680,1.737,1.735
400690,1.736,1.731
400700,1.727,1.721
400710,1.716,1.705
400720,1.699,1.685
400730,1.673,1.659
400740,1.641,1.627
400750,1.607,1.592
400760,1.566,1.551
400770,1.522,1.506
400780,1.474,1.459
400790,1.425,1.409
400800,1.37,1.356
400810,1.307,1.303
400820,1.25,1.248
400830,1.19,1.193
400840,1.13,1.138
400850,1.071,1.085
400860,1.007,1.032
400870,0.945,0.98
400880,0.89,0.93
400890,0.835,0.883
400900,0.781,0.838
400910,0.733,0.798
400920,0.691,0.762
400930,0.655,0.73
400940,0.63,0.705
400950,0.606,0.685
400960,0.586,0.671
400970,0.576,0.664
400980,0.588,0.662
400990,0.601,0.667
401000,0.612,0.677
401010,0.636,0.692
401020,0.667,0.712
401030,0.695,0.735
401040,0.729,0.763
401050,0.75,0.793
401060,0.779,0.826
401070,0.805,0.861
401080,0.836,0.897
401090,0.875,0.935
401100,0.922,0.974
401110,0.965,1.015
401120,1.013,1.056
401130,1.059,1.1
401140,1.102,1.144
401150,1.155,1.19
401160,1.199,1.238
401170,1.253,1.288
401180,1.312,1.338
401190,1.366,1.39
401200,1.42,1.444
401210,1.474,1.497
401220,1.529,1.551
401230,1.584,1.606
401240,1.637,1.658
401250,1.685,1.711
401260,1.728,1.762
401270,1.773,1.812
401280,1.825,1.86
401290,1.877,1.907
401300,1.931,1.952
401310,1.987,1.994
401320,2.034,2.035
401330,2.077,2.073
401340,2.11,2.11
401350,2.14,2.143
401360,2.17,2.173
401370,2.199,2.2
401380,2.226,2.223
401390,2.248,2.241
401400,2.263,2.255
401410,2.272,2.264
401420,2.276,2.268
401430,2.274,2.266
401440,2.267,2.257
401450,2.253,2.243
401460,2.237,2.222
401470,2.214,2.194
401480,2.182,2.16
401490,2.143,2.12
401500,2.095,2.074
401510,2.039,2.023
401520,1.979,1.968
401530,1.914,1.909
401540,1.846,1.846
401550,1.776,1.781
401560,1.707,1.714
401570,1.637,1.645
401580,1.569,1.575
401590,1.5,1.502
401600,1.429,1.428
401610,1.355,1.355
401620,1.287,1.28
401630,1.214,1.205
401640,1.143,1.132
401650,1.07,1.059
401660,0.994,0.988
401670,0.925,0.921
401680,0.848,0.857
401690,0.78,0.799
401700,0.712,0.747
401710,0.641,0.701
401720,0.578,0.661
401730,0.519,0.629
401740,0.475,0.604
401750,0.449,0.587
401760,0.433,0.576
401770,0.419,0.572
401780,0.425,0.575
401790,0.449,0.583
401800,0.485,0.596
401810,0.532,0.614
401820,0.588,0.636
401830,0.643,0.66
401840,0.685,0.688
401850,0.728,0.719
401860,0.762,0.752
401870,0.785,0.788
401880,0.819,0.826
401890,0.852,0.865
401900,0.89,0.907
401910,0.934,0.952
401920,0.974,0.998
401930,1.019,1.047
401940,1.064,1.097
401950,1.105,1.147
401960,1.151,1.198
401970,1.196,1.249
401980,1.245,1.299
401990,1.289,1.349
402000,1.34,1.397
402010,1.389,1.443
402020,1.444,1.488
402030,1.504,1.532
402040,1.557,1.574
402050,1.607,1.614
402060,1.656,1.652
402070,1.7,1.69
402080,1.736,1.725
402090,1.766,1.759
402100,1.791,1.792
402110,1.815,1.822
402120,1.833,1.849
402130,1.851,1.874
402140,1.871,1.895
402150,1.886,1.912
402160,1.897,1.924
402170,1.9,1.931
402180,1.902,1.932
402190,1.894,1.926
402200,1.884,1.914
402210,1.868,1.894
402220,1.847,1.866
402230,1.824,1.832
402240,1.79,1.791
402250,1.745,1.743
402260,1.694,1.691
402270,1.64,1.634
402280,1.582,1.573
402290,1.521,1.511
402300,1.457,1.445
402310,1.393,1.378
402320,1.325,1.311
402330,1.256,1.243
402340,1.186,1.174
402350,1.125,1.107
402360,1.056,1.039
402370,0.984,0.973
402380,0.917,0.908
402390,0.85,0.847
402400,0.788,0.788
402410,0.717,0.735
402420,0.657,0.687
402430,0.597,0.645
402440,0.551,0.611
402450,0.516,0.584
402460,0.481,0.565
402470,0.452,0.555
402480,0.451,0.553
402490,0.472,0.56
402500,0.505,0.574
402510,0.551,0.594
402520,0.588,0.621
402530,0.635,0.653
402540,0.68,0.689
402550,0.725,0.728
402560,0.775,0.769
402570,0.815,0.812
402580,0.859,0.856
402590,0.899,0.901
402600,0.94,0.945
402610,0.981,0.991
402620,1.032,1.037
402630,1.086,1.084
402640,1.141,1.133
402650,1.199,1.184
402660,1.251,1.236
402670,1.309,1.291
402680,1.365,1.349
402690,1.424,1.407
402700,1.483,1.467
402710,1.545,1.527
402720,1.605,1.588
402730,1.664,1.648
402740,1.72,1.708
402750,1.776,1.765
402760,1.827,1.821
402770,1.878,1.875
402780,1.927,1.926
402790,1.977,1.975
402800,2.025,2.022
402810,2.071,2.065
402820,2.113,2.107
402830,2.151,2.145
402840,2.183,2.181
402850,2.212,2.213
402860,2.239,2.242
402870,2.266,2.268
402880,2.286,2.289
402890,2.307,2.306
402900,2.323,2.318
402910,2.334,2.324
402920,2.337,2.324
402930,2.338,2.317
402940,2.331,2.302
402950,2.317,2.279
402960,2.294,2.25
402970,2.263,2.212
402980,2.224,2.168
402990,2.176,2.118
403000,2.121,2.062
403010,2.06,2.001
403020,1.994,1.937
403030,1.929,1.869
403040,1.855,1.798
403050,1.783,1.724
403060,1.709,1.649
403070,1.636,1.572
403080,1.562,1.492
403090,1.487,1.411
403100,1.41,1.327
403110,1.334,1.242
403120,1.259,1.157
403130,1.18,1.071
403140,1.102,0.986
403150,1.024,0.905
403160,0.939,0.826
403170,0.849,0.752
403180,0.772,0.684
403190,0.697,0.624
403200,0.625,0.573
403210,0.56,0.53
403220,0.511,0.498
403230,0.478,0.476
403240,0.454,0.463
403250,0.449,0.46
403260,0.456,0.465
403270,0.479,0.478
403280,0.526,0.499
403290,0.575,0.525
403300,0.63,0.554
403310,0.687,0.589
403320,0.741,0.626
403330,0.785,0.664
403340,0.825,0.704
403350,0.87,0.746
403360,0.914,0.788
403370,0.954,0.833
403380,1,0.88
403390,1.052,0.928
403400,1.102,0.979
403410,1.151,1.032
403420,1.201,1.087
403430,1.249,1.143
403440,1.297,1.201
403450,1.344,1.259
403460,1.394,1.317
403470,1.446,1.375
403480,1.498,1.432
403490,1.555,1.486
403500,1.61,1.539
403510,1.664,1.589
403520,1.715,1.637
403530,1.765,1.683
403540,1.812,1.727
403550,1.855,1.77
403560,1.895,1.81
403570,1.929,1.849
403580,1.961,1.886
403590,1.985,1.922
403600,2.007,1.956
403610,2.029,1.988
403620,2.051,2.016
403630,2.066,2.042
403640,2.083,2.063
403650,2.092,2.079
403660,2.096,2.088
403670,2.095,2.091
403680,2.084,2.085
403690,2.073,2.071
403700,2.06,2.05
403710,2.036,2.019
403720,2.011,1.98
403730,1.975,1.935
403740,1.93,1.882
403750,1.874,1.823
403760,1.815,1.761
403770,1.755,1.694
403780,1.685,1.624
403790,1.615,1.552
403800,1.546,1.478
403810,1.475,1.402
403820,1.401,1.325
403830,1.328,1.246
403840,1.255,1.166
403850,1.179,1.087
403860,1.103,1.007
403870,1.024,0.928
403880,0.94,0.852
403890,0.857,0.779
403900,0.773,0.711
403910,0.69,0.649
403920,0.618,0.596
403930,0.558,0.551
403940,0.507,0.516
403950,0.47,0.491
403960,0.437,0.478
403970,0.419,0.475
403980,0.42,0.483
403990,0.442,0.5
404000,0.489,0.526
404010,0.54,0.559
404020,0.591,0.598
404030,0.634,0.642
404040,0.679,0.689
404050,0.727,0.737
404060,0.776,0.787
404070,0.824,0.836
404080,0.871,0.885
404090,0.917,0.934
404100,0.961,0.982
404110,1.012,1.031
404120,1.067,1.082
404130,1.124,1.133
404140,1.182,1.186
404150,1.241,1.242
404160,1.301,1.3
404170,1.36,1.36
404180,1.417,1.422
404190,1.48,1.485
404200,1.538,1.549
404210,1.598,1.613
404220,1.657,1.675
404230,1.713,1.736
404240,1.767,1.795
404250,1.819,1.851
404260,1.868,1.905
404270,1.917,1.955
404280,1.965,2.002
404290,2.013,2.047
404300,2.057,2.088
404310,2.098,2.127
404320,2.136,2.163
404330,2.171,2.196
404340,2.204,2.226
404350,2.23,2.253
404360,2.253,2.277
404370,2.27,2.296
404380,2.28,2.312
404390,2.287,2.321
404400,2.289,2.323
404410,2.287,2.32
404420,2.277,2.308
404430,2.258,2.288
404440,2.233,2.261
404450,2.2,2.225
404460,2.157,2.181
404470,2.108,2.131
404480,2.051,2.075
404490,1.989,2.013
404500,1.922,1.949
404510,1.853,1.88
404520,1.782,1.807
404530,1.711,1.733
404540,1.636,1.656
404550,1.564,1.576
404560,1.487,1.494
404570,1.411,1.409
404580,1.331,1.321
404590,1.247,1.232
404600,1.162,1.14
404610,1.07,1.047
404620,0.985,0.955
404630,0.888,0.864
404640,0.801,0.776
404650,0.714,0.694
404660,0.633,0.618
404670,0.542,0.55
404680,0.477,0.493
404690,0.421,0.446
404700,0.368,0.411
404710,0.328,0.388
404720,0.308,0.377
404730,0.303,0.377
404740,0.318,0.388
404750,0.352,0.409
404760,0.399,0.438
404770,0.45,0.473
404780,0.504,0.514
404790,0.558,0.558
404800,0.61,0.604
404810,0.659,0.651
404820,0.71,0.699
404830,0.76,0.748
404840,0.813,0.796
404850,0.865,0.846
404860,0.918,0.897
404870,0.97,0.949
404880,1.023,1.003
404890,1.08,1.059
404900,1.137,1.117
404910,1.194,1.177
404920,1.25,1.238
404930,1.305,1.3
404940,1.359,1.362
404950,1.415,1.425
404960,1.471,1.484
404970,1.527,1.543
404980,1.582,1.6
404990,1.638,1.654
405000,1.693,1.705
405010,1.746,1.754
405020,1.795,1.8
405030,1.842,1.844
405040,1.886,1.887
405050,1.924,1.927
405060,1.959,1.965
405070,1.99,2.003
405080,2.02,2.039
405090,2.046,2.073
405100,2.066,2.105
405110,2.083,2.134
405120,2.099,2.159
405130,2.11,2.179
405140,2.121,2.194
405150,2.127,2.2
405160,2.127,2.2
405170,2.119,2.191
405180,2.105,2.173
405190,2.082,2.146
405200,2.052,2.111
405210,2.013,2.068
405220,1.963,2.017
405230,1.905,1.961
405240,1.841,1.9
405250,1.772,1.834
405260,1.702,1.764
405270,1.629,1.692
405280,1.555,1.616
405290,1.48,1.537
405300,1.403,1.456
405310,1.329,1.372
405320,1.251,1.285
405330,1.176,1.198
405340,1.096,1.108
405350,1.019,1.018
405360,0.937,0.93
405370,0.849,0.843
405380,0.769,0.762
405390,0.688,0.686
405400,0.61,0.618
405410,0.541,0.559
405420,0.484,0.512
405430,0.438,0.476
405440,0.405,0.453
405450,0.376,0.442
405460,0.374,0.444
405470,0.401,0.458
405480,0.439,0.482
405490,0.486,0.515
405500,0.537,0.556
405510,0.595,0.602
405520,0.652,0.653
405530,0.711,0.706
405540,0.762,0.759
405550,0.81,0.812
405560,0.859,0.866
405570,0.91,0.917
405580,0.957,0.969
405590,1.013,1.02
405600,1.071,1.07
405610,1.122,1.123
405620,1.178,1.177
405630,1.235,1.231
405640,1.289,1.289
405650,1.344,1.349
405660,1.402,1.411
405670,1.464,1.473
405680,1.525,1.536
405690,1.589,1.599
405700,1.651,1.66
405710,1.714,1.721
405720,1.772,1.778
405730,1.827,1.833
405740,1.882,1.885
405750,1.933,1.933
405760,1.984,1.978
405770,2.031,2.019
405780,2.076,2.058
405790,2.116,2.094
405800,2.153,2.127
405810,2.183,2.158
405820,2.208,2.186
405830,2.231,2.21
405840,2.251,2.232
405850,2.267,2.25
405860,2.281,2.263
405870,2.288,2.272
405880,2.287,2.274
405890,2.283,2.269
405900,2.268,2.256
405910,2.247,2.235
405920,2.217,2.206
405930,2.179,2.169
405940,2.134,2.125
405950,2.08,2.073
405960,2.02,2.016
405970,1.954,1.954
405980,1.884,1.887
405990,1.812,1.817
406000,1.737,1.745
406010,1.662,1.67
406020,1.586,1.592
406030,1.509,1.512
406040,1.429,1.429
406050,1.349,1.344
406060,1.269,1.256
406070,1.182,1.165
406080,1.094,1.073
406090,1.003,0.98
406100,0.917,0.887
406110,0.832,0.794
406120,0.742,0.706
406130,0.662,0.624
406140,0.576,0.549
406150,0.501,0.482
406160,0.439,0.426
406170,0.389,0.382
406180,0.352,0.35
406190,0.318,0.333
406200,0.301,0.327
406210,0.297,0.334
406220,0.321,0.353
406230,0.374,0.382
406240,0.434,0.419
406250,0.493,0.463
406260,0.547,0.512
406270,0.6,0.564
406280,0.646,0.618
406290,0.7,0.672
406300,0.755,0.727
406310,0.811,0.781
406320,0.867,0.836
406330,0.923,0.89
406340,0.974,0.944
406350,1.025,0.999
406360,1.079,1.056
406370,1.133,1.114
406380,1.19,1.174
406390,1.247,1.236
406400,1.305,1.298
406410,1.361,1.362
406420,1.417,1.426
406430,1.473,1.489
406440,1.53,1.551
406450,1.588,1.612
406460,1.645,1.669
406470,1.703,1.724
406480,1.764,1.777
406490,1.817,1.826
406500,1.87,1.872
406510,1.92,1.917
406520,1.966,1.959
406530,2.008,1.999
406540,2.045,2.037
406550,2.081,2.074
406560,2.111,2.109
406570,2.136,2.142
406580,2.156,2.174
406590,2.176,2.202
406600,2.19,2.227
406610,2.201,2.247
406620,2.208,2.261
406630,2.213,2.268
406640,2.212,2.268
406650,2.207,2.261
406660,2.19,2.244
406670,2.163,2.219
406680,2.129,2.186
406690,2.083,2.145
406700,2.031,2.097
406710,1.969,2.044
406720,1.905,1.985
406730,1.837,1.921
406740,1.769,1.854
406750,1.694,1.783
406760,1.622,1.707
406770,1.548,1.63
406780,1.474,1.548
406790,1.399,1.462
406800,1.323,1.374
406810,1.249,1.283
406820,1.175,1.189
406830,1.103,1.095
406840,1.025,1
406850,0.946,0.908
406860,0.865,0.819
406870,0.779,0.736
406880,0.699,0.661
406890,0.626,0.596
406900,0.564,0.541
406910,0.511,0.499
406920,0.468,0.469
406930,0.437,0.454
406940,0.42,0.451
406950,0.419,0.461
406960,0.433,0.483
406970,0.484,0.514
406980,0.55,0.554
406990,0.608,0.6
407000,0.669,0.651
407010,0.725,0.704
407020,0.773,0.759
407030,0.82,0.814
407040,0.872,0.869
407050,0.928,0.923
407060,0.977,0.976
407070,1.028,1.029
407080,1.078,1.08
407090,1.124,1.133
407100,1.171,1.187
407110,1.225,1.241
407120,1.28,1.298
407130,1.339,1.356
407140,1.399,1.414
407150,1.454,1.474
407160,1.509,1.534
407170,1.565,1.593
407180,1.622,1.651
407190,1.679,1.707
407200,1.733,1.76
407210,1.785,1.811
407220,1.836,1.858
407230,1.881,1.902
407240,1.921,1.943
407250,1.959,1.981
407260,1.996,2.016
407270,2.034,2.048
407280,2.064,2.078
407290,2.096,2.104
407300,2.12,2.129
407310,2.14,2.15
407320,2.155,2.168
407330,2.168,2.182
407340,2.175,2.191
407350,2.178,2.195
407360,2.176,2.193
407370,2.164,2.183
407380,2.148,2.166
407390,2.12,2.141
407400,2.085,2.108
