# hallsbay Halls Bay (Pumicestone Passage) | minutes since 2026-01-01 00:00 AEST, level m LAT, MSQ prediction m LAT
396000,0.466,0.385
396010,0.478,0.399
396020,0.49,0.41
396030,0.505,0.421
396040,0.515,0.43
396050,0.523,0.437
396060,0.527,0.442
396070,0.531,0.444
396080,0.532,0.445
396090,0.533,0.443
396100,0.527,0.44
396110,0.519,0.435
396120,0.515,0.428
396130,0.499,0.419
396140,0.491,0.409
396150,0.478,0.397
396160,0.471,0.384
396170,0.463,0.37
396180,0.454,0.356
396190,0.442,0.341
396200,0.427,0.325
396210,0.411,0.31
396220,0.395,0.293
396230,0.379,0.277
396240,0.362,0.261
396250,0.344,0.245
396260,0.325,0.228
396270,0.306,0.212
396280,0.286,0.196
396290,0.267,0.179
396300,0.246,0.163
396310,0.226,0.146
396320,0.204,0.129
396330,0.182,0.113
396340,0.159,0.096
396350,0.137,0.079
396360,0.115,0.063
396370,0.094,0.047
396380,0.071,0.031
396390,0.048,0.016
396400,0.026,0.001
396410,0.005,-0.012
396420,-0.013,-0.024
396430,-0.029,-0.035
396440,-0.04,-0.044
396450,-0.049,-0.051
396460,-0.053,-0.056
396470,-0.056,-0.058
396480,-0.047,-0.058
396490,-0.033,-0.055
396500,-0.012,-0.049
396510,0.009,-0.04
396520,0.034,-0.028
396530,0.062,-0.013
396540,0.084,0.006
396550,0.105,0.027
396560,0.127,0.051
396570,0.154,0.078
396580,0.18,0.108
396590,0.205,0.14
396600,0.237,0.174
396610,0.265,0.21
396620,0.3,0.248
396630,0.332,0.287
396640,0.369,0.327
396650,0.403,0.369
396660,0.438,0.41
396670,0.475,0.451
396680,0.513,0.493
396690,0.55,0.534
396700,0.589,0.575
396710,0.629,0.614
396720,0.669,0.652
396730,0.711,0.688
396740,0.747,0.723
396750,0.784,0.756
396760,0.82,0.787
396770,0.851,0.815
396780,0.88,0.841
396790,0.908,0.864
396800,0.933,0.885
396810,0.957,0.903
396820,0.979,0.919
396830,1,0.932
396840,1.017,0.942
396850,1.034,0.95
396860,1.046,0.956
396870,1.056,0.959
396880,1.062,0.961
396890,1.064,0.96
396900,1.064,0.958
396910,1.06,0.954
396920,1.055,0.949
396930,1.045,0.943
396940,1.037,0.935
396950,1.025,0.926
396960,1.015,0.917
396970,1,0.906
396980,0.983,0.895
396990,0.962,0.883
397000,0.943,0.87
397010,0.922,0.857
397020,0.902,0.842
397030,0.88,0.827
397040,0.858,0.811
397050,0.836,0.794
397060,0.811,0.775
397070,0.786,0.756
397080,0.759,0.735
397090,0.732,0.713
397100,0.706,0.691
397110,0.679,0.667
397120,0.653,0.641
397130,0.628,0.615
397140,0.601,0.588
397150,0.573,0.56
397160,0.545,0.531
397170,0.517,0.502
397180,0.49,0.473
397190,0.464,0.444
397200,0.437,0.415
397210,0.412,0.386
397220,0.386,0.359
397230,0.362,0.332
397240,0.337,0.307
397250,0.312,0.283
397260,0.288,0.261
397270,0.263,0.241
397280,0.242,0.223
397290,0.221,0.207
397300,0.2,0.194
397310,0.186,0.183
397320,0.171,0.174
397330,0.16,0.168
397340,0.148,0.164
397350,0.143,0.163
397360,0.142,0.164
397370,0.147,0.167
397380,0.165,0.172
397390,0.184,0.178
397400,0.208,0.187
397410,0.229,0.196
397420,0.246,0.207
397430,0.26,0.219
397440,0.277,0.232
397450,0.293,0.246
397460,0.311,0.259
397470,0.327,0.273
397480,0.344,0.287
397490,0.357,0.301
397500,0.373,0.313
397510,0.388,0.326
397520,0.401,0.338
397530,0.42,0.348
397540,0.434,0.358
397550,0.439,0.366
397560,0.454,0.373
397570,0.463,0.379
397580,0.477,0.383
397590,0.485,0.385
397600,0.493,0.387
397610,0.495,0.386
397620,0.494,0.384
397630,0.498,0.381
397640,0.492,0.376
397650,0.485,0.37
397660,0.489,0.363
397670,0.476,0.354
397680,0.466,0.345
397690,0.46,0.335
397700,0.451,0.323
397710,0.442,0.312
397720,0.433,0.299
397730,0.42,0.286
397740,0.407,0.273
397750,0.39,0.259
397760,0.374,0.244
397770,0.355,0.23
397780,0.336,0.216
397790,0.319,0.201
397800,0.301,0.186
397810,0.282,0.171
397820,0.261,0.156
397830,0.241,0.14
397840,0.221,0.126
397850,0.2,0.111
397860,0.179,0.095
397870,0.157,0.081
397880,0.138,0.067
397890,0.122,0.053
397900,0.102,0.039
397910,0.082,0.026
397920,0.063,0.015
397930,0.048,0.004
397940,0.038,-0.005
397950,0.027,-0.013
397960,0.017,-0.019
397970,0.014,-0.023
397980,0.009,-0.025
397990,0.006,-0.025
398000,0.013,-0.022
398010,0.026,-0.017
398020,0.04,-0.009
398030,0.065,0.002
398040,0.086,0.015
398050,0.105,0.032
398060,0.131,0.051
398070,0.153,0.072
398080,0.18,0.097
398090,0.204,0.123
398100,0.235,0.152
398110,0.263,0.183
398120,0.295,0.215
398130,0.324,0.25
398140,0.358,0.285
398150,0.387,0.321
398160,0.421,0.359
398170,0.456,0.396
398180,0.489,0.434
398190,0.527,0.472
398200,0.565,0.509
398210,0.604,0.546
398220,0.642,0.583
398230,0.684,0.618
398240,0.722,0.652
398250,0.76,0.685
398260,0.798,0.717
398270,0.834,0.746
398280,0.872,0.775
398290,0.905,0.801
398300,0.937,0.825
398310,0.966,0.847
398320,0.986,0.868
398330,1.013,0.886
398340,1.034,0.902
398350,1.056,0.916
398360,1.071,0.927
398370,1.085,0.937
398380,1.095,0.945
398390,1.106,0.95
398400,1.114,0.954
398410,1.122,0.956
398420,1.125,0.956
398430,1.125,0.954
398440,1.122,0.951
398450,1.117,0.946
398460,1.104,0.94
398470,1.085,0.933
398480,1.068,0.925
398490,1.051,0.915
398500,1.037,0.904
398510,1.019,0.892
398520,0.999,0.879
398530,0.98,0.865
398540,0.959,0.85
398550,0.941,0.833
398560,0.92,0.816
398570,0.898,0.797
398580,0.873,0.777
398590,0.847,0.756
398600,0.821,0.734
398610,0.795,0.709
398620,0.769,0.684
398630,0.74,0.658
398640,0.711,0.63
398650,0.682,0.601
398660,0.654,0.572
398670,0.625,0.541
398680,0.597,0.51
398690,0.569,0.478
398700,0.542,0.447
398710,0.515,0.416
398720,0.487,0.385
398730,0.46,0.355
398740,0.434,0.326
398750,0.407,0.298
398760,0.382,0.271
398770,0.356,0.247
398780,0.33,0.224
398790,0.309,0.204
398800,0.286,0.186
398810,0.264,0.171
398820,0.244,0.157
398830,0.227,0.147
398840,0.209,0.139
398850,0.2,0.134
398860,0.187,0.131
398870,0.18,0.13
398880,0.18,0.132
398890,0.177,0.136
398900,0.186,0.142
398910,0.196,0.149
398920,0.218,0.159
398930,0.237,0.169
398940,0.261,0.181
398950,0.284,0.194
398960,0.305,0.208
398970,0.323,0.222
398980,0.343,0.238
398990,0.363,0.253
399000,0.384,0.269
399010,0.404,0.284
399020,0.421,0.3
399030,0.439,0.314
399040,0.456,0.329
399050,0.474,0.342
399060,0.489,0.355
399070,0.509,0.367
399080,0.524,0.377
399090,0.544,0.385
399100,0.558,0.393
399110,0.572,0.399
399120,0.59,0.403
399130,0.596,0.405
399140,0.602,0.406
399150,0.606,0.405
399160,0.608,0.402
399170,0.606,0.398
399180,0.603,0.392
399190,0.586,0.385
399200,0.57,0.377
399210,0.551,0.367
399220,0.533,0.357
399230,0.515,0.345
399240,0.5,0.333
399250,0.486,0.32
399260,0.473,0.307
399270,0.459,0.292
399280,0.442,0.278
399290,0.426,0.263
399300,0.41,0.248
399310,0.391,0.233
399320,0.371,0.218
399330,0.354,0.202
399340,0.333,0.186
399350,0.315,0.17
399360,0.295,0.154
399370,0.275,0.138
399380,0.255,0.122
399390,0.234,0.106
399400,0.21,0.09
399410,0.188,0.074
399420,0.166,0.059
399430,0.144,0.045
399440,0.122,0.032
399450,0.102,0.02
399460,0.082,0.01
399470,0.067,0
399480,0.051,-0.007
399490,0.04,-0.012
399500,0.025,-0.015
399510,0.022,-0.015
399520,0.022,-0.013
399530,0.024,-0.008
399540,0.042,0
399550,0.059,0.011
399560,0.084,0.025
399570,0.106,0.041
399580,0.127,0.061
399590,0.151,0.082
399600,0.173,0.107
399610,0.2,0.133
399620,0.226,0.162
399630,0.262,0.193
399640,0.291,0.225
399650,0.324,0.259
399660,0.358,0.294
399670,0.393,0.33
399680,0.429,0.366
399690,0.465,0.404
399700,0.503,0.442
399710,0.541,0.479
399720,0.582,0.516
399730,0.623,0.554
399740,0.665,0.589
399750,0.707,0.625
399760,0.75,0.661
399770,0.79,0.694
399780,0.83,0.727
399790,0.869,0.758
399800,0.908,0.787
399810,0.942,0.815
399820,0.973,0.841
399830,0.999,0.864
399840,1.025,0.886
399850,1.051,0.905
399860,1.072,0.922
399870,1.096,0.936
399880,1.109,0.948
399890,1.121,0.958
399900,1.131,0.965
399910,1.14,0.97
399920,1.146,0.973
399930,1.149,0.973
399940,1.145,0.972
399950,1.139,0.969
399960,1.125,0.964
399970,1.106,0.957
399980,1.087,0.949
399990,1.07,0.939
400000,1.055,0.928
400010,1.041,0.915
400020,1.023,0.902
400030,0.998,0.887
400040,0.978,0.871
400050,0.957,0.855
400060,0.936,0.836
400070,0.915,0.816
400080,0.887,0.796
400090,0.864,0.773
400100,0.838,0.749
400110,0.812,0.724
400120,0.782,0.697
400130,0.755,0.669
400140,0.727,0.639
400150,0.7,0.608
400160,0.67,0.576
400170,0.641,0.543
400180,0.612,0.509
400190,0.583,0.474
400200,0.554,0.44
400210,0.525,0.405
400220,0.495,0.371
400230,0.465,0.337
400240,0.437,0.305
400250,0.41,0.273
400260,0.381,0.244
400270,0.353,0.216
400280,0.327,0.19
400290,0.298,0.168
400300,0.27,0.147
400310,0.244,0.129
400320,0.219,0.114
400330,0.198,0.102
400340,0.175,0.093
400350,0.158,0.087
400360,0.142,0.084
400370,0.133,0.084
400380,0.123,0.085
400390,0.12,0.091
400400,0.127,0.098
400410,0.143,0.107
400420,0.172,0.119
400430,0.195,0.133
400440,0.22,0.148
400450,0.241,0.165
400460,0.265,0.184
400470,0.286,0.203
400480,0.312,0.223
400490,0.338,0.245
400500,0.365,0.267
400510,0.392,0.289
400520,0.418,0.311
400530,0.444,0.333
400540,0.469,0.354
400550,0.495,0.375
400560,0.52,0.395
400570,0.547,0.413
400580,0.571,0.43
400590,0.594,0.446
400600,0.611,0.459
400610,0.63,0.47
400620,0.643,0.479
400630,0.659,0.487
400640,0.667,0.491
400650,0.672,0.493
400660,0.674,0.494
400670,0.672,0.491
400680,0.671,0.487
400690,0.658,0.481
400700,0.64,0.473
400710,0.622,0.464
400720,0.604,0.453
400730,0.587,0.44
400740,0.567,0.427
400750,0.554,0.413
400760,0.54,0.398
400770,0.523,0.382
400780,0.504,0.366
400790,0.485,0.349
400800,0.465,0.331
400810,0.445,0.314
400820,0.427,0.296
400830,0.406,0.277
400840,0.388,0.258
400850,0.368,0.239
400860,0.345,0.219
400870,0.322,0.199
400880,0.298,0.179
400890,0.274,0.158
400900,0.249,0.138
400910,0.224,0.117
400920,0.198,0.097
400930,0.172,0.078
400940,0.145,0.059
400950,0.12,0.041
400960,0.098,0.025
400970,0.074,0.01
400980,0.046,-0.003
400990,0.023,-0.014
401000,0.001,-0.022
401010,-0.017,-0.028
401020,-0.035,-0.03
401030,-0.049,-0.03
401040,-0.058,-0.027
401050,-0.06,-0.02
401060,-0.05,-0.011
401070,-0.028,0.002
401080,0.004,0.018
401090,0.039,0.037
401100,0.071,0.059
401110,0.11,0.084
401120,0.153,0.111
401130,0.181,0.141
401140,0.208,0.173
401150,0.242,0.207
401160,0.274,0.242
401170,0.31,0.28
401180,0.351,0.317
401190,0.39,0.356
401200,0.434,0.396
401210,0.471,0.436
401220,0.514,0.477
401230,0.56,0.518
401240,0.604,0.557
401250,0.654,0.597
401260,0.702,0.637
401270,0.748,0.674
401280,0.795,0.712
401290,0.84,0.747
401300,0.884,0.78
401310,0.926,0.812
401320,0.962,0.842
401330,0.996,0.869
401340,1.025,0.893
401350,1.052,0.915
401360,1.077,0.934
401370,1.098,0.95
401380,1.116,0.963
401390,1.129,0.973
401400,1.14,0.981
401410,1.148,0.985
401420,1.157,0.987
401430,1.161,0.986
401440,1.16,0.984
401450,1.152,0.978
401460,1.137,0.971
401470,1.113,0.962
401480,1.086,0.952
401490,1.065,0.94
401500,1.05,0.926
401510,1.033,0.911
401520,1.013,0.896
401530,0.989,0.878
401540,0.968,0.86
401550,0.946,0.841
401560,0.926,0.82
401570,0.902,0.798
401580,0.876,0.775
401590,0.85,0.75
401600,0.822,0.724
401610,0.794,0.696
401620,0.766,0.667
401630,0.74,0.636
401640,0.712,0.604
401650,0.683,0.57
401660,0.653,0.535
401670,0.624,0.499
401680,0.593,0.462
401690,0.564,0.425
401700,0.534,0.388
401710,0.504,0.35
401720,0.473,0.314
401730,0.444,0.278
401740,0.416,0.244
401750,0.389,0.211
401760,0.358,0.18
401770,0.327,0.152
401780,0.298,0.126
401790,0.267,0.104
401800,0.239,0.084
401810,0.213,0.068
401820,0.186,0.055
401830,0.159,0.045
401840,0.139,0.039
401850,0.117,0.036
401860,0.102,0.037
401870,0.085,0.041
401880,0.075,0.048
401890,0.07,0.058
401900,0.075,0.071
401910,0.089,0.087
401920,0.122,0.105
401930,0.157,0.126
401940,0.194,0.149
401950,0.231,0.173
401960,0.259,0.2
401970,0.295,0.228
401980,0.325,0.256
401990,0.36,0.286
402000,0.394,0.317
402010,0.43,0.347
402020,0.465,0.377
402030,0.494,0.407
402040,0.528,0.436
402050,0.561,0.464
402060,0.595,0.49
402070,0.629,0.515
402080,0.66,0.537
402090,0.687,0.557
402100,0.716,0.574
402110,0.741,0.589
402120,0.763,0.6
402130,0.778,0.609
402140,0.788,0.615
402150,0.796,0.618
402160,0.799,0.617
402170,0.799,0.614
402180,0.793,0.609
402190,0.784,0.601
402200,0.766,0.591
402210,0.748,0.579
402220,0.73,0.564
402230,0.706,0.549
402240,0.68,0.533
402250,0.661,0.515
402260,0.644,0.497
402270,0.624,0.477
402280,0.6,0.456
402290,0.573,0.436
402300,0.549,0.415
402310,0.527,0.393
402320,0.508,0.371
402330,0.49,0.348
402340,0.468,0.325
402350,0.448,0.301
402360,0.425,0.277
402370,0.402,0.252
402380,0.378,0.227
402390,0.35,0.201
402400,0.326,0.175
402410,0.3,0.15
402420,0.273,0.124
402430,0.247,0.099
402440,0.218,0.075
402450,0.194,0.052
402460,0.167,0.031
402470,0.142,0.011
402480,0.117,-0.007
402490,0.095,-0.021
402500,0.071,-0.034
402510,0.051,-0.043
402520,0.031,-0.049
402530,0.016,-0.052
402540,0.003,-0.051
402550,-0.006,-0.046
402560,-0.011,-0.038
402570,-0.004,-0.026
402580,0.013,-0.01
402590,0.049,0.009
402600,0.09,0.032
402610,0.127,0.057
402620,0.166,0.086
402630,0.206,0.117
402640,0.243,0.15
402650,0.28,0.187
402660,0.316,0.224
402670,0.354,0.264
402680,0.394,0.305
402690,0.437,0.346
402700,0.482,0.389
402710,0.527,0.433
402720,0.578,0.477
402730,0.626,0.52
402740,0.681,0.564
402750,0.732,0.606
402760,0.784,0.648
402770,0.835,0.689
402780,0.881,0.728
402790,0.924,0.765
402800,0.968,0.8
402810,1.009,0.832
402820,1.044,0.862
402830,1.073,0.889
402840,1.098,0.913
402850,1.123,0.933
402860,1.144,0.95
402870,1.164,0.963
402880,1.183,0.974
402890,1.193,0.98
402900,1.205,0.984
402910,1.204,0.984
402920,1.201,0.982
402930,1.193,0.977
402940,1.182,0.969
402950,1.17,0.959
402960,1.154,0.947
402970,1.133,0.934
402980,1.116,0.918
402990,1.098,0.902
403000,1.081,0.885
403010,1.055,0.866
403020,1.029,0.846
403030,1.006,0.826
403040,0.983,0.804
403050,0.963,0.782
403060,0.937,0.758
403070,0.914,0.733
403080,0.887,0.707
403090,0.859,0.68
403100,0.832,0.651
403110,0.804,0.62
403120,0.775,0.589
403130,0.744,0.555
403140,0.713,0.52
403150,0.681,0.485
403160,0.649,0.448
403170,0.618,0.41
403180,0.588,0.372
403190,0.557,0.333
403200,0.527,0.294
403210,0.498,0.257
403220,0.467,0.22
403230,0.438,0.185
403240,0.408,0.152
403250,0.378,0.121
403260,0.347,0.093
403270,0.318,0.067
403280,0.289,0.045
403290,0.262,0.027
403300,0.233,0.013
403310,0.208,0.002
403320,0.184,-0.005
403330,0.164,-0.008
403340,0.147,-0.006
403350,0.135,-0.001
403360,0.125,0.008
403370,0.128,0.02
403380,0.138,0.037
403390,0.158,0.056
403400,0.19,0.079
403410,0.223,0.104
403420,0.258,0.132
403430,0.289,0.163
403440,0.326,0.196
403450,0.363,0.23
403460,0.401,0.266
403470,0.438,0.303
403480,0.478,0.341
403490,0.515,0.379
403500,0.554,0.418
403510,0.592,0.456
403520,0.629,0.493
403530,0.665,0.53
403540,0.705,0.564
403550,0.741,0.597
403560,0.779,0.627
403570,0.811,0.654
403580,0.842,0.679
403590,0.868,0.7
403600,0.892,0.718
403610,0.911,0.732
403620,0.924,0.743
403630,0.937,0.749
403640,0.939,0.752
403650,0.942,0.752
403660,0.937,0.748
403670,0.928,0.741
403680,0.91,0.731
403690,0.885,0.719
403700,0.855,0.704
403710,0.828,0.687
403720,0.805,0.668
403730,0.786,0.648
403740,0.768,0.627
403750,0.747,0.604
403760,0.725,0.582
403770,0.699,0.558
403780,0.677,0.533
403790,0.655,0.508
403800,0.631,0.483
403810,0.606,0.457
403820,0.585,0.431
403830,0.565,0.404
403840,0.542,0.376
403850,0.517,0.348
403860,0.493,0.32
403870,0.467,0.29
403880,0.44,0.261
403890,0.411,0.231
403900,0.385,0.201
403910,0.359,0.171
403920,0.332,0.141
403930,0.307,0.112
403940,0.279,0.084
403950,0.25,0.057
403960,0.222,0.033
403970,0.193,0.01
403980,0.165,-0.01
403990,0.136,-0.026
404000,0.11,-0.04
404010,0.086,-0.05
404020,0.064,-0.056
404030,0.046,-0.059
404040,0.028,-0.057
404050,0.012,-0.052
404060,0.001,-0.041
404070,0,-0.028
404080,0.012,-0.01
404090,0.042,0.011
404100,0.089,0.036
404110,0.13,0.065
404120,0.172,0.096
404130,0.212,0.13
404140,0.25,0.166
404150,0.289,0.205
404160,0.327,0.246
404170,0.37,0.288
404180,0.415,0.332
404190,0.458,0.376
404200,0.503,0.421
404210,0.549,0.466
404220,0.598,0.511
404230,0.647,0.556
404240,0.697,0.601
404250,0.749,0.644
404260,0.798,0.685
404270,0.847,0.725
404280,0.895,0.763
404290,0.938,0.798
404300,0.976,0.83
404310,1.014,0.859
404320,1.045,0.885
404330,1.074,0.908
404340,1.095,0.926
404350,1.113,0.941
404360,1.127,0.952
404370,1.139,0.959
404380,1.144,0.962
404390,1.147,0.962
404400,1.146,0.958
404410,1.139,0.951
404420,1.125,0.942
404430,1.101,0.929
404440,1.071,0.915
404450,1.042,0.899
404460,1.017,0.881
404470,0.999,0.862
404480,0.981,0.841
404490,0.958,0.82
404500,0.934,0.798
404510,0.906,0.776
404520,0.882,0.752
404530,0.86,0.729
404540,0.835,0.704
404550,0.811,0.679
404560,0.783,0.653
404570,0.757,0.625
404580,0.73,0.597
404590,0.702,0.567
404600,0.673,0.537
404610,0.642,0.504
404620,0.612,0.471
404630,0.583,0.435
404640,0.554,0.399
404650,0.524,0.362
404660,0.494,0.324
404670,0.464,0.287
404680,0.434,0.249
404690,0.403,0.211
404700,0.373,0.174
404710,0.342,0.139
404720,0.312,0.106
404730,0.282,0.074
404740,0.251,0.046
404750,0.22,0.021
404760,0.191,0
404770,0.161,-0.018
404780,0.133,-0.032
404790,0.106,-0.041
404800,0.083,-0.046
404810,0.061,-0.047
404820,0.047,-0.043
404830,0.039,-0.034
404840,0.04,-0.022
404850,0.053,-0.005
404860,0.08,0.016
404870,0.121,0.04
404880,0.16,0.068
404890,0.197,0.099
404900,0.235,0.132
404910,0.272,0.169
404920,0.307,0.209
404930,0.343,0.249
404940,0.383,0.292
404950,0.424,0.336
404960,0.467,0.38
404970,0.51,0.426
404980,0.554,0.471
404990,0.6,0.516
405000,0.645,0.561
405010,0.688,0.603
405020,0.729,0.644
405030,0.77,0.683
405040,0.808,0.72
405050,0.844,0.753
405060,0.875,0.783
405070,0.905,0.809
405080,0.931,0.831
405090,0.955,0.849
405100,0.976,0.863
405110,0.993,0.873
405120,1.002,0.878
405130,1.006,0.879
405140,1.006,0.876
405150,0.998,0.869
405160,0.983,0.858
405170,0.964,0.845
405180,0.933,0.829
405190,0.9,0.81
405200,0.869,0.79
405210,0.841,0.767
405220,0.824,0.743
405230,0.808,0.719
405240,0.785,0.693
405250,0.761,0.666
405260,0.737,0.639
405270,0.717,0.612
405280,0.694,0.585
405290,0.671,0.556
405300,0.65,0.528
405310,0.624,0.499
405320,0.601,0.47
405330,0.577,0.44
405340,0.551,0.409
405350,0.524,0.377
405360,0.498,0.345
405370,0.472,0.313
405380,0.443,0.279
405390,0.414,0.246
405400,0.387,0.213
405410,0.357,0.18
405420,0.328,0.148
405430,0.297,0.117
405440,0.27,0.087
405450,0.24,0.06
405460,0.213,0.035
405470,0.185,0.012
405480,0.159,-0.007
405490,0.133,-0.023
405500,0.11,-0.034
405510,0.088,-0.042
405520,0.07,-0.046
405530,0.056,-0.045
405540,0.051,-0.04
405550,0.054,-0.031
405560,0.071,-0.017
405570,0.095,0
405580,0.131,0.022
405590,0.17,0.047
405600,0.205,0.075
405610,0.24,0.107
405620,0.278,0.141
405630,0.314,0.178
405640,0.35,0.217
405650,0.393,0.258
405660,0.437,0.3
405670,0.485,0.344
405680,0.533,0.388
405690,0.584,0.433
405700,0.633,0.478
405710,0.685,0.522
405720,0.736,0.567
405730,0.787,0.609
405740,0.839,0.651
405750,0.885,0.691
405760,0.93,0.728
405770,0.972,0.764
405780,1.01,0.797
405790,1.043,0.825
405800,1.07,0.851
405810,1.094,0.873
405820,1.118,0.891
405830,1.132,0.905
405840,1.147,0.915
405850,1.153,0.921
405860,1.155,0.922
405870,1.153,0.92
405880,1.145,0.914
405890,1.13,0.905
405900,1.11,0.893
405910,1.084,0.878
405920,1.052,0.86
405930,1.02,0.84
405940,0.992,0.819
405950,0.974,0.797
405960,0.956,0.773
405970,0.933,0.75
405980,0.91,0.725
405990,0.883,0.7
406000,0.858,0.675
406010,0.834,0.649
406020,0.809,0.623
406030,0.782,0.597
406040,0.756,0.571
406050,0.727,0.544
406060,0.701,0.516
406070,0.674,0.487
406080,0.647,0.457
406090,0.618,0.426
406100,0.589,0.393
406110,0.56,0.36
406120,0.533,0.326
406130,0.503,0.291
406140,0.476,0.254
406150,0.447,0.218
406160,0.415,0.182
406170,0.384,0.146
406180,0.351,0.112
406190,0.319,0.079
406200,0.289,0.047
406210,0.258,0.018
406220,0.228,-0.007
406230,0.198,-0.03
406240,0.17,-0.049
406250,0.142,-0.064
406260,0.114,-0.074
406270,0.091,-0.08
406280,0.069,-0.082
406290,0.05,-0.078
406300,0.038,-0.07
406310,0.038,-0.057
406320,0.049,-0.039
406330,0.08,-0.017
406340,0.123,0.008
406350,0.165,0.038
406360,0.201,0.072
406370,0.238,0.108
406380,0.274,0.148
406390,0.31,0.191
406400,0.347,0.235
406410,0.388,0.282
406420,0.43,0.33
406430,0.475,0.38
406440,0.522,0.43
406450,0.57,0.481
406460,0.62,0.531
406470,0.67,0.581
406480,0.716,0.63
406490,0.764,0.677
406500,0.81,0.723
406510,0.851,0.765
406520,0.891,0.805
406530,0.926,0.842
406540,0.959,0.875
406550,0.987,0.904
406560,1.014,0.929
406570,1.032,0.949
406580,1.048,0.965
406590,1.06,0.975
406600,1.071,0.981
406610,1.075,0.983
406620,1.069,0.98
406630,1.06,0.972
406640,1.047,0.961
406650,1.033,0.947
406660,1.007,0.929
406670,0.98,0.909
406680,0.951,0.887
406690,0.926,0.862
406700,0.909,0.837
406710,0.885,0.81
406720,0.864,0.782
406730,0.838,0.754
406740,0.815,0.726
406750,0.792,0.697
406760,0.769,0.668
406770,0.744,0.639
406780,0.719,0.61
406790,0.694,0.579
406800,0.665,0.549
406810,0.641,0.518
406820,0.613,0.486
406830,0.586,0.454
406840,0.556,0.421
406850,0.532,0.387
406860,0.505,0.353
406870,0.48,0.318
406880,0.451,0.283
406890,0.423,0.248
406900,0.398,0.213
406910,0.368,0.18
406920,0.34,0.148
406930,0.312,0.117
406940,0.285,0.088
406950,0.256,0.063
406960,0.228,0.04
406970,0.2,0.02
406980,0.176,0.005
406990,0.154,-0.007
407000,0.134,-0.014
407010,0.117,-0.017
407020,0.101,-0.016
407030,0.096,-0.01
407040,0.095,0
407050,0.106,0.014
407060,0.136,0.032
407070,0.165,0.054
407080,0.205,0.079
407090,0.24,0.107
407100,0.276,0.139
407110,0.31,0.173
407120,0.349,0.209
407130,0.387,0.248
407140,0.428,0.287
407150,0.467,0.328
407160,0.512,0.37
407170,0.553,0.412
407180,0.6,0.455
407190,0.645,0.497
407200,0.69,0.539
407210,0.734,0.58
407220,,0.62
