# noosamunna Munna Point (Noosa R) | minutes since 2026-01-01 00:00 AEST, level m LAT, MSQ prediction m LAT
396000,0.521,0.647
396010,0.524,0.651
396020,0.533,0.654
396030,0.515,0.656
396040,0.517,0.657
396050,0.517,0.657
396060,0.519,0.656
396070,0.522,0.653
396080,0.5,0.65
396090,0.515,0.645
396100,0.502,0.64
396110,0.499,0.633
396120,0.495,0.626
396130,0.497,0.618
396140,0.487,0.609
396150,0.484,0.599
396160,0.472,0.589
396170,0.464,0.578
396180,0.461,0.567
396190,0.448,0.556
396200,0.439,0.545
396210,0.434,0.534
396220,0.427,0.523
396230,0.415,0.513
396240,0.404,0.504
396250,0.4,0.495
396260,0.389,0.488
396270,0.385,0.481
396280,0.377,0.475
396290,0.374,0.47
396300,0.365,0.466
396310,0.358,0.464
396320,0.354,0.461
396330,0.354,0.459
396340,0.345,0.458
396350,0.343,0.458
396360,0.34,0.457
396370,0.336,0.457
396380,0.334,0.457
396390,0.332,0.456
396400,0.332,0.456
396410,0.331,0.455
396420,0.329,0.455
396430,0.327,0.454
396440,0.326,0.454
396450,0.324,0.453
396460,0.324,0.453
396470,0.325,0.454
396480,0.322,0.455
396490,0.322,0.457
396500,0.323,0.46
396510,0.325,0.465
396520,0.328,0.472
396530,0.327,0.48
396540,0.331,0.49
396550,0.33,0.502
396560,0.335,0.516
396570,0.359,0.532
396580,0.359,0.55
396590,0.39,0.569
396600,0.397,0.59
396610,0.429,0.613
396620,0.468,0.637
396630,0.493,0.663
396640,0.516,0.689
396650,0.542,0.715
396660,0.555,0.742
396670,0.584,0.769
396680,0.601,0.795
396690,0.616,0.821
396700,0.633,0.847
396710,0.656,0.871
396720,0.674,0.894
396730,0.696,0.915
396740,0.706,0.935
396750,0.734,0.954
396760,0.752,0.971
396770,0.763,0.985
396780,0.769,0.998
396790,0.793,1.009
396800,0.807,1.017
396810,0.811,1.024
396820,0.818,1.028
396830,0.827,1.029
396840,0.832,1.029
396850,0.841,1.026
396860,0.838,1.021
396870,0.833,1.014
396880,0.837,1.005
396890,0.831,0.993
396900,0.815,0.98
396910,0.81,0.966
396920,0.782,0.95
396930,0.77,0.932
396940,0.752,0.914
396950,0.733,0.895
396960,0.713,0.875
396970,0.706,0.855
396980,0.675,0.835
396990,0.651,0.815
397000,0.614,0.796
397010,0.589,0.778
397020,0.556,0.76
397030,0.551,0.743
397040,0.536,0.726
397050,0.509,0.711
397060,0.505,0.697
397070,0.5,0.684
397080,0.487,0.671
397090,0.487,0.659
397100,0.471,0.648
397110,0.463,0.637
397120,0.454,0.627
397130,0.449,0.616
397140,0.436,0.606
397150,0.432,0.596
397160,0.409,0.585
397170,0.402,0.575
397180,0.395,0.565
397190,0.387,0.554
397200,0.38,0.544
397210,0.367,0.534
397220,0.362,0.524
397230,0.349,0.514
397240,0.346,0.505
397250,0.347,0.497
397260,0.342,0.489
397270,0.341,0.483
397280,0.339,0.477
397290,0.333,0.473
397300,0.335,0.47
397310,0.34,0.469
397320,0.337,0.468
397330,0.339,0.469
397340,0.338,0.472
397350,0.344,0.475
397360,0.346,0.48
397370,0.344,0.486
397380,0.349,0.492
397390,0.366,0.499
397400,0.366,0.507
397410,0.38,0.516
397420,0.38,0.524
397430,0.39,0.533
397440,0.391,0.541
397450,0.404,0.55
397460,0.411,0.558
397470,0.41,0.567
397480,0.412,0.574
397490,0.43,0.582
397500,0.449,0.589
397510,0.464,0.595
397520,0.464,0.601
397530,0.484,0.606
397540,0.472,0.61
397550,0.489,0.613
397560,0.488,0.616
397570,0.505,0.618
397580,0.477,0.619
397590,0.481,0.618
397600,0.496,0.617
397610,0.492,0.615
397620,0.477,0.612
397630,0.473,0.608
397640,0.481,0.603
397650,0.475,0.597
397660,0.467,0.59
397670,0.47,0.582
397680,0.463,0.574
397690,0.456,0.566
397700,0.449,0.557
397710,0.438,0.548
397720,0.439,0.539
397730,0.428,0.53
397740,0.417,0.521
397750,0.416,0.513
397760,0.402,0.506
397770,0.394,0.499
397780,0.388,0.492
397790,0.379,0.487
397800,0.372,0.482
397810,0.366,0.478
397820,0.358,0.474
397830,0.35,0.471
397840,0.343,0.468
397850,0.341,0.466
397860,0.339,0.464
397870,0.331,0.462
397880,0.328,0.46
397890,0.326,0.458
397900,0.323,0.456
397910,0.321,0.455
397920,0.317,0.453
397930,0.309,0.451
397940,0.312,0.449
397950,0.306,0.448
397960,0.302,0.446
397970,0.301,0.446
397980,0.297,0.446
397990,0.303,0.447
398000,0.302,0.449
398010,0.302,0.452
398020,0.31,0.457
398030,0.309,0.463
398040,0.305,0.471
398050,0.32,0.481
398060,0.318,0.492
398070,0.328,0.505
398080,0.341,0.52
398090,0.345,0.537
398100,0.385,0.556
398110,0.415,0.576
398120,0.424,0.597
398130,0.469,0.62
398140,0.475,0.643
398150,0.511,0.667
398160,0.517,0.693
398170,0.534,0.718
398180,0.554,0.743
398190,0.577,0.769
398200,0.586,0.794
398210,0.623,0.818
398220,0.633,0.842
398230,0.658,0.865
398240,0.687,0.887
398250,0.704,0.908
398260,0.745,0.927
398270,0.744,0.945
398280,0.769,0.961
398290,0.793,0.976
398300,0.805,0.988
398310,0.814,0.999
398320,0.83,1.007
398330,0.837,1.013
398340,0.84,1.017
398350,0.857,1.019
398360,0.865,1.018
398370,0.866,1.015
398380,0.886,1.01
398390,0.861,1.002
398400,0.877,0.993
398410,0.871,0.981
398420,0.866,0.968
398430,0.858,0.953
398440,0.831,0.937
398450,0.829,0.92
398460,0.801,0.902
398470,0.783,0.883
398480,0.756,0.863
398490,0.745,0.844
398500,0.725,0.824
398510,0.693,0.805
398520,0.665,0.787
398530,0.643,0.768
398540,0.632,0.75
398550,0.619,0.734
398560,0.583,0.717
398570,0.565,0.702
398580,0.545,0.687
398590,0.536,0.673
398600,0.519,0.659
398610,0.502,0.646
398620,0.493,0.634
398630,0.48,0.621
398640,0.476,0.609
398650,0.471,0.597
398660,0.452,0.584
398670,0.438,0.572
398680,0.428,0.56
398690,0.419,0.547
398700,0.408,0.535
398710,0.4,0.523
398720,0.39,0.511
398730,0.383,0.5
398740,0.374,0.489
398750,0.362,0.478
398760,0.359,0.469
398770,0.359,0.46
398780,0.349,0.452
398790,0.349,0.446
398800,0.347,0.44
398810,0.347,0.437
398820,0.349,0.434
398830,0.348,0.433
398840,0.353,0.433
398850,0.352,0.435
398860,0.341,0.438
398870,0.346,0.443
398880,0.35,0.448
398890,0.352,0.455
398900,0.354,0.463
398910,0.372,0.471
398920,0.377,0.48
398930,0.383,0.49
398940,0.405,0.501
398950,0.416,0.511
398960,0.425,0.522
398970,0.434,0.533
398980,0.442,0.544
398990,0.461,0.555
399000,0.472,0.566
399010,0.478,0.576
399020,0.502,0.586
399030,0.517,0.595
399040,0.505,0.604
399050,0.522,0.612
399060,0.521,0.619
399070,0.534,0.625
399080,0.536,0.631
399090,0.547,0.635
399100,0.539,0.637
399110,0.552,0.639
399120,0.55,0.639
399130,0.546,0.638
399140,0.548,0.635
399150,0.554,0.631
399160,0.548,0.626
399170,0.532,0.62
399180,0.538,0.613
399190,0.508,0.604
399200,0.513,0.596
399210,0.5,0.586
399220,0.479,0.576
399230,0.467,0.566
399240,0.459,0.555
399250,0.453,0.545
399260,0.442,0.535
399270,0.432,0.525
399280,0.424,0.516
399290,0.415,0.508
399300,0.408,0.5
399310,0.403,0.493
399320,0.385,0.486
399330,0.379,0.48
399340,0.366,0.475
399350,0.361,0.47
399360,0.359,0.466
399370,0.34,0.461
399380,0.333,0.457
399390,0.329,0.454
399400,0.321,0.45
399410,0.316,0.446
399420,0.318,0.442
399430,0.314,0.439
399440,0.311,0.435
399450,0.297,0.432
399460,0.302,0.429
399470,0.309,0.426
399480,0.299,0.424
399490,0.317,0.423
399500,0.296,0.423
399510,0.294,0.424
399520,0.289,0.426
399530,0.295,0.43
399540,0.298,0.435
399550,0.293,0.443
399560,0.3,0.452
399570,0.314,0.463
399580,0.303,0.477
399590,0.323,0.492
399600,0.346,0.509
399610,0.362,0.528
399620,0.381,0.549
399630,0.404,0.571
399640,0.423,0.595
399650,0.459,0.62
399660,0.482,0.646
399670,0.501,0.673
399680,0.533,0.7
399690,0.548,0.727
399700,0.567,0.755
399710,0.597,0.782
399720,0.605,0.809
399730,0.639,0.836
399740,0.662,0.861
399750,0.691,0.885
399760,0.699,0.909
399770,0.733,0.931
399780,0.755,0.951
399790,0.777,0.969
399800,0.806,0.986
399810,0.826,1.001
399820,0.844,1.013
399830,0.853,1.023
399840,0.879,1.031
399850,0.889,1.035
399860,0.909,1.038
399870,0.913,1.037
399880,0.905,1.034
399890,0.911,1.029
399900,0.924,1.021
399910,0.911,1.01
399920,0.902,0.997
399930,0.884,0.982
399940,0.875,0.965
399950,0.875,0.947
399960,0.845,0.927
399970,0.828,0.906
399980,0.809,0.885
399990,0.777,0.863
400000,0.757,0.841
400010,0.713,0.818
400020,0.686,0.796
400030,0.664,0.775
400040,0.628,0.755
400050,0.607,0.735
400060,0.581,0.716
400070,0.567,0.698
400080,0.548,0.681
400090,0.53,0.665
400100,0.52,0.649
400110,0.508,0.634
400120,0.493,0.62
400130,0.488,0.606
400140,0.473,0.592
400150,0.46,0.579
400160,0.452,0.566
400170,0.443,0.552
400180,0.429,0.539
400190,0.421,0.526
400200,0.41,0.512
400210,0.386,0.499
400220,0.385,0.486
400230,0.38,0.473
400240,0.369,0.461
400250,0.356,0.449
400260,0.351,0.438
400270,0.346,0.428
400280,0.343,0.42
400290,0.339,0.412
400300,0.336,0.406
400310,0.332,0.402
400320,0.328,0.4
400330,0.333,0.399
400340,0.331,0.4
400350,0.33,0.403
400360,0.329,0.407
400370,0.335,0.413
400380,0.336,0.421
400390,0.341,0.43
400400,0.34,0.441
400410,0.348,0.453
400420,0.355,0.465
400430,0.376,0.479
400440,0.367,0.493
400450,0.384,0.508
400460,0.407,0.523
400470,0.421,0.539
400480,0.438,0.555
400490,0.447,0.57
400500,0.487,0.585
400510,0.505,0.601
400520,0.527,0.615
400530,0.538,0.629
400540,0.539,0.643
400550,0.556,0.655
400560,0.578,0.666
400570,0.57,0.676
400580,0.579,0.685
400590,0.578,0.692
400600,0.575,0.697
400610,0.584,0.701
400620,0.585,0.703
400630,0.579,0.703
400640,0.577,0.701
400650,0.58,0.697
400660,0.576,0.691
400670,0.588,0.683
400680,0.58,0.674
400690,0.563,0.663
400700,0.549,0.651
400710,0.547,0.638
400720,0.518,0.624
400730,0.489,0.61
400740,0.493,0.596
400750,0.471,0.581
400760,0.463,0.567
400770,0.451,0.553
400780,0.433,0.54
400790,0.433,0.527
400800,0.42,0.516
400810,0.42,0.505
400820,0.407,0.495
400830,0.389,0.486
400840,0.382,0.478
400850,0.378,0.471
400860,0.369,0.464
400870,0.359,0.458
400880,0.348,0.452
400890,0.341,0.446
400900,0.341,0.44
400910,0.334,0.434
400920,0.32,0.429
400930,0.319,0.423
400940,0.319,0.417
400950,0.314,0.412
400960,0.31,0.407
400970,0.308,0.402
400980,0.301,0.397
400990,0.299,0.394
401000,0.296,0.392
401010,0.293,0.391
401020,0.289,0.392
401030,0.294,0.394
401040,0.295,0.399
401050,0.302,0.405
401060,0.3,0.414
401070,0.297,0.425
401080,0.3,0.439
401090,0.301,0.455
401100,0.314,0.473
401110,0.321,0.494
401120,0.338,0.516
401130,0.373,0.54
401140,0.399,0.567
401150,0.426,0.594
401160,0.466,0.623
401170,0.461,0.653
401180,0.496,0.683
401190,0.541,0.714
401200,0.55,0.745
401210,0.581,0.776
401220,0.606,0.806
401230,0.625,0.836
401240,0.665,0.865
401250,0.698,0.893
401260,0.724,0.92
401270,0.751,0.945
401280,0.781,0.968
401290,0.799,0.99
401300,0.835,1.009
401310,0.852,1.026
401320,0.869,1.04
401330,0.884,1.052
401340,0.913,1.061
401350,0.912,1.066
401360,0.924,1.069
401370,0.929,1.068
401380,0.935,1.064
401390,0.94,1.056
401400,0.928,1.046
401410,0.933,1.033
401420,0.917,1.017
401430,0.911,0.998
401440,0.896,0.977
401450,0.871,0.955
401460,0.848,0.93
401470,0.812,0.905
401480,0.812,0.879
401490,0.772,0.853
401500,0.735,0.827
401510,0.698,0.801
401520,0.654,0.776
401530,0.617,0.752
401540,0.596,0.729
401550,0.58,0.707
401560,0.555,0.687
401570,0.541,0.667
401580,0.523,0.65
401590,0.513,0.633
401600,0.503,0.617
401610,0.496,0.602
401620,0.476,0.588
401630,0.472,0.574
401640,0.461,0.561
401650,0.451,0.548
401660,0.436,0.534
401670,0.429,0.521
401680,0.42,0.507
401690,0.409,0.494
401700,0.396,0.48
401710,0.385,0.466
401720,0.372,0.453
401730,0.37,0.44
401740,0.363,0.428
401750,0.358,0.416
401760,0.351,0.406
401770,0.348,0.397
401780,0.347,0.389
401790,0.342,0.383
401800,0.333,0.38
401810,0.334,0.377
401820,0.331,0.378
401830,0.332,0.38
401840,0.333,0.384
401850,0.345,0.391
401860,0.332,0.399
401870,0.337,0.41
401880,0.331,0.422
401890,0.338,0.436
401900,0.347,0.451
401910,0.349,0.468
401920,0.354,0.486
401930,0.376,0.504
401940,0.379,0.524
401950,0.419,0.544
401960,0.45,0.565
401970,0.481,0.585
401980,0.493,0.606
401990,0.529,0.627
402000,0.546,0.647
402010,0.56,0.667
402020,0.587,0.687
402030,0.603,0.705
402040,0.603,0.722
402050,0.623,0.738
402060,0.629,0.752
402070,0.637,0.765
402080,0.648,0.775
402090,0.659,0.783
402100,0.663,0.789
402110,0.668,0.792
402120,0.667,0.793
402130,0.675,0.791
402140,0.675,0.786
402150,0.673,0.779
402160,0.673,0.769
402170,0.667,0.756
402180,0.66,0.742
402190,0.644,0.726
402200,0.62,0.709
402210,0.599,0.69
402220,0.574,0.671
402230,0.552,0.651
402240,0.524,0.632
402250,0.507,0.612
402260,0.489,0.593
402270,0.475,0.575
402280,0.461,0.558
402290,0.457,0.542
402300,0.453,0.528
402310,0.431,0.515
402320,0.432,0.503
402330,0.427,0.492
402340,0.416,0.482
402350,0.401,0.473
402360,0.38,0.465
402370,0.372,0.457
402380,0.359,0.449
402390,0.347,0.441
402400,0.337,0.434
402410,0.32,0.426
402420,0.322,0.418
402430,0.309,0.411
402440,0.309,0.403
402450,0.305,0.395
402460,0.302,0.388
402470,0.292,0.382
402480,0.304,0.376
402490,0.294,0.372
402500,0.292,0.369
402510,0.299,0.367
402520,0.286,0.368
402530,0.292,0.371
402540,0.279,0.376
402550,0.29,0.384
402560,0.292,0.395
402570,0.272,0.409
402580,0.293,0.424
402590,0.304,0.443
402600,0.311,0.464
402610,0.331,0.487
402620,0.354,0.513
402630,0.382,0.54
402640,0.409,0.569
402650,0.452,0.6
402660,0.476,0.632
402670,0.505,0.664
402680,0.54,0.698
402690,0.563,0.731
402700,0.591,0.765
402710,0.614,0.798
402720,0.647,0.831
402730,0.675,0.863
402740,0.709,0.894
402750,0.741,0.924
402760,0.768,0.952
402770,0.797,0.979
402780,0.816,1.003
402790,0.846,1.025
402800,0.873,1.044
402810,0.882,1.06
402820,0.915,1.073
402830,0.931,1.083
402840,0.937,1.088
402850,0.953,1.091
402860,0.952,1.089
402870,0.964,1.084
402880,0.961,1.075
402890,0.96,1.062
402900,0.962,1.046
402910,0.936,1.026
402920,0.932,1.004
402930,0.909,0.979
402940,0.892,0.953
402950,0.856,0.925
402960,0.828,0.895
402970,0.794,0.866
402980,0.763,0.836
402990,0.71,0.806
403000,0.681,0.777
403010,0.657,0.75
403020,0.62,0.723
403030,0.587,0.699
403040,0.57,0.676
403050,0.548,0.654
403060,0.535,0.635
403070,0.525,0.617
403080,0.509,0.601
403090,0.497,0.586
403100,0.485,0.572
403110,0.473,0.558
403120,0.465,0.545
403130,0.45,0.533
403140,0.44,0.521
403150,0.419,0.509
403160,0.421,0.496
403170,0.399,0.484
403180,0.388,0.471
403190,0.38,0.458
403200,0.373,0.446
403210,0.361,0.433
403220,0.353,0.421
403230,0.348,0.41
403240,0.344,0.399
403250,0.337,0.39
403260,0.335,0.382
403270,0.327,0.376
403280,0.326,0.372
403290,0.321,0.37
403300,0.312,0.371
403310,0.322,0.373
403320,0.317,0.378
403330,0.315,0.386
403340,0.32,0.395
403350,0.315,0.407
403360,0.323,0.422
403370,0.329,0.438
403380,0.338,0.456
403390,0.363,0.475
403400,0.381,0.496
403410,0.414,0.519
403420,0.439,0.543
403430,0.477,0.567
403440,0.499,0.592
403450,0.524,0.618
403460,0.555,0.644
403470,0.584,0.67
403480,0.6,0.696
403490,0.622,0.722
403500,0.646,0.746
403510,0.656,0.77
403520,0.676,0.793
403530,0.699,0.814
403540,0.708,0.833
403550,0.73,0.85
403560,0.74,0.864
403570,0.752,0.876
403580,0.768,0.886
403590,0.776,0.891
403600,0.785,0.894
403610,0.792,0.893
403620,0.792,0.889
403630,0.793,0.882
403640,0.789,0.871
403650,0.785,0.857
403660,0.769,0.841
403670,0.753,0.822
403680,0.733,0.801
403690,0.707,0.778
403700,0.672,0.755
403710,0.651,0.73
403720,0.611,0.706
403730,0.578,0.681
403740,0.561,0.658
403750,0.541,0.634
403760,0.523,0.613
403770,0.507,0.592
403780,0.493,0.573
403790,0.483,0.556
403800,0.479,0.54
403810,0.463,0.526
403820,0.449,0.513
403830,0.449,0.502
403840,0.433,0.49
403850,0.424,0.48
403860,0.411,0.471
403870,0.398,0.461
403880,0.387,0.452
403890,0.371,0.443
403900,0.361,0.434
403910,0.344,0.425
403920,0.352,0.416
403930,0.345,0.406
403940,0.341,0.397
403950,0.336,0.389
403960,0.339,0.381
403970,0.331,0.375
403980,0.336,0.369
403990,0.329,0.366
404000,0.328,0.364
404010,0.325,0.364
404020,0.327,0.367
404030,0.328,0.372
404040,0.327,0.38
404050,0.328,0.39
404060,0.33,0.404
404070,0.334,0.421
404080,0.338,0.439
404090,0.348,0.461
404100,0.356,0.485
404110,0.388,0.511
404120,0.412,0.54
404130,0.447,0.57
404140,0.481,0.601
404150,0.5,0.634
404160,0.536,0.668
404170,0.569,0.702
404180,0.596,0.737
404190,0.619,0.771
404200,0.645,0.805
404210,0.67,0.84
404220,0.71,0.873
404230,0.727,0.905
404240,0.757,0.935
404250,0.79,0.964
404260,0.819,0.991
404270,0.841,1.015
404280,0.861,1.036
404290,0.885,1.054
404300,0.906,1.069
404310,0.923,1.08
404320,0.94,1.088
404330,0.948,1.091
404340,0.951,1.09
404350,0.947,1.085
404360,0.946,1.076
404370,0.934,1.063
404380,0.924,1.046
404390,0.908,1.026
404400,0.887,1.002
404410,0.876,0.976
404420,0.854,0.947
404430,0.832,0.917
404440,0.805,0.885
404450,0.762,0.853
404460,0.722,0.821
404470,0.695,0.789
404480,0.66,0.759
404490,0.63,0.729
404500,0.603,0.701
404510,0.579,0.675
404520,0.559,0.651
404530,0.544,0.629
404540,0.53,0.609
404550,0.522,0.591
404560,0.517,0.574
404570,0.5,0.56
404580,0.493,0.547
404590,0.48,0.535
404600,0.47,0.524
404610,0.461,0.513
404620,0.45,0.502
404630,0.439,0.492
404640,0.429,0.482
404650,0.416,0.471
404660,0.409,0.46
404670,0.402,0.45
404680,0.394,0.439
404690,0.388,0.428
404700,0.383,0.417
404710,0.378,0.408
404720,0.374,0.398
404730,0.372,0.391
404740,0.369,0.384
404750,0.365,0.379
404760,0.366,0.376
404770,0.363,0.375
404780,0.363,0.376
404790,0.361,0.379
404800,0.362,0.386
404810,0.361,0.395
404820,0.362,0.406
404830,0.365,0.419
404840,0.37,0.435
404850,0.373,0.453
404860,0.382,0.474
404870,0.392,0.497
404880,0.41,0.521
404890,0.429,0.547
404900,0.458,0.574
404910,0.497,0.602
404920,0.525,0.632
404930,0.554,0.662
404940,0.59,0.692
404950,0.608,0.723
404960,0.64,0.753
404970,0.659,0.783
404980,0.682,0.813
404990,0.704,0.841
405000,0.722,0.868
405010,0.744,0.893
405020,0.755,0.916
405030,0.777,0.937
405040,0.791,0.954
405050,0.804,0.969
405060,0.82,0.98
405070,0.824,0.988
405080,0.834,0.991
405090,0.842,0.991
405100,0.844,0.987
405110,0.842,0.979
405120,0.844,0.968
405130,0.831,0.952
405140,0.814,0.934
405150,0.804,0.913
405160,0.782,0.889
405170,0.746,0.864
405180,0.723,0.837
405190,0.668,0.809
405200,0.652,0.781
405210,0.612,0.752
405220,0.579,0.725
405230,0.558,0.698
405240,0.545,0.672
405250,0.523,0.649
405260,0.512,0.626
405270,0.5,0.605
405280,0.497,0.586
405290,0.488,0.569
405300,0.476,0.553
405310,0.462,0.539
405320,0.455,0.526
405330,0.436,0.514
405340,0.428,0.503
405350,0.418,0.492
405360,0.406,0.482
405370,0.396,0.472
405380,0.389,0.461
405390,0.395,0.451
405400,0.381,0.441
405410,0.375,0.431
405420,0.372,0.422
405430,0.364,0.412
405440,0.362,0.404
405450,0.362,0.396
405460,0.357,0.389
405470,0.362,0.384
405480,0.36,0.38
405490,0.367,0.379
405500,0.359,0.38
405510,0.364,0.383
405520,0.362,0.388
405530,0.362,0.397
405540,0.369,0.408
405550,0.367,0.422
405560,0.38,0.438
405570,0.387,0.458
405580,0.398,0.479
405590,0.419,0.503
405600,0.445,0.529
405610,0.475,0.557
405620,0.507,0.587
405630,0.54,0.618
405640,0.578,0.651
405650,0.606,0.684
405660,0.638,0.717
405670,0.671,0.752
405680,0.696,0.785
405690,0.742,0.819
405700,0.762,0.852
405710,0.796,0.883
405720,0.817,0.914
405730,0.843,0.942
405740,0.865,0.969
405750,0.89,0.993
405760,0.901,1.014
405770,0.933,1.032
405780,0.951,1.046
405790,0.95,1.057
405800,0.969,1.063
405810,0.965,1.066
405820,0.975,1.064
405830,0.972,1.059
405840,0.974,1.049
405850,0.953,1.035
405860,0.95,1.017
405870,0.933,0.995
405880,0.923,0.971
405890,0.895,0.944
405900,0.861,0.915
405910,0.836,0.884
405920,0.792,0.852
405930,0.759,0.819
405940,0.727,0.787
405950,0.685,0.755
405960,0.656,0.724
405970,0.619,0.694
405980,0.601,0.667
405990,0.581,0.641
406000,0.561,0.617
406010,0.544,0.596
406020,0.54,0.576
406030,0.535,0.559
406040,0.521,0.544
406050,0.506,0.531
406060,0.499,0.519
406070,0.482,0.509
406080,0.474,0.499
406090,0.469,0.49
406100,0.45,0.482
406110,0.438,0.474
406120,0.423,0.466
406130,0.417,0.458
406140,0.416,0.45
406150,0.405,0.441
406160,0.399,0.433
406170,0.391,0.425
406180,0.39,0.417
406190,0.384,0.409
406200,0.381,0.402
406210,0.381,0.396
406220,0.374,0.392
406230,0.366,0.388
406240,0.369,0.387
406250,0.371,0.387
406260,0.365,0.39
406270,0.37,0.395
406280,0.367,0.403
406290,0.37,0.412
406300,0.373,0.425
406310,0.375,0.44
406320,0.387,0.458
406330,0.381,0.478
406340,0.401,0.501
406350,0.411,0.525
406360,0.443,0.552
406370,0.466,0.58
406380,0.488,0.61
406390,0.54,0.642
406400,0.57,0.675
406410,0.598,0.708
406420,0.635,0.742
406430,0.666,0.776
406440,0.689,0.81
406450,0.71,0.844
406460,0.733,0.876
406470,0.757,0.908
406480,0.779,0.938
406490,0.813,0.965
406500,0.827,0.99
406510,0.844,1.013
406520,0.871,1.032
406530,0.883,1.048
406540,0.894,1.06
406550,0.898,1.068
406560,0.896,1.072
406570,0.905,1.072
406580,0.899,1.067
406590,0.901,1.058
406600,0.896,1.046
406610,0.884,1.03
406620,0.87,1.01
406630,0.863,0.987
406640,0.838,0.962
406650,0.811,0.935
406660,0.793,0.906
406670,0.749,0.876
406680,0.707,0.846
406690,0.686,0.816
406700,0.644,0.786
406710,0.632,0.757
406720,0.607,0.729
406730,0.575,0.703
406740,0.56,0.678
406750,0.553,0.655
406760,0.531,0.634
406770,0.535,0.614
406780,0.513,0.596
406790,0.513,0.58
406800,0.496,0.565
406810,0.49,0.551
406820,0.473,0.539
406830,0.455,0.527
406840,0.443,0.515
406850,0.431,0.504
406860,0.424,0.493
406870,0.413,0.483
406880,0.407,0.472
406890,0.4,0.462
406900,0.39,0.452
406910,0.393,0.443
406920,0.384,0.434
406930,0.384,0.426
406940,0.369,0.419
406950,0.379,0.413
406960,0.367,0.409
406970,0.372,0.406
406980,0.368,0.406
406990,0.372,0.407
407000,0.374,0.411
407010,0.378,0.418
407020,0.372,0.426
407030,0.385,0.437
407040,0.385,0.451
407050,0.398,0.468
407060,0.411,0.486
407070,0.42,0.508
407080,0.437,0.531
407090,0.471,0.556
407100,0.491,0.583
407110,0.526,0.611
407120,0.555,0.64
407130,0.592,0.671
407140,0.626,0.702
407150,0.662,0.734
407160,0.674,0.765
407170,0.711,0.796
407180,0.732,0.827
407190,0.74,0.856
407200,0.77,0.885
407210,0.788,0.911
407220,0.808,0.935
407230,0.83,0.956
407240,0.846,0.975
407250,0.867,0.991
407260,0.868,1.003
407270,0.875,1.011
407280,0.89,1.016
407290,0.897,1.017
407300,0.901,1.014
407310,0.898,1.006
407320,0.888,0.995
407330,0.878,0.981
407340,0.861,0.962
407350,0.842,0.941
407360,0.82,0.917
407370,0.8,0.89
407380,0.764,0.861
407390,0.724,0.831
407400,0.695,0.801
407410,0.675,0.77
407420,0.639,0.739
407430,0.611,0.709
407440,0.588,0.68
407450,0.569,0.652
407460,0.555,0.627
407470,0.54,0.603
407480,0.532,0.581
407490,0.519,0.562
407500,0.509,0.544
407510,0.5,0.529
407520,0.488,0.516
407530,0.472,0.504
407540,0.456,0.494
407550,0.454,0.485
407560,0.443,0.477
407570,0.436,0.471
407580,0.425,0.464
407590,0.418,0.458
407600,0.407,0.452
407610,0.402,0.447
407620,0.401,0.441
407630,0.387,0.435
407640,0.389,0.429
407650,0.386,0.423
407660,0.387,0.418
407670,0.383,0.413
407680,0.383,0.409
407690,0.38,0.405
407700,0.372,0.402
407710,0.379,0.401
407720,0.378,0.402
407730,0.377,0.404
407740,0.378,0.408
407750,0.377,0.415
407760,,0.423
