# donnybrook Donnybrook (Pumicestone Passage) | minutes since 2026-01-01 00:00 AEST, level m LAT, MSQ prediction m LAT
396000,1.023,1.076
396010,1.055,1.109
396020,1.085,1.141
396030,1.115,1.17
396040,1.144,1.2
396050,1.174,1.228
396060,1.202,1.253
396070,1.228,1.277
396080,1.254,1.299
396090,1.28,1.319
396100,1.303,1.337
396110,1.319,1.352
396120,1.333,1.363
396130,1.346,1.372
396140,1.36,1.378
396150,1.363,1.38
396160,1.359,1.379
396170,1.357,1.374
396180,1.354,1.366
396190,1.339,1.354
396200,1.314,1.339
396210,1.294,1.32
396220,1.276,1.299
396230,1.256,1.276
396240,1.231,1.251
396250,1.206,1.223
396260,1.175,1.194
396270,1.143,1.163
396280,1.115,1.131
396290,1.08,1.098
396300,1.043,1.063
396310,1.007,1.028
396320,0.973,0.991
396330,0.937,0.954
396340,0.899,0.917
396350,0.862,0.878
396360,0.826,0.84
396370,0.789,0.802
396380,0.752,0.765
396390,0.714,0.728
396400,0.68,0.695
396410,0.642,0.661
396420,0.609,0.63
396430,0.573,0.602
396440,0.539,0.575
396450,0.506,0.552
396460,0.474,0.532
396470,0.444,0.516
396480,0.421,0.503
396490,0.4,0.495
396500,0.388,0.491
396510,0.382,0.493
396520,0.379,0.5
396530,0.398,0.512
396540,0.422,0.528
396550,0.446,0.55
396560,0.471,0.576
396570,0.506,0.605
396580,0.548,0.637
396590,0.584,0.672
396600,0.625,0.71
396610,0.666,0.749
396620,0.711,0.79
396630,0.759,0.832
396640,0.799,0.875
396650,0.84,0.918
396660,0.88,0.963
396670,0.922,1.008
396680,0.972,1.053
396690,1.012,1.099
396700,1.053,1.145
396710,1.098,1.191
396720,1.14,1.236
396730,1.188,1.283
396740,1.236,1.327
396750,1.284,1.373
396760,1.331,1.418
396770,1.38,1.462
396780,1.435,1.507
396790,1.479,1.552
396800,1.525,1.596
396810,1.567,1.639
396820,1.615,1.683
396830,1.656,1.725
396840,1.697,1.766
396850,1.735,1.806
396860,1.773,1.842
396870,1.81,1.876
396880,1.839,1.907
396890,1.868,1.934
396900,1.894,1.957
396910,1.92,1.975
396920,1.941,1.987
396930,1.948,1.995
396940,1.95,1.998
396950,1.957,1.997
396960,1.958,1.99
396970,1.947,1.979
396980,1.929,1.964
396990,1.908,1.946
397000,1.885,1.924
397010,1.856,1.9
397020,1.829,1.873
397030,1.794,1.843
397040,1.76,1.811
397050,1.719,1.778
397060,1.677,1.743
397070,1.633,1.707
397080,1.588,1.669
397090,1.547,1.63
397100,1.503,1.59
397110,1.458,1.55
397120,1.414,1.509
397130,1.371,1.467
397140,1.327,1.426
397150,1.285,1.383
397160,1.242,1.34
397170,1.201,1.298
397180,1.159,1.254
397190,1.118,1.209
397200,1.078,1.166
397210,1.035,1.122
397220,0.994,1.078
397230,0.952,1.036
397240,0.911,0.994
397250,0.871,0.953
397260,0.829,0.916
397270,0.792,0.881
397280,0.752,0.849
397290,0.718,0.82
397300,0.684,0.794
397310,0.651,0.771
397320,0.626,0.752
397330,0.598,0.737
397340,0.576,0.726
397350,0.56,0.719
397360,0.548,0.715
397370,0.55,0.716
397380,0.556,0.72
397390,0.571,0.728
397400,0.586,0.74
397410,0.608,0.755
397420,0.63,0.773
397430,0.661,0.795
397440,0.694,0.817
397450,0.726,0.842
397460,0.76,0.868
397470,0.793,0.895
397480,0.825,0.922
397490,0.86,0.95
397500,0.893,0.977
397510,0.924,1.003
397520,0.952,1.03
397530,0.984,1.056
397540,1.016,1.082
397550,1.043,1.108
397560,1.067,1.132
397570,1.094,1.156
397580,1.123,1.18
397590,1.15,1.202
397600,1.171,1.223
397610,1.193,1.243
397620,1.218,1.261
397630,1.241,1.277
397640,1.259,1.291
397650,1.271,1.302
397660,1.284,1.31
397670,1.299,1.316
397680,1.305,1.318
397690,1.301,1.317
397700,1.296,1.314
397710,1.293,1.307
397720,1.288,1.297
397730,1.276,1.285
397740,1.257,1.27
397750,1.24,1.253
397760,1.219,1.233
397770,1.199,1.211
397780,1.173,1.188
397790,1.145,1.161
397800,1.116,1.132
397810,1.088,1.102
397820,1.054,1.07
397830,1.017,1.037
397840,0.983,1.003
397850,0.947,0.968
397860,0.913,0.933
397870,0.878,0.899
397880,0.845,0.864
397890,0.809,0.831
397900,0.771,0.799
397910,0.735,0.769
397920,0.703,0.739
397930,0.669,0.712
397940,0.634,0.687
397950,0.599,0.664
397960,0.566,0.643
397970,0.537,0.626
397980,0.51,0.611
397990,0.483,0.599
398000,0.462,0.591
398010,0.444,0.586
398020,0.429,0.585
398030,0.425,0.587
398040,0.425,0.593
398050,0.426,0.602
398060,0.438,0.614
398070,0.464,0.629
398080,0.495,0.647
398090,0.522,0.667
398100,0.555,0.691
398110,0.586,0.718
398120,0.624,0.746
398130,0.666,0.778
398140,0.708,0.813
398150,0.753,0.849
398160,0.796,0.887
398170,0.837,0.927
398180,0.88,0.968
398190,0.925,1.011
398200,0.966,1.055
398210,1.011,1.099
398220,1.053,1.143
398230,1.092,1.189
398240,1.143,1.233
398250,1.185,1.279
398260,1.23,1.325
398270,1.278,1.37
398280,1.326,1.417
398290,1.37,1.463
398300,1.42,1.509
398310,1.468,1.555
398320,1.516,1.601
398330,1.556,1.646
398340,1.603,1.69
398350,1.647,1.733
398360,1.69,1.774
398370,1.729,1.812
398380,1.77,1.848
398390,1.801,1.88
398400,1.836,1.908
398410,1.869,1.933
398420,1.898,1.953
398430,1.921,1.968
398440,1.942,1.98
398450,1.953,1.987
398460,1.969,1.99
398470,1.98,1.988
398480,1.983,1.983
398490,1.976,1.974
398500,1.968,1.961
398510,1.951,1.945
398520,1.932,1.926
398530,1.903,1.903
398540,1.873,1.878
398550,1.842,1.85
398560,1.808,1.82
398570,1.77,1.787
398580,1.728,1.753
398590,1.685,1.716
398600,1.642,1.678
398610,1.597,1.64
398620,1.556,1.6
398630,1.511,1.559
398640,1.467,1.518
398650,1.422,1.475
398660,1.378,1.431
398670,1.333,1.387
398680,1.291,1.342
398690,1.248,1.295
398700,1.203,1.249
398710,1.161,1.202
398720,1.115,1.154
398730,1.075,1.108
398740,1.033,1.061
398750,0.988,1.015
398760,0.944,0.971
398770,0.9,0.928
398780,0.859,0.886
398790,0.817,0.848
398800,0.775,0.811
398810,0.736,0.778
398820,0.698,0.748
398830,0.667,0.722
398840,0.63,0.7
398850,0.599,0.682
398860,0.574,0.668
398870,0.555,0.66
398880,0.539,0.656
398890,0.528,0.656
398900,0.526,0.66
398910,0.535,0.67
398920,0.552,0.682
398930,0.57,0.698
398940,0.59,0.716
398950,0.62,0.737
398960,0.652,0.76
398970,0.685,0.784
398980,0.716,0.809
398990,0.751,0.836
399000,0.788,0.864
399010,0.825,0.891
399020,0.861,0.92
399030,0.893,0.949
399040,0.928,0.978
399050,0.964,1.008
399060,0.996,1.039
399070,1.026,1.069
399080,1.058,1.099
399090,1.092,1.131
399100,1.123,1.161
399110,1.151,1.191
399120,1.179,1.22
399130,1.208,1.246
399140,1.238,1.272
399150,1.266,1.296
399160,1.29,1.317
399170,1.315,1.335
399180,1.338,1.351
399190,1.358,1.363
399200,1.373,1.372
399210,1.388,1.378
399220,1.4,1.381
399230,1.399,1.38
399240,1.396,1.375
399250,1.391,1.367
399260,1.381,1.356
399270,1.361,1.341
399280,1.337,1.323
399290,1.316,1.301
399300,1.294,1.276
399310,1.265,1.248
399320,1.234,1.219
399330,1.202,1.187
399340,1.169,1.153
399350,1.136,1.119
399360,1.098,1.084
399370,1.06,1.048
399380,1.022,1.013
399390,0.983,0.978
399400,0.942,0.943
399410,0.903,0.91
399420,0.863,0.876
399430,0.825,0.844
399440,0.784,0.813
399450,0.747,0.783
399460,0.706,0.755
399470,0.667,0.729
399480,0.631,0.704
399490,0.595,0.681
399500,0.561,0.661
399510,0.527,0.643
399520,0.496,0.628
399530,0.469,0.615
399540,0.446,0.605
399550,0.428,0.598
399560,0.413,0.594
399570,0.408,0.594
399580,0.408,0.597
399590,0.421,0.603
399600,0.447,0.614
399610,0.471,0.629
399620,0.502,0.647
399630,0.538,0.67
399640,0.577,0.697
399650,0.616,0.727
399660,0.664,0.761
399670,0.713,0.798
399680,0.759,0.838
399690,0.806,0.88
399700,0.851,0.925
399710,0.899,0.971
399720,0.952,1.018
399730,0.997,1.067
399740,1.044,1.117
399750,1.092,1.165
399760,1.135,1.216
399770,1.183,1.266
399780,1.236,1.316
399790,1.282,1.368
399800,1.333,1.419
399810,1.387,1.469
399820,1.435,1.52
399830,1.486,1.57
399840,1.532,1.619
399850,1.587,1.668
399860,1.635,1.715
399870,1.682,1.76
399880,1.728,1.803
399890,1.77,1.842
399900,1.816,1.879
399910,1.852,1.912
399920,1.892,1.942
399930,1.922,1.967
399940,1.956,1.988
399950,1.978,2.005
399960,1.999,2.018
399970,2.011,2.026
399980,2.025,2.03
399990,2.024,2.029
400000,2.024,2.024
400010,2.02,2.014
400020,2.001,2.001
400030,1.977,1.983
400040,1.947,1.96
400050,1.917,1.935
400060,1.887,1.905
400070,1.855,1.873
400080,1.809,1.839
400090,1.767,1.802
400100,1.726,1.763
400110,1.68,1.722
400120,1.631,1.68
400130,1.583,1.637
400140,1.539,1.592
400150,1.489,1.546
400160,1.441,1.499
400170,1.393,1.45
400180,1.343,1.401
400190,1.296,1.35
400200,1.247,1.299
400210,1.199,1.247
400220,1.154,1.194
400230,1.108,1.141
400240,1.06,1.088
400250,1.011,1.035
400260,0.965,0.982
400270,0.916,0.931
400280,0.869,0.882
400290,0.823,0.834
400300,0.777,0.788
400310,0.731,0.745
400320,0.688,0.705
400330,0.647,0.669
400340,0.606,0.637
400350,0.566,0.611
400360,0.53,0.589
400370,0.498,0.573
400380,0.475,0.563
400390,0.458,0.558
400400,0.446,0.559
400410,0.446,0.566
400420,0.461,0.577
400430,0.484,0.593
400440,0.514,0.613
400450,0.545,0.636
400460,0.584,0.663
400470,0.622,0.691
400480,0.661,0.721
400490,0.699,0.754
400500,0.739,0.787
400510,0.78,0.821
400520,0.819,0.857
400530,0.86,0.894
400540,0.902,0.931
400550,0.942,0.969
400560,0.981,1.008
400570,1.023,1.048
400580,1.061,1.088
400590,1.098,1.129
400600,1.136,1.17
400610,1.174,1.21
400620,1.212,1.25
400630,1.254,1.289
400640,1.287,1.325
400650,1.318,1.361
400660,1.353,1.394
400670,1.384,1.423
400680,1.413,1.45
400690,1.438,1.474
400700,1.462,1.493
400710,1.478,1.509
400720,1.496,1.521
400730,1.505,1.528
400740,1.511,1.53
400750,1.512,1.527
400760,1.504,1.52
400770,1.489,1.508
400780,1.472,1.491
400790,1.453,1.47
400800,1.424,1.444
400810,1.395,1.415
400820,1.368,1.383
400830,1.337,1.349
400840,1.301,1.312
400850,1.261,1.274
400860,1.223,1.234
400870,1.183,1.194
400880,1.144,1.154
400890,1.102,1.112
400900,1.062,1.07
400910,1.018,1.029
400920,0.973,0.988
400930,0.927,0.947
400940,0.882,0.908
400950,0.835,0.869
400960,0.79,0.83
400970,0.751,0.793
400980,0.704,0.758
400990,0.66,0.723
401000,0.621,0.69
401010,0.578,0.66
401020,0.539,0.631
401030,0.497,0.604
401040,0.459,0.581
401050,0.42,0.56
401060,0.389,0.542
401070,0.354,0.528
401080,0.328,0.519
401090,0.31,0.514
401100,0.309,0.514
401110,0.32,0.52
401120,0.343,0.532
401130,0.385,0.549
401140,0.424,0.573
401150,0.466,0.602
401160,0.508,0.636
401170,0.555,0.675
401180,0.607,0.719
401190,0.662,0.765
401200,0.715,0.815
401210,0.77,0.867
401220,0.827,0.919
401230,0.881,0.974
401240,0.933,1.029
401250,0.984,1.084
401260,1.034,1.14
401270,1.089,1.195
401280,1.144,1.25
401290,1.198,1.306
401300,1.257,1.362
401310,1.316,1.417
401320,1.373,1.473
401330,1.435,1.528
401340,1.493,1.582
401350,1.549,1.637
401360,1.604,1.689
401370,1.657,1.74
401380,1.71,1.789
401390,1.762,1.836
401400,1.811,1.879
401410,1.85,1.92
401420,1.892,1.956
401430,1.934,1.989
401440,1.965,2.017
401450,1.991,2.041
401460,2.019,2.059
401470,2.042,2.073
401480,2.054,2.081
401490,2.06,2.083
401500,2.061,2.08
401510,2.06,2.072
401520,2.052,2.057
401530,2.028,2.039
401540,2,2.014
401550,1.972,1.986
401560,1.937,1.954
401570,1.9,1.918
401580,1.861,1.879
401590,1.821,1.839
401600,1.778,1.796
401610,1.728,1.75
401620,1.678,1.704
401630,1.629,1.656
401640,1.582,1.606
401650,1.53,1.557
401660,1.475,1.505
401670,1.425,1.452
401680,1.374,1.399
401690,1.321,1.344
401700,1.271,1.289
401710,1.221,1.233
401720,1.168,1.176
401730,1.116,1.119
401740,1.063,1.062
401750,1.012,1.004
401760,0.958,0.946
401770,0.905,0.889
401780,0.854,0.833
401790,0.804,0.778
401800,0.753,0.725
401810,0.699,0.675
401820,0.652,0.628
401830,0.605,0.586
401840,0.567,0.549
401850,0.526,0.518
401860,0.488,0.495
401870,0.455,0.477
401880,0.428,0.468
401890,0.405,0.466
401900,0.387,0.472
401910,0.385,0.484
401920,0.4,0.503
401930,0.425,0.527
401940,0.458,0.555
401950,0.503,0.588
401960,0.539,0.623
401970,0.583,0.661
401980,0.626,0.701
401990,0.673,0.741
402000,0.722,0.783
402010,0.771,0.826
402020,0.819,0.869
402030,0.868,0.914
402040,0.914,0.96
402050,0.964,1.006
402060,1.011,1.054
402070,1.059,1.102
402080,1.102,1.15
402090,1.145,1.2
402100,1.195,1.249
402110,1.242,1.297
402120,1.291,1.345
402130,1.335,1.392
402140,1.382,1.437
402150,1.426,1.48
402160,1.471,1.521
402170,1.51,1.557
402180,1.542,1.591
402190,1.579,1.62
402200,1.616,1.645
402210,1.635,1.664
402220,1.651,1.679
402230,1.667,1.687
402240,1.675,1.69
402250,1.672,1.686
402260,1.667,1.677
402270,1.654,1.662
402280,1.64,1.641
402290,1.626,1.615
402300,1.59,1.585
402310,1.569,1.551
402320,1.54,1.513
402330,1.505,1.472
402340,1.47,1.429
402350,1.438,1.384
402360,1.4,1.339
402370,1.364,1.292
402380,1.318,1.244
402390,1.276,1.196
402400,1.227,1.147
402410,1.175,1.099
402420,1.132,1.051
402430,1.083,1.004
402440,1.039,0.957
402450,0.994,0.911
402460,0.947,0.865
402470,0.904,0.821
402480,0.863,0.777
402490,0.821,0.734
402500,0.777,0.693
402510,0.736,0.653
402520,0.693,0.613
402530,0.654,0.576
402540,0.618,0.542
402550,0.576,0.51
402560,0.539,0.482
402570,0.513,0.459
402580,0.494,0.441
402590,0.474,0.43
402600,0.471,0.426
402610,0.469,0.429
402620,0.477,0.442
402630,0.508,0.46
402640,0.551,0.488
402650,0.593,0.523
402660,0.639,0.563
402670,0.682,0.609
402680,0.731,0.66
402690,0.779,0.713
402700,0.827,0.77
402710,0.876,0.828
402720,0.926,0.887
402730,0.979,0.945
402740,1.03,1.005
402750,1.082,1.064
402760,1.135,1.122
402770,1.191,1.181
402780,1.25,1.24
402790,1.309,1.299
402800,1.373,1.357
402810,1.435,1.417
402820,1.494,1.475
402830,1.553,1.533
402840,1.606,1.591
402850,1.665,1.648
402860,1.72,1.704
402870,1.771,1.758
402880,1.825,1.809
402890,1.869,1.858
402900,1.915,1.905
402910,1.96,1.947
402920,1.997,1.986
402930,2.036,2.02
402940,2.066,2.048
402950,2.091,2.071
402960,2.109,2.088
402970,2.125,2.1
402980,2.132,2.104
402990,2.139,2.102
403000,2.136,2.094
403010,2.121,2.079
403020,2.101,2.059
403030,2.073,2.034
403040,2.036,2.003
403050,2,1.967
403060,1.964,1.929
403070,1.926,1.887
403080,1.889,1.842
403090,1.847,1.796
403100,1.797,1.747
403110,1.747,1.697
403120,1.702,1.647
403130,1.649,1.595
403140,1.594,1.542
403150,1.541,1.489
403160,1.486,1.435
403170,1.44,1.38
403180,1.38,1.325
403190,1.326,1.27
403200,1.276,1.213
403210,1.225,1.155
403220,1.17,1.098
403230,1.12,1.039
403240,1.065,0.979
403250,1.014,0.919
403260,0.96,0.858
403270,0.906,0.797
403280,0.851,0.737
403290,0.798,0.678
403300,0.74,0.622
403310,0.686,0.57
403320,0.639,0.524
403330,0.596,0.483
403340,0.559,0.45
403350,0.524,0.425
403360,0.493,0.409
403370,0.466,0.403
403380,0.446,0.405
403390,0.435,0.417
403400,0.431,0.436
403410,0.439,0.463
403420,0.469,0.496
403430,0.519,0.532
403440,0.573,0.574
403450,0.621,0.617
403460,0.669,0.662
403470,0.71,0.71
403480,0.762,0.758
403490,0.82,0.806
403500,0.875,0.855
403510,0.92,0.905
403520,0.973,0.955
403530,1.024,1.007
403540,1.067,1.059
403550,1.114,1.111
403560,1.165,1.165
403570,1.216,1.219
403580,1.273,1.273
403590,1.325,1.327
403600,1.381,1.382
403610,1.435,1.435
403620,1.486,1.487
403630,1.538,1.537
403640,1.582,1.585
403650,1.628,1.63
403660,1.673,1.672
403670,1.705,1.71
403680,1.738,1.743
403690,1.767,1.772
403700,1.792,1.793
403710,1.808,1.81
403720,1.828,1.819
403730,1.836,1.822
403740,1.828,1.819
403750,1.811,1.808
403760,1.795,1.791
403770,1.768,1.768
403780,1.736,1.739
403790,1.707,1.705
403800,1.68,1.668
403810,1.636,1.626
403820,1.594,1.581
403830,1.542,1.534
403840,1.495,1.485
403850,1.448,1.434
403860,1.401,1.383
403870,1.351,1.331
403880,1.3,1.279
403890,1.252,1.227
403900,1.202,1.175
403910,1.154,1.123
403920,1.104,1.073
403930,1.055,1.022
403940,1.003,0.973
403950,0.955,0.924
403960,0.901,0.874
403970,0.851,0.825
403980,0.797,0.777
403990,0.748,0.728
404000,0.697,0.679
404010,0.648,0.632
404020,0.601,0.585
404030,0.555,0.54
404040,0.506,0.499
404050,0.463,0.461
404060,0.422,0.43
404070,0.387,0.405
404080,0.357,0.387
404090,0.331,0.379
404100,0.319,0.38
404110,0.316,0.39
404120,0.34,0.41
404130,0.385,0.44
404140,0.437,0.476
404150,0.487,0.52
404160,0.54,0.57
404170,0.594,0.623
404180,0.642,0.68
404190,0.695,0.74
404200,0.754,0.799
404210,0.812,0.86
404220,0.869,0.921
404230,0.926,0.982
404240,0.984,1.042
404250,1.04,1.103
404260,1.093,1.163
404270,1.146,1.223
404280,1.209,1.283
404290,1.27,1.343
404300,1.331,1.403
404310,1.39,1.463
404320,1.451,1.522
404330,1.515,1.581
404340,1.574,1.639
404350,1.628,1.695
404360,1.686,1.749
404370,1.74,1.802
404380,1.794,1.851
404390,1.841,1.897
404400,1.889,1.939
404410,1.93,1.976
404420,1.963,2.009
404430,1.993,2.036
404440,2.017,2.056
404450,2.036,2.071
404460,2.049,2.078
404470,2.053,2.079
404480,2.05,2.073
404490,2.041,2.06
404500,2.02,2.04
404510,1.991,2.016
404520,1.958,1.985
404530,1.921,1.95
404540,1.885,1.91
404550,1.845,1.867
404560,1.799,1.821
404570,1.75,1.773
404580,1.699,1.722
404590,1.647,1.671
404600,1.595,1.619
404610,1.541,1.566
404620,1.487,1.512
404630,1.434,1.46
404640,1.379,1.406
404650,1.327,1.352
404660,1.273,1.299
404670,1.219,1.244
404680,1.163,1.189
404690,1.109,1.134
404700,1.054,1.078
404710,0.998,1.02
404720,0.941,0.962
404730,0.886,0.902
404740,0.83,0.841
404750,0.773,0.779
404760,0.719,0.717
404770,0.665,0.656
404780,0.611,0.597
404790,0.563,0.542
404800,0.512,0.492
404810,0.466,0.449
404820,0.423,0.413
404830,0.382,0.388
404840,0.347,0.371
404850,0.321,0.366
404860,0.305,0.371
404870,0.3,0.385
404880,0.316,0.408
404890,0.365,0.439
404900,0.417,0.476
404910,0.464,0.519
404920,0.515,0.566
404930,0.568,0.615
404940,0.621,0.666
404950,0.675,0.718
404960,0.732,0.771
404970,0.789,0.823
404980,0.847,0.877
404990,0.9,0.931
405000,0.955,0.985
405010,1.008,1.04
405020,1.061,1.096
405030,1.114,1.151
405040,1.167,1.208
405050,1.224,1.265
405060,1.28,1.322
405070,1.333,1.379
405080,1.393,1.436
405090,1.453,1.492
405100,1.507,1.547
405110,1.56,1.601
405120,1.61,1.652
405130,1.658,1.701
405140,1.704,1.746
405150,1.746,1.788
405160,1.787,1.825
405170,1.818,1.857
405180,1.848,1.883
405190,1.871,1.902
405200,1.884,1.914
405210,1.894,1.92
405220,1.893,1.919
405230,1.883,1.91
405240,1.866,1.896
405250,1.84,1.874
405260,1.812,1.846
405270,1.776,1.813
405280,1.739,1.776
405290,1.703,1.734
405300,1.658,1.689
405310,1.613,1.641
405320,1.563,1.591
405330,1.514,1.54
405340,1.467,1.487
405350,1.414,1.434
405360,1.369,1.381
405370,1.316,1.329
405380,1.266,1.276
405390,1.209,1.224
405400,1.161,1.173
405410,1.109,1.121
405420,1.056,1.07
405430,1,1.02
405440,0.947,0.969
405450,0.89,0.917
405460,0.836,0.865
405470,0.781,0.812
405480,0.729,0.757
405490,0.673,0.703
405500,0.626,0.65
405510,0.574,0.597
405520,0.525,0.546
405530,0.484,0.5
405540,0.44,0.459
405550,0.403,0.425
405560,0.368,0.399
405570,0.341,0.383
405580,0.328,0.376
405590,0.335,0.381
405600,0.354,0.395
405610,0.394,0.419
405620,0.443,0.452
405630,0.496,0.493
405640,0.544,0.54
405650,0.588,0.591
405660,0.641,0.647
405670,0.695,0.703
405680,0.75,0.763
405690,0.807,0.822
405700,0.866,0.882
405710,0.924,0.942
405720,0.982,1.002
405730,1.036,1.062
405740,1.096,1.122
405750,1.151,1.183
405760,1.213,1.242
405770,1.271,1.303
405780,1.336,1.363
405790,1.398,1.423
405800,1.462,1.481
405810,1.522,1.54
405820,1.582,1.597
405830,1.641,1.652
405840,1.696,1.706
405850,1.754,1.757
405860,1.807,1.805
405870,1.855,1.85
405880,1.895,1.89
405890,1.933,1.926
405900,1.968,1.957
405910,1.993,1.982
405920,2.016,2.001
405930,2.032,2.014
405940,2.042,2.019
405950,2.041,2.018
405960,2.033,2.011
405970,2.02,1.997
405980,1.998,1.976
405990,1.971,1.95
406000,1.941,1.917
406010,1.905,1.881
406020,1.864,1.84
406030,1.821,1.795
406040,1.774,1.748
406050,1.727,1.699
406060,1.674,1.647
406070,1.62,1.595
406080,1.57,1.542
406090,1.516,1.488
406100,1.461,1.435
406110,1.408,1.381
406120,1.353,1.327
406130,1.302,1.274
406140,1.246,1.22
406150,1.192,1.167
406160,1.137,1.114
406170,1.081,1.06
406180,1.025,1.005
406190,0.966,0.949
406200,0.91,0.892
406210,0.854,0.834
406220,0.798,0.775
406230,0.74,0.715
406240,0.685,0.655
406250,0.633,0.596
406260,0.582,0.54
406270,0.533,0.488
406280,0.486,0.441
406290,0.442,0.402
406300,0.401,0.372
406310,0.369,0.352
406320,0.34,0.342
406330,0.321,0.343
406340,0.314,0.355
406350,0.33,0.376
406360,0.372,0.407
406370,0.421,0.445
406380,0.476,0.488
406390,0.526,0.537
406400,0.581,0.589
406410,0.629,0.642
406420,0.684,0.697
406430,0.739,0.753
406440,0.796,0.808
406450,0.85,0.865
406460,0.905,0.921
406470,0.96,0.977
406480,1.015,1.034
406490,1.069,1.092
406500,1.121,1.149
406510,1.178,1.208
406520,1.236,1.266
406530,1.295,1.325
406540,1.353,1.384
406550,1.414,1.443
406560,1.48,1.502
406570,1.54,1.559
406580,1.591,1.616
406590,1.644,1.67
406600,1.696,1.723
406610,1.746,1.773
406620,1.792,1.819
406630,1.838,1.861
406640,1.877,1.898
406650,1.905,1.929
406660,1.932,1.955
406670,1.957,1.974
406680,1.969,1.986
