# 540670 Brisbane River at Goodna | minutes since 2026-01-01 00:00 AEST, level m (LGH)
386464,0.75
386583,1.4
386674,1.1
386694,1
386754,0.65
386763,0.6
386764,0.55
386774,-0.3
386794,0.35
386854,0
386864,-0.05
386874,-0.1
386884,-0.15
386914,-0.3
386943,-0.45
386944,-0.45
386959,-0.5
386984,-0.55
387009,-0.5
387019,-0.4
387029,-0.35
387039,-0.3
387049,-0.2
387059,-0.15
387069,-0.1
387079,-0.05
387089,0.05
387099,0.1
387109,0.2
387119,0.25
387123,0.25
387129,0.35
387139,0.4
387149,0.5
387159,0.6
387169,0.65
387179,0.75
387189,0.8
387199,0.9
387209,0.95
387219,1.05
387229,1.1
387239,1.15
387249,1.25
387259,1.3
387269,1.35
387284,1.4
387299,1.5
387303,1.5
387364,1.45
387379,1.4
387389,1.35
387399,1.25
387409,1.2
387419,1.15
387429,1.1
387439,1.05
387449,0.95
387459,0.9
387469,0.85
387479,0.75
387483,0.75
387489,0.7
387499,0.65
387519,0.5
387529,0.4
387539,0.35
387549,0.3
387559,0.25
387569,0.15
387579,0.1
387589,0.05
387599,0
387609,-0.1
387619,-0.15
387629,-0.2
387639,-0.25
387649,-0.3
387659,-0.35
387663,-0.35
387674,-0.45
387704,-0.55
387724,-0.6
387764,-0.55
387784,-0.4
387814,-0.2
387824,-0.15
387843,-0.05
387854,0.05
387884,0.3
387914,0.55
387974,1
388004,1.2
388014,1.25
388023,1.25
388024,1.3
388039,1.35
388059,1.4
388129,1.3
388159,1.1
388169,1.05
388179,1
388203,0.85
388229,0.65
388239,0.6
388249,0.5
388259,0.45
388299,0.2
388309,0.15
388319,0.1
388329,0
388339,-0.05
388349,-0.1
388369,-0.2
388383,-0.25
388394,-0.35
388409,-0.4
388424,-0.45
388439,-0.5
388464,-0.55
388489,-0.5
388499,-0.4
388509,-0.35
388519,-0.3
388529,-0.2
388539,-0.15
388559,-0.05
388563,-0.05
388569,0.05
388579,0.1
388589,0.2
388599,0.25
388609,0.35
388619,0.4
388629,0.5
388639,0.55
388649,0.65
388659,0.7
388669,0.8
388679,0.85
388689,0.95
388699,1
388709,1.05
388719,1.15
388729,1.2
388739,1.25
388743,1.25
388754,1.3
388789,1.45
388834,1.35
388849,1.3
388859,1.25
388869,1.2
388879,1.1
388889,1.05
388899,1
388909,0.95
388919,0.9
388923,0.9
388929,0.85
388939,0.75
388949,0.7
388959,0.6
388969,0.55
388979,0.5
388989,0.4
388999,0.35
389009,0.3
389019,0.2
389029,0.15
389039,0.1
389049,0.05
389059,0
389069,-0.1
389079,-0.15
389089,-0.2
389099,-0.25
389103,-0.25
389109,-0.3
389124,-0.4
389134,-0.45
389164,-0.45
389179,-0.65
389199,-0.7
389254,-0.45
389283,-0.3
389324,0
389434,0.9
389444,0.95
389463,1.05
389464,1.1
389474,1.15
389484,1.35
389494,1.3
389539,1.45
389643,1.1
389654,1.05
389674,0.9
389684,0.85
389694,0.8
389704,0.7
389714,0.65
389734,0.5
389744,0.45
389754,0.4
389764,0.3
389784,0.35
389794,0.1
389804,0.05
389814,0
389823,-0.05
389834,-0.1
389844,-0.15
389854,-0.25
389864,-0.3
389879,-0.35
389894,-0.45
389909,-0.5
389924,-0.55
389949,-0.6
389974,-0.55
389984,-0.45
389994,-0.4
390003,-0.35
390004,-0.3
390014,-0.25
390024,-0.2
390034,-0.15
390044,-0.05
390074,0.15
390084,0.25
390094,0.3
390104,0.4
390134,0.6
390154,0.75
390164,0.85
390174,0.9
390183,0.95
390184,0.95
390194,1
390205,1.1
390214,1.15
390229,1.2
390264,1.35
390319,1.25
390329,1.2
390339,1.15
390349,1.1
390359,1.05
390363,1.05
390369,0.95
390379,0.9
390389,0.85
390399,0.8
390409,0.75
390419,0.65
390439,0.55
390449,0.45
390459,0.4
390469,0.35
390479,0.25
390489,0.2
390499,0.15
390509,0.1
390519,0
390529,-0.05
390539,-0.1
390543,-0.1
390549,-0.15
390559,-0.2
390569,-0.25
390579,-0.3
390589,-0.35
390619,-0.5
390634,-0.55
390649,-0.65
390674,-0.7
390699,-0.6
390723,-0.45
390729,-0.4
390739,-0.35
390769,-0.15
390809,0.15
390849,0.45
390879,0.7
390903,0.9
390909,0.95
390969,1.35
391083,1.45
391084,1.4
391094,1.35
391124,1.2
391154,1
391164,0.95
391194,0.75
391204,0.65
391214,0.6
391224,0.2
391234,0.45
391244,0.4
391263,0.3
391284,0.15
391304,0.05
391324,-0.1
391334,-0.15
391349,-0.2
391364,-0.3
391379,-0.35
391394,-0.4
391414,-0.45
391443,-0.5
391459,-0.4
391469,-0.3
391479,-0.25
391489,-0.2
391499,-0.15
391514,-0.05
391524,0
391544,0.15
391554,0.2
391564,0.3
391574,0.35
391584,0.4
391594,0.5
391604,0.55
391614,0.65
391623,0.65
391624,0.7
391634,0.75
391644,0.85
391654,0.9
391664,0.95
391674,1
391684,1.05
391699,1.15
391714,1.2
391739,1.25
391789,1.2
391803,1.15
391804,1.15
391819,1.05
391829,1
391839,0.95
391849,0.9
391859,0.8
391879,0.7
391889,0.65
391909,0.5
391919,0.45
391929,0.4
391939,0.3
391949,0.25
391959,0.2
391969,0.15
391979,0.1
391983,0.1
391989,0
391999,-0.05
392009,-0.1
392019,-0.15
392039,-0.25
392084,-0.45
392099,-0.55
392114,-0.6
392163,-0.65
392169,-0.6
392209,-0.35
392239,-0.15
392249,-0.1
392279,0.35
392319,0.45
392343,0.65
392349,0.7
392359,0.8
392389,1.05
392409,1.2
392429,1.3
392449,1.55
392459,1.5
392489,1.6
392523,1.65
392569,1.5
392579,1.45
392649,1.05
392689,0.75
392699,0.7
392703,0.5
392709,0.6
392749,0.35
392759,0.3
392769,0.25
392779,0.2
392789,0.15
392799,0.05
392809,0
392819,-0.05
392834,-0.1
392849,-0.2
392864,-0.25
392879,-0.3
392883,-0.3
392894,-0.35
392959,-0.25
392969,-0.15
392979,-0.1
392989,-0.05
393004,0
393014,0.05
393024,0.15
393034,0.2
393044,0.25
393054,0.3
393063,0.35
393064,0.4
393074,0.45
393084,0.5
393094,0.6
393104,0.65
393114,0.7
