# maroochydore Maroochydore (Maroochy R) | minutes since 2026-01-01 00:00 AEST, level m LAT, MSQ prediction m LAT
396000,0.571,0.523
396010,0.57,0.529
396020,0.576,0.535
396030,0.59,0.539
396040,0.592,0.542
396050,0.591,0.544
396060,0.59,0.544
396070,0.592,0.542
396080,0.588,0.54
396090,0.588,0.536
396100,0.596,0.53
396110,0.583,0.523
396120,0.573,0.514
396130,0.566,0.504
396140,0.567,0.494
396150,0.554,0.482
396160,0.54,0.469
396170,0.524,0.456
396180,0.511,0.442
396190,0.488,0.426
396200,0.481,0.41
396210,0.46,0.394
396220,0.447,0.377
396230,0.425,0.359
396240,0.409,0.342
396250,0.389,0.324
396260,0.372,0.306
396270,0.354,0.288
396280,0.345,0.271
396290,0.323,0.253
396300,0.298,0.236
396310,0.284,0.219
396320,0.271,0.202
396330,0.253,0.185
396340,0.23,0.169
396350,0.209,0.153
396360,0.196,0.138
396370,0.183,0.124
396380,0.168,0.11
396390,0.15,0.099
396400,0.14,0.089
396410,0.134,0.082
396420,0.132,0.075
396430,0.134,0.072
396440,0.128,0.071
396450,0.129,0.072
396460,0.139,0.076
396470,0.138,0.082
396480,0.144,0.091
396490,0.158,0.102
396500,0.183,0.116
396510,0.191,0.132
396520,0.201,0.15
396530,0.232,0.17
396540,0.248,0.193
396550,0.26,0.218
396560,0.286,0.244
396570,0.31,0.273
396580,0.342,0.303
396590,0.36,0.334
396600,0.385,0.368
396610,0.422,0.402
396620,0.453,0.437
396630,0.482,0.474
396640,0.518,0.51
396650,0.56,0.548
396660,0.595,0.585
396670,0.636,0.622
396680,0.675,0.659
396690,0.712,0.695
396700,0.744,0.728
396710,0.776,0.762
396720,0.812,0.794
396730,0.844,0.824
396740,0.873,0.854
396750,0.9,0.882
396760,0.927,0.908
396770,0.951,0.932
396780,0.975,0.955
396790,1.002,0.975
396800,1.023,0.993
396810,1.04,1.009
396820,1.062,1.021
396830,1.079,1.031
396840,1.086,1.038
396850,1.095,1.042
396860,1.1,1.042
396870,1.095,1.04
396880,1.092,1.035
396890,1.084,1.028
396900,1.086,1.018
396910,1.068,1.006
396920,1.054,0.991
396930,1.037,0.975
396940,1.018,0.957
396950,0.993,0.938
396960,0.975,0.918
396970,0.954,0.897
396980,0.926,0.875
396990,0.907,0.853
397000,0.885,0.831
397010,0.859,0.81
397020,0.826,0.788
397030,0.805,0.766
397040,0.782,0.746
397050,0.755,0.724
397060,0.732,0.703
397070,0.71,0.682
397080,0.69,0.661
397090,0.668,0.639
397100,0.645,0.618
397110,0.624,0.596
397120,0.597,0.574
397130,0.573,0.553
397140,0.552,0.532
397150,0.53,0.511
397160,0.505,0.491
397170,0.485,0.471
397180,0.465,0.452
397190,0.448,0.435
397200,0.43,0.417
397210,0.411,0.401
397220,0.391,0.385
397230,0.375,0.37
397240,0.364,0.357
397250,0.349,0.345
397260,0.338,0.334
397270,0.328,0.325
397280,0.325,0.317
397290,0.311,0.31
397300,0.303,0.306
397310,0.3,0.303
397320,0.293,0.302
397330,0.3,0.302
397340,0.312,0.304
397350,0.309,0.308
397360,0.321,0.313
397370,0.33,0.32
397380,0.349,0.328
397390,0.373,0.337
397400,0.37,0.347
397410,0.371,0.356
397420,0.393,0.367
397430,0.415,0.378
397440,0.425,0.387
397450,0.434,0.398
397460,0.435,0.408
397470,0.452,0.417
397480,0.467,0.426
397490,0.48,0.436
397500,0.482,0.445
397510,0.49,0.454
397520,0.512,0.462
397530,0.516,0.471
397540,0.523,0.479
397550,0.54,0.486
397560,0.545,0.492
397570,0.546,0.496
397580,0.546,0.5
397590,0.547,0.502
397600,0.551,0.503
397610,0.554,0.503
397620,0.555,0.501
397630,0.555,0.497
397640,0.544,0.492
397650,0.54,0.485
397660,0.553,0.478
397670,0.546,0.468
397680,0.527,0.458
397690,0.507,0.446
397700,0.509,0.433
397710,0.499,0.419
397720,0.483,0.405
397730,0.461,0.39
397740,0.446,0.374
397750,0.43,0.359
397760,0.415,0.343
397770,0.401,0.327
397780,0.382,0.312
397790,0.357,0.296
397800,0.344,0.279
397810,0.328,0.263
397820,0.312,0.247
397830,0.303,0.23
397840,0.289,0.214
397850,0.263,0.198
397860,0.249,0.182
397870,0.233,0.168
397880,0.224,0.154
397890,0.214,0.141
397900,0.201,0.13
397910,0.186,0.121
397920,0.172,0.113
397930,0.168,0.107
397940,0.163,0.102
397950,0.149,0.1
397960,0.151,0.1
397970,0.146,0.101
397980,0.15,0.105
397990,0.155,0.111
398000,0.175,0.119
398010,0.18,0.129
398020,0.199,0.141
398030,0.211,0.156
398040,0.231,0.173
398050,0.234,0.192
398060,0.267,0.214
398070,0.293,0.237
398080,0.313,0.262
398090,0.341,0.29
398100,0.363,0.32
398110,0.397,0.351
398120,0.43,0.383
398130,0.462,0.418
398140,0.498,0.452
398150,0.532,0.488
398160,0.561,0.524
398170,0.605,0.56
398180,0.638,0.595
398190,0.669,0.631
398200,0.709,0.666
398210,0.748,0.699
398220,0.788,0.733
398230,0.819,0.766
398240,0.85,0.798
398250,0.887,0.829
398260,0.922,0.859
398270,0.954,0.888
398280,0.981,0.915
398290,1.01,0.94
398300,1.033,0.963
398310,1.056,0.984
398320,1.087,1.002
398330,1.105,1.017
398340,1.107,1.029
398350,1.118,1.037
398360,1.132,1.043
398370,1.15,1.046
398380,1.161,1.046
398390,1.154,1.042
398400,1.152,1.036
398410,1.161,1.028
398420,1.156,1.017
398430,1.135,1.004
398440,1.115,0.989
398450,1.093,0.972
398460,1.072,0.954
398470,1.054,0.935
398480,1.034,0.916
398490,1.017,0.896
398500,0.998,0.875
398510,0.972,0.855
398520,0.953,0.835
398530,0.922,0.814
398540,0.894,0.793
398550,0.873,0.772
398560,0.846,0.75
398570,0.821,0.728
398580,0.796,0.705
398590,0.769,0.682
398600,0.743,0.659
398610,0.721,0.636
398620,0.695,0.612
398630,0.664,0.588
398640,0.643,0.565
398650,0.619,0.542
398660,0.593,0.518
398670,0.573,0.495
398680,0.546,0.473
398690,0.521,0.451
398700,0.5,0.429
398710,0.482,0.408
398720,0.46,0.387
398730,0.437,0.368
398740,0.417,0.349
398750,0.405,0.332
398760,0.393,0.317
398770,0.377,0.302
398780,0.361,0.29
398790,0.354,0.279
398800,0.348,0.27
398810,0.347,0.263
398820,0.328,0.257
398830,0.324,0.255
398840,0.332,0.254
398850,0.329,0.255
398860,0.319,0.258
398870,0.322,0.263
398880,0.333,0.269
398890,0.339,0.277
398900,0.358,0.287
398910,0.386,0.296
398920,0.39,0.307
398930,0.407,0.319
398940,0.422,0.33
398950,0.439,0.342
398960,0.455,0.355
398970,0.465,0.368
398980,0.482,0.382
398990,0.488,0.396
399000,0.516,0.411
399010,0.532,0.426
399020,0.537,0.441
399030,0.549,0.456
399040,0.565,0.471
399050,0.582,0.485
399060,0.595,0.498
399070,0.601,0.509
399080,0.617,0.519
399090,0.635,0.528
399100,0.639,0.535
399110,0.638,0.54
399120,0.65,0.543
399130,0.662,0.545
399140,0.664,0.544
399150,0.643,0.542
399160,0.641,0.537
399170,0.651,0.531
399180,0.637,0.522
399190,0.623,0.512
399200,0.609,0.501
399210,0.603,0.488
399220,0.588,0.474
399230,0.574,0.459
399240,0.557,0.444
399250,0.529,0.429
399260,0.514,0.413
399270,0.506,0.396
399280,0.491,0.38
399290,0.464,0.362
399300,0.445,0.344
399310,0.425,0.327
399320,0.408,0.308
399330,0.393,0.289
399340,0.373,0.271
399350,0.35,0.253
399360,0.333,0.234
399370,0.316,0.217
399380,0.301,0.2
399390,0.283,0.184
399400,0.265,0.17
399410,0.243,0.156
399420,0.233,0.144
399430,0.219,0.133
399440,0.209,0.123
399450,0.196,0.115
399460,0.184,0.109
399470,0.169,0.104
399480,0.167,0.102
399490,0.171,0.102
399500,0.173,0.104
399510,0.179,0.108
399520,0.172,0.115
399530,0.18,0.124
399540,0.184,0.136
399550,0.199,0.15
399560,0.231,0.167
399570,0.245,0.187
399580,0.261,0.209
399590,0.282,0.233
399600,0.318,0.261
399610,0.352,0.291
399620,0.386,0.323
399630,0.407,0.357
399640,0.434,0.392
399650,0.474,0.428
399660,0.511,0.465
399670,0.548,0.503
399680,0.58,0.541
399690,0.616,0.579
399700,0.657,0.617
399710,0.7,0.654
399720,0.739,0.692
399730,0.774,0.729
399740,0.807,0.766
399750,0.846,0.802
399760,0.888,0.837
399770,0.92,0.871
399780,0.961,0.903
399790,0.987,0.933
399800,1.015,0.96
399810,1.046,0.985
399820,1.075,1.007
399830,1.098,1.026
399840,1.12,1.042
399850,1.135,1.055
399860,1.15,1.064
399870,1.164,1.071
399880,1.171,1.073
399890,1.175,1.073
399900,1.184,1.07
399910,1.182,1.063
399920,1.163,1.054
399930,1.154,1.042
399940,1.137,1.027
399950,1.118,1.011
399960,1.102,0.993
399970,1.079,0.974
399980,1.049,0.953
399990,1.025,0.933
400000,0.995,0.912
400010,0.973,0.89
400020,0.942,0.868
400030,0.918,0.846
400040,0.893,0.822
400050,0.864,0.799
400060,0.834,0.775
400070,0.806,0.751
400080,0.777,0.726
400090,0.749,0.7
400100,0.724,0.674
400110,0.692,0.649
400120,0.67,0.623
400130,0.643,0.596
400140,0.613,0.57
400150,0.59,0.544
400160,0.563,0.518
400170,0.536,0.492
400180,0.514,0.466
400190,0.49,0.44
400200,0.462,0.415
400210,0.441,0.39
400220,0.421,0.366
400230,0.402,0.343
400240,0.38,0.321
400250,0.36,0.3
400260,0.343,0.281
400270,0.327,0.264
400280,0.312,0.248
400290,0.3,0.234
400300,0.287,0.223
400310,0.276,0.214
400320,0.272,0.207
400330,0.268,0.203
400340,0.262,0.203
400350,0.266,0.204
400360,0.265,0.208
400370,0.268,0.215
400380,0.281,0.225
400390,0.302,0.235
400400,0.309,0.248
400410,0.32,0.262
400420,0.346,0.277
400430,0.369,0.293
400440,0.392,0.311
400450,0.413,0.329
400460,0.426,0.348
400470,0.445,0.368
400480,0.471,0.389
400490,0.495,0.411
400500,0.519,0.433
400510,0.545,0.455
400520,0.566,0.478
400530,0.589,0.499
400540,0.609,0.52
400550,0.634,0.54
400560,0.648,0.559
400570,0.654,0.576
400580,0.672,0.591
400590,0.689,0.605
400600,0.701,0.616
400610,0.702,0.626
400620,0.709,0.632
400630,0.719,0.637
400640,0.716,0.638
400650,0.716,0.637
400660,0.714,0.633
400670,0.703,0.626
400680,0.695,0.616
400690,0.677,0.605
400700,0.677,0.592
400710,0.665,0.577
400720,0.643,0.561
400730,0.629,0.544
400740,0.598,0.526
400750,0.581,0.508
400760,0.556,0.489
400770,0.536,0.469
400780,0.52,0.449
400790,0.496,0.429
400800,0.476,0.407
400810,0.459,0.385
400820,0.433,0.364
400830,0.409,0.342
400840,0.383,0.32
400850,0.368,0.298
400860,0.349,0.277
400870,0.324,0.256
400880,0.305,0.235
400890,0.284,0.216
400900,0.264,0.197
400910,0.243,0.179
400920,0.226,0.162
400930,0.205,0.146
400940,0.193,0.132
400950,0.175,0.119
400960,0.155,0.108
400970,0.139,0.099
400980,0.132,0.092
400990,0.119,0.087
401000,0.115,0.084
401010,0.102,0.084
401020,0.095,0.086
401030,0.105,0.091
401040,0.115,0.099
401050,0.132,0.11
401060,0.153,0.125
401070,0.157,0.143
401080,0.189,0.164
401090,0.221,0.189
401100,0.243,0.217
401110,0.282,0.249
401120,0.313,0.282
401130,0.341,0.319
401140,0.378,0.357
401150,0.402,0.396
401160,0.448,0.436
401170,0.485,0.478
401180,0.518,0.519
401190,0.567,0.561
401200,0.598,0.604
401210,0.643,0.645
401220,0.698,0.687
401230,0.739,0.729
401240,0.783,0.77
401250,0.829,0.81
401260,0.867,0.849
401270,0.909,0.886
401280,0.95,0.92
401290,0.986,0.953
401300,1.018,0.982
401310,1.046,1.009
401320,1.079,1.033
401330,1.101,1.054
401340,1.126,1.072
401350,1.141,1.086
401360,1.161,1.097
401370,1.171,1.104
401380,1.184,1.107
401390,1.181,1.106
401400,1.191,1.101
401410,1.197,1.093
401420,1.191,1.081
401430,1.161,1.066
401440,1.137,1.049
401450,1.124,1.029
401460,1.086,1.008
401470,1.051,0.986
401480,1.033,0.963
401490,1.012,0.939
401500,0.98,0.915
401510,0.943,0.89
401520,0.922,0.865
401530,0.896,0.84
401540,0.856,0.814
401550,0.824,0.787
401560,0.789,0.76
401570,0.768,0.733
401580,0.742,0.706
401590,0.709,0.679
401600,0.676,0.651
401610,0.649,0.624
401620,0.621,0.596
401630,0.594,0.568
401640,0.568,0.541
401650,0.54,0.513
401660,0.511,0.485
401670,0.482,0.457
401680,0.458,0.43
401690,0.432,0.403
401700,0.407,0.377
401710,0.384,0.351
401720,0.361,0.325
401730,0.339,0.301
401740,0.32,0.277
401750,0.298,0.255
401760,0.28,0.234
401770,0.262,0.216
401780,0.247,0.199
401790,0.238,0.185
401800,0.228,0.174
401810,0.221,0.166
401820,0.218,0.162
401830,0.205,0.161
401840,0.201,0.165
401850,0.206,0.171
401860,0.209,0.181
401870,0.217,0.194
401880,0.226,0.209
401890,0.246,0.227
401900,0.27,0.246
401910,0.311,0.268
401920,0.344,0.29
401930,0.366,0.315
401940,0.395,0.34
401950,0.429,0.367
401960,0.464,0.394
401970,0.494,0.423
401980,0.517,0.451
401990,0.549,0.48
402000,0.583,0.509
402010,0.613,0.538
402020,0.636,0.566
402030,0.669,0.592
402040,0.696,0.618
402050,0.725,0.642
402060,0.753,0.664
402070,0.774,0.685
402080,0.79,0.703
402090,0.812,0.719
402100,0.827,0.732
402110,0.823,0.742
402120,0.834,0.748
402130,0.845,0.751
402140,0.847,0.751
402150,0.828,0.746
402160,0.834,0.738
402170,0.834,0.727
402180,0.828,0.713
402190,0.806,0.697
402200,0.779,0.679
402210,0.764,0.659
402220,0.736,0.639
402230,0.705,0.618
402240,0.673,0.595
402250,0.652,0.572
402260,0.633,0.55
402270,0.607,0.526
402280,0.578,0.502
402290,0.549,0.477
402300,0.525,0.452
402310,0.5,0.427
402320,0.482,0.402
402330,0.463,0.377
402340,0.434,0.352
402350,0.407,0.328
402360,0.382,0.303
402370,0.36,0.28
402380,0.339,0.258
402390,0.315,0.235
402400,0.29,0.214
402410,0.268,0.194
402420,0.247,0.175
402430,0.226,0.156
402440,0.207,0.139
402450,0.19,0.124
402460,0.172,0.11
402470,0.158,0.098
402480,0.147,0.088
402490,0.135,0.079
402500,0.129,0.073
402510,0.127,0.07
402520,0.121,0.07
402530,0.124,0.073
402540,0.136,0.08
402550,0.153,0.091
402560,0.174,0.106
402570,0.206,0.125
402580,0.231,0.149
402590,0.269,0.177
402600,0.303,0.208
402610,0.331,0.243
402620,0.365,0.281
402630,0.4,0.32
402640,0.44,0.362
402650,0.485,0.406
402660,0.522,0.449
402670,0.555,0.494
402680,0.605,0.54
402690,0.66,0.585
402700,0.702,0.631
402710,0.757,0.676
402720,0.801,0.72
402730,0.845,0.764
402740,0.891,0.807
402750,0.942,0.848
402760,0.987,0.887
402770,1.024,0.923
402780,1.061,0.958
402790,1.098,0.99
402800,1.129,1.019
402810,1.159,1.045
402820,1.18,1.068
402830,1.203,1.087
402840,1.232,1.103
402850,1.249,1.114
402860,1.261,1.122
402870,1.271,1.124
402880,1.27,1.122
402890,1.265,1.116
402900,1.258,1.105
402910,1.251,1.091
402920,1.228,1.072
402930,1.213,1.052
402940,1.181,1.029
402950,1.146,1.004
402960,1.118,0.979
402970,1.089,0.952
402980,1.063,0.925
402990,1.026,0.898
403000,1,0.871
403010,0.968,0.843
403020,0.941,0.814
403030,0.906,0.786
403040,0.869,0.758
403050,0.839,0.729
403060,0.809,0.701
403070,0.777,0.673
403080,0.744,0.644
403090,0.712,0.617
403100,0.683,0.589
403110,0.654,0.561
403120,0.624,0.534
403130,0.592,0.507
403140,0.565,0.48
403150,0.539,0.453
403160,0.514,0.426
403170,0.488,0.399
403180,0.462,0.372
403190,0.439,0.346
403200,0.414,0.319
403210,0.391,0.294
403220,0.369,0.269
403230,0.348,0.245
403240,0.331,0.221
403250,0.317,0.2
403260,0.301,0.181
403270,0.288,0.164
403280,0.276,0.15
403290,0.265,0.14
403300,0.262,0.134
403310,0.265,0.133
403320,0.26,0.136
403330,0.275,0.143
403340,0.287,0.154
403350,0.3,0.17
403360,0.328,0.188
403370,0.354,0.21
403380,0.383,0.235
403390,0.408,0.261
403400,0.438,0.29
403410,0.469,0.321
403420,0.506,0.352
403430,0.539,0.385
403440,0.577,0.419
403450,0.613,0.454
403460,0.654,0.489
403470,0.688,0.524
403480,0.712,0.559
403490,0.745,0.593
403500,0.778,0.627
403510,0.811,0.659
403520,0.844,0.69
403530,0.878,0.719
403540,0.906,0.747
403550,0.936,0.773
403560,0.952,0.796
403570,0.962,0.816
403580,0.981,0.834
403590,0.999,0.847
403600,1.009,0.857
403610,1.018,0.863
403620,1.02,0.864
403630,1.016,0.86
403640,1.01,0.853
403650,1.002,0.841
403660,0.977,0.826
403670,0.957,0.808
403680,0.936,0.788
403690,0.919,0.765
403700,0.895,0.742
403710,0.862,0.717
403720,0.828,0.692
403730,0.793,0.666
403740,0.769,0.64
403750,0.739,0.613
403760,0.709,0.586
403770,0.677,0.559
403780,0.651,0.531
403790,0.624,0.504
403800,0.594,0.476
403810,0.565,0.449
403820,0.538,0.422
403830,0.512,0.396
403840,0.486,0.37
403850,0.46,0.345
403860,0.431,0.32
403870,0.406,0.296
403880,0.382,0.273
403890,0.359,0.251
403900,0.337,0.229
403910,0.314,0.209
403920,0.293,0.189
403930,0.271,0.17
403940,0.252,0.152
403950,0.231,0.135
403960,0.214,0.12
403970,0.199,0.106
403980,0.187,0.094
403990,0.174,0.085
404000,0.162,0.078
404010,0.157,0.075
404020,0.15,0.075
404030,0.15,0.079
404040,0.159,0.089
404050,0.171,0.103
404060,0.187,0.122
404070,0.226,0.145
404080,0.269,0.173
404090,0.298,0.206
404100,0.33,0.241
404110,0.37,0.28
404120,0.407,0.321
404130,0.447,0.364
404140,0.485,0.409
404150,0.522,0.454
404160,0.565,0.5
404170,0.609,0.547
404180,0.654,0.594
404190,0.696,0.641
404200,0.743,0.687
404210,0.785,0.732
404220,0.824,0.776
404230,0.871,0.818
404240,0.918,0.859
404250,0.96,0.897
404260,0.999,0.933
404270,1.036,0.966
404280,1.071,0.997
404290,1.103,1.025
404300,1.132,1.05
404310,1.15,1.072
404320,1.165,1.089
404330,1.185,1.102
404340,1.198,1.111
404350,1.199,1.114
404360,1.199,1.113
404370,1.193,1.106
404380,1.186,1.095
404390,1.171,1.079
404400,1.149,1.06
404410,1.127,1.037
404420,1.097,1.012
404430,1.064,0.985
404440,1.037,0.957
404450,1.008,0.928
404460,0.971,0.899
404470,0.938,0.869
404480,0.909,0.839
404490,0.875,0.809
404500,0.844,0.78
404510,0.807,0.75
404520,0.779,0.721
404530,0.745,0.692
404540,0.714,0.662
404550,0.683,0.633
404560,0.65,0.606
404570,0.618,0.578
404580,0.589,0.551
404590,0.558,0.525
404600,0.528,0.499
404610,0.499,0.473
404620,0.472,0.448
404630,0.446,0.422
404640,0.42,0.397
404650,0.395,0.373
404660,0.371,0.347
404670,0.348,0.322
404680,0.326,0.297
404690,0.304,0.272
404700,0.283,0.248
404710,0.262,0.224
404720,0.242,0.201
404730,0.224,0.18
404740,0.206,0.161
404750,0.192,0.144
404760,0.178,0.13
404770,0.169,0.121
404780,0.165,0.115
404790,0.165,0.115
404800,0.168,0.119
404810,0.178,0.128
404820,0.194,0.142
404830,0.222,0.16
404840,0.258,0.182
404850,0.282,0.208
404860,0.321,0.238
404870,0.351,0.269
404880,0.38,0.303
404890,0.412,0.339
404900,0.452,0.376
404910,0.489,0.415
404920,0.532,0.455
404930,0.569,0.495
404940,0.61,0.536
404950,0.654,0.576
404960,0.696,0.616
404970,0.733,0.655
404980,0.772,0.693
404990,0.806,0.73
405000,0.841,0.765
405010,0.871,0.798
405020,0.904,0.83
405030,0.931,0.858
405040,0.954,0.885
405050,0.976,0.908
405060,1.004,0.928
405070,1.021,0.944
405080,1.039,0.955
405090,1.044,0.961
405100,1.049,0.963
405110,1.05,0.96
405120,1.045,0.951
405130,1.037,0.938
405140,1.022,0.922
405150,0.994,0.902
405160,0.969,0.879
405170,0.93,0.854
405180,0.901,0.828
405190,0.873,0.801
405200,0.847,0.772
405210,0.809,0.744
405220,0.773,0.716
405230,0.747,0.687
405240,0.717,0.658
405250,0.69,0.629
405260,0.658,0.599
405270,0.628,0.571
405280,0.6,0.542
405290,0.571,0.514
405300,0.541,0.486
405310,0.517,0.459
405320,0.491,0.432
405330,0.462,0.407
405340,0.439,0.382
405350,0.411,0.358
405360,0.385,0.335
405370,0.362,0.312
405380,0.339,0.289
405390,0.315,0.268
405400,0.294,0.247
405410,0.27,0.226
405420,0.251,0.206
405430,0.229,0.187
405440,0.211,0.169
405450,0.193,0.152
405460,0.176,0.137
405470,0.163,0.123
405480,0.152,0.112
405490,0.145,0.105
405500,0.142,0.1
405510,0.142,0.1
405520,0.157,0.105
405530,0.173,0.115
405540,0.194,0.129
405550,0.215,0.149
405560,0.242,0.173
405570,0.274,0.201
405580,0.317,0.234
405590,0.356,0.27
405600,0.391,0.308
405610,0.429,0.349
405620,0.467,0.392
405630,0.516,0.436
405640,0.56,0.481
405650,0.606,0.527
405660,0.651,0.572
405670,0.698,0.618
405680,0.746,0.663
405690,0.793,0.707
405700,0.844,0.75
405710,0.887,0.791
405720,0.921,0.831
405730,0.96,0.868
405740,0.996,0.903
405750,1.038,0.936
405760,1.071,0.966
405770,1.094,0.993
405780,1.123,1.016
405790,1.141,1.037
405800,1.163,1.053
405810,1.178,1.065
405820,1.183,1.073
405830,1.184,1.075
405840,1.183,1.072
405850,1.173,1.064
405860,1.157,1.051
405870,1.143,1.034
405880,1.129,1.013
405890,1.104,0.988
405900,1.063,0.961
405910,1.033,0.933
405920,0.995,0.903
405930,0.967,0.872
405940,0.93,0.842
405950,0.896,0.811
405960,0.864,0.78
405970,0.832,0.749
405980,0.798,0.719
405990,0.766,0.688
406000,0.731,0.659
406010,0.697,0.63
406020,0.667,0.601
406030,0.636,0.572
406040,0.605,0.545
406050,0.576,0.518
406060,0.549,0.491
406070,0.522,0.467
406080,0.493,0.442
406090,0.463,0.418
406100,0.436,0.395
406110,0.412,0.371
406120,0.387,0.348
406130,0.362,0.325
406140,0.338,0.302
406150,0.316,0.28
406160,0.294,0.257
406170,0.272,0.235
406180,0.252,0.213
406190,0.232,0.191
406200,0.213,0.171
406210,0.196,0.152
406220,0.18,0.135
406230,0.166,0.121
406240,0.156,0.111
406250,0.149,0.104
406260,0.144,0.102
406270,0.149,0.104
406280,0.159,0.112
406290,0.176,0.124
406300,0.208,0.141
406310,0.237,0.163
406320,0.265,0.189
406330,0.298,0.219
406340,0.336,0.251
406350,0.368,0.287
406360,0.403,0.325
406370,0.439,0.365
406380,0.476,0.407
406390,0.519,0.45
406400,0.564,0.494
406410,0.609,0.538
406420,0.654,0.583
406430,0.702,0.627
406440,0.75,0.671
406450,0.793,0.713
406460,0.833,0.754
406470,0.874,0.794
406480,0.906,0.832
406490,0.939,0.867
406500,0.967,0.901
406510,1,0.931
406520,1.037,0.959
406530,1.06,0.983
406540,1.072,1.004
406550,1.086,1.02
406560,1.097,1.031
406570,1.112,1.038
406580,1.113,1.039
406590,1.11,1.035
406600,1.103,1.025
406610,1.079,1.012
406620,1.076,0.994
406630,1.059,0.972
406640,1.032,0.948
406650,1.003,0.922
406660,0.971,0.894
406670,0.94,0.865
406680,0.906,0.836
406690,0.871,0.807
406700,0.84,0.776
406710,0.81,0.747
406720,0.779,0.717
406730,0.751,0.687
406740,0.716,0.657
406750,0.683,0.627
406760,0.652,0.598
406770,0.627,0.57
406780,0.597,0.542
406790,0.567,0.514
406800,0.542,0.488
406810,0.515,0.463
406820,0.491,0.438
406830,0.463,0.414
406840,0.436,0.391
406850,0.411,0.368
406860,,0.346
