# tangalooma Tangalooma | minutes since 2026-01-01 00:00 AEST, level m LAT, MSQ prediction m LAT
396000,1.335,1.333
396010,1.355,1.354
396020,1.399,1.373
396030,1.411,1.389
396040,1.431,1.403
396050,1.431,1.415
396060,1.444,1.423
396070,1.438,1.429
396080,1.447,1.433
396090,1.453,1.432
396100,1.454,1.429
396110,1.437,1.422
396120,1.42,1.412
396130,1.421,1.399
396140,1.397,1.382
396150,1.384,1.363
396160,1.358,1.34
396170,1.323,1.315
396180,1.308,1.288
396190,1.273,1.258
396200,1.241,1.227
396210,1.201,1.194
396220,1.172,1.161
396230,1.133,1.125
396240,1.094,1.089
396250,1.062,1.054
396260,1.027,1.018
396270,0.988,0.981
396280,0.952,0.946
396290,0.921,0.912
396300,0.882,0.877
396310,0.848,0.846
396320,0.821,0.814
396330,0.778,0.784
396340,0.755,0.757
396350,0.726,0.73
396360,0.697,0.705
396370,0.673,0.683
396380,0.655,0.662
396390,0.629,0.644
396400,0.595,0.63
396410,0.589,0.617
396420,0.588,0.607
396430,0.572,0.602
396440,0.569,0.599
396450,0.573,0.6
396460,0.579,0.605
396470,0.603,0.613
396480,0.603,0.626
396490,0.62,0.642
396500,0.643,0.661
396510,0.666,0.685
396520,0.698,0.712
396530,0.713,0.743
396540,0.764,0.778
396550,0.791,0.815
396560,0.842,0.855
396570,0.89,0.899
396580,0.927,0.944
396590,0.979,0.992
396600,1.041,1.042
396610,1.082,1.092
396620,1.119,1.144
396630,1.186,1.197
396640,1.241,1.25
396650,1.286,1.303
396660,1.35,1.357
396670,1.401,1.411
396680,1.447,1.463
396690,1.5,1.516
396700,1.549,1.567
396710,1.61,1.617
396720,1.652,1.666
396730,1.711,1.714
396740,1.754,1.758
396750,1.796,1.802
396760,1.826,1.843
396770,1.866,1.881
396780,1.907,1.916
396790,1.939,1.949
396800,1.961,1.978
396810,1.992,2.005
396820,2.019,2.028
396830,2.042,2.046
396840,2.069,2.06
396850,2.074,2.071
396860,2.07,2.076
396870,2.066,2.077
396880,2.072,2.073
396890,2.058,2.065
396900,2.035,2.052
396910,2.022,2.034
396920,1.995,2.013
396930,1.973,1.987
396940,1.947,1.958
396950,1.907,1.926
396960,1.878,1.89
396970,1.825,1.852
396980,1.788,1.813
396990,1.737,1.77
397000,1.682,1.726
397010,1.632,1.682
397020,1.592,1.637
397030,1.542,1.591
397040,1.501,1.546
397050,1.446,1.5
397060,1.4,1.455
397070,1.358,1.41
397080,1.301,1.366
397090,1.254,1.322
397100,1.217,1.28
397110,1.164,1.238
397120,1.13,1.197
397130,1.093,1.156
397140,1.052,1.118
397150,1.024,1.08
397160,0.963,1.043
397170,0.923,1.01
397180,0.892,0.977
397190,0.865,0.946
397200,0.837,0.918
397210,0.817,0.893
397220,0.796,0.869
397230,0.775,0.848
397240,0.758,0.831
397250,0.738,0.816
397260,0.714,0.804
397270,0.711,0.795
397280,0.707,0.79
397290,0.702,0.787
397300,0.697,0.789
397310,0.705,0.794
397320,0.727,0.801
397330,0.729,0.811
397340,0.766,0.825
397350,0.768,0.84
397360,0.774,0.858
397370,0.804,0.878
397380,0.848,0.899
397390,0.873,0.922
397400,0.906,0.947
397410,0.931,0.972
397420,0.964,0.998
397430,1.002,1.026
397440,1.024,1.053
397450,1.051,1.081
397460,1.075,1.108
397470,1.112,1.135
397480,1.15,1.161
397490,1.168,1.186
397500,1.197,1.211
397510,1.237,1.234
397520,1.242,1.256
397530,1.276,1.278
397540,1.297,1.296
397550,1.32,1.314
397560,1.327,1.331
397570,1.343,1.344
397580,1.37,1.357
397590,1.372,1.366
397600,1.387,1.373
397610,1.396,1.377
397620,1.396,1.377
397630,1.372,1.375
397640,1.373,1.37
397650,1.381,1.362
397660,1.38,1.351
397670,1.35,1.336
397680,1.338,1.319
397690,1.324,1.3
397700,1.292,1.278
397710,1.274,1.254
397720,1.253,1.228
397730,1.218,1.2
397740,1.185,1.17
397750,1.151,1.141
397760,1.125,1.109
397770,1.085,1.077
397780,1.048,1.046
397790,1.009,1.014
397800,0.984,0.982
397810,0.951,0.952
397820,0.93,0.922
397830,0.884,0.892
397840,0.86,0.864
397850,0.826,0.836
397860,0.791,0.809
397870,0.755,0.784
397880,0.742,0.76
397890,0.708,0.739
397900,0.674,0.72
397910,0.651,0.702
397920,0.64,0.687
397930,0.637,0.675
397940,0.629,0.666
397950,0.628,0.66
397960,0.608,0.657
397970,0.601,0.657
397980,0.599,0.661
397990,0.617,0.667
398000,0.623,0.678
398010,0.632,0.692
398020,0.648,0.71
398030,0.666,0.731
398040,0.71,0.756
398050,0.737,0.785
398060,0.767,0.816
398070,0.79,0.851
398080,0.832,0.889
398090,0.882,0.929
398100,0.929,0.972
398110,0.968,1.017
398120,1.015,1.064
398130,1.066,1.112
398140,1.115,1.161
398150,1.163,1.211
398160,1.218,1.263
398170,1.269,1.315
398180,1.319,1.366
398190,1.382,1.419
398200,1.429,1.47
398210,1.475,1.521
398220,1.54,1.571
398230,1.595,1.62
398240,1.633,1.668
398250,1.679,1.714
398260,1.732,1.759
398270,1.772,1.801
398280,1.82,1.842
398290,1.86,1.881
398300,1.895,1.916
398310,1.931,1.95
398320,1.973,1.98
398330,1.999,2.006
398340,2.021,2.029
398350,2.039,2.048
398360,2.06,2.062
398370,2.074,2.072
398380,2.088,2.077
398390,2.09,2.078
398400,2.082,2.074
398410,2.069,2.065
398420,2.085,2.052
398430,2.074,2.035
398440,2.045,2.013
398450,2.009,1.987
398460,1.984,1.958
398470,1.955,1.926
398480,1.917,1.89
398490,1.871,1.853
398500,1.827,1.812
398510,1.781,1.77
398520,1.751,1.727
398530,1.695,1.682
398540,1.649,1.637
398550,1.594,1.592
398560,1.549,1.545
398570,1.496,1.498
398580,1.449,1.452
398590,1.393,1.405
398600,1.338,1.358
398610,1.305,1.312
398620,1.258,1.266
398630,1.214,1.22
398640,1.163,1.175
398650,1.113,1.131
398660,1.082,1.088
398670,1.035,1.047
398680,0.989,1.007
398690,0.947,0.968
398700,0.924,0.932
398710,0.881,0.897
398720,0.834,0.865
398730,0.817,0.835
398740,0.785,0.808
398750,0.765,0.784
398760,0.744,0.763
398770,0.73,0.745
398780,0.711,0.731
398790,0.692,0.719
398800,0.685,0.712
398810,0.685,0.709
398820,0.689,0.71
398830,0.691,0.713
398840,0.692,0.72
398850,0.705,0.731
398860,0.716,0.743
398870,0.733,0.76
398880,0.748,0.78
398890,0.768,0.801
398900,0.813,0.825
398910,0.828,0.851
398920,0.845,0.878
398930,0.894,0.907
398940,0.931,0.938
398950,0.969,0.968
398960,0.997,1
398970,1.027,1.032
398980,1.056,1.064
398990,1.09,1.097
399000,1.134,1.129
399010,1.166,1.16
399020,1.199,1.192
399030,1.242,1.223
399040,1.269,1.253
399050,1.291,1.282
399060,1.318,1.309
399070,1.356,1.335
399080,1.378,1.359
399090,1.395,1.38
399100,1.432,1.399
399110,1.455,1.415
399120,1.459,1.428
399130,1.482,1.437
399140,1.475,1.443
399150,1.486,1.445
399160,1.49,1.444
399170,1.487,1.439
399180,1.477,1.43
399190,1.473,1.418
399200,1.452,1.402
399210,1.422,1.383
399220,1.414,1.362
399230,1.383,1.336
399240,1.361,1.309
399250,1.322,1.28
399260,1.295,1.249
399270,1.253,1.216
399280,1.216,1.182
399290,1.191,1.148
399300,1.138,1.113
399310,1.092,1.077
399320,1.052,1.042
399330,1.02,1.007
399340,0.983,0.971
399350,0.937,0.937
399360,0.898,0.902
399370,0.878,0.869
399380,0.833,0.838
399390,0.801,0.807
399400,0.768,0.778
399410,0.733,0.752
399420,0.706,0.728
399430,0.678,0.706
399440,0.66,0.687
399450,0.64,0.671
399460,0.61,0.657
399470,0.602,0.647
399480,0.597,0.64
399490,0.59,0.636
399500,0.578,0.636
399510,0.578,0.64
399520,0.589,0.649
399530,0.592,0.66
399540,0.613,0.677
399550,0.644,0.698
399560,0.665,0.722
399570,0.689,0.75
399580,0.726,0.783
399590,0.765,0.818
399600,0.802,0.857
399610,0.843,0.899
399620,0.902,0.944
399630,0.96,0.992
399640,1.003,1.041
399650,1.058,1.092
399660,1.124,1.146
399670,1.178,1.201
399680,1.231,1.256
399690,1.288,1.312
399700,1.341,1.368
399710,1.408,1.424
399720,1.459,1.479
399730,1.514,1.535
399740,1.573,1.589
399750,1.615,1.642
399760,1.692,1.694
399770,1.743,1.745
399780,1.783,1.793
399790,1.833,1.84
399800,1.888,1.885
399810,1.923,1.927
399820,1.98,1.965
399830,2.018,2.001
399840,2.053,2.032
399850,2.072,2.06
399860,2.104,2.083
399870,2.14,2.101
399880,2.153,2.115
399890,2.157,2.123
399900,2.167,2.126
399910,2.166,2.125
399920,2.153,2.117
399930,2.16,2.105
399940,2.139,2.088
399950,2.11,2.065
399960,2.078,2.039
399970,2.042,2.008
399980,2.008,1.973
399990,1.97,1.935
400000,1.919,1.894
400010,1.883,1.849
400020,1.834,1.804
400030,1.779,1.755
400040,1.724,1.705
400050,1.671,1.656
400060,1.607,1.603
400070,1.545,1.55
400080,1.492,1.498
400090,1.423,1.444
400100,1.379,1.389
400110,1.324,1.336
400120,1.271,1.283
400130,1.221,1.229
400140,1.171,1.177
400150,1.12,1.126
400160,1.068,1.076
400170,1.028,1.027
400180,0.974,0.98
400190,0.931,0.933
400200,0.876,0.889
400210,0.836,0.847
400220,0.806,0.807
400230,0.764,0.769
400240,0.737,0.734
400250,0.705,0.703
400260,0.675,0.675
400270,0.649,0.65
400280,0.634,0.63
400290,0.609,0.614
400300,0.587,0.601
400310,0.577,0.595
400320,0.597,0.592
400330,0.586,0.594
400340,0.599,0.6
400350,0.632,0.611
400360,0.644,0.624
400370,0.658,0.644
400380,0.668,0.666
400390,0.704,0.692
400400,0.734,0.721
400410,0.755,0.753
400420,0.805,0.788
400430,0.846,0.825
400440,0.895,0.864
400450,0.935,0.903
400460,0.961,0.945
400470,1.014,0.987
400480,1.078,1.029
400490,1.103,1.073
400500,1.138,1.116
400510,1.196,1.158
400520,1.231,1.202
400530,1.268,1.244
400540,1.332,1.286
400550,1.364,1.326
400560,1.397,1.365
400570,1.43,1.402
400580,1.474,1.437
400590,1.509,1.469
400600,1.538,1.497
400610,1.55,1.523
400620,1.571,1.544
400630,1.59,1.562
400640,1.594,1.575
400650,1.615,1.584
400660,1.616,1.588
400670,1.615,1.588
400680,1.614,1.583
400690,1.607,1.573
400700,1.588,1.559
400710,1.568,1.539
400720,1.533,1.516
400730,1.507,1.489
400740,1.475,1.458
400750,1.449,1.424
400760,1.405,1.389
400770,1.366,1.35
400780,1.324,1.309
400790,1.277,1.267
400800,1.226,1.223
400810,1.178,1.179
400820,1.128,1.135
400830,1.09,1.089
400840,1.042,1.044
400850,1.005,1
400860,0.955,0.956
400870,0.91,0.912
400880,0.861,0.871
400890,0.813,0.831
400900,0.772,0.793
400910,0.732,0.757
400920,0.68,0.724
400930,0.659,0.692
400940,0.639,0.664
400950,0.598,0.638
400960,0.562,0.615
400970,0.534,0.595
400980,0.518,0.579
400990,0.481,0.568
401000,0.481,0.559
401010,0.489,0.556
401020,0.473,0.557
401030,0.446,0.564
401040,0.483,0.575
401050,0.538,0.591
401060,0.543,0.612
401070,0.584,0.638
401080,0.623,0.669
401090,0.659,0.704
401100,0.713,0.743
401110,0.742,0.787
401120,0.789,0.835
401130,0.829,0.886
401140,0.903,0.94
401150,0.96,0.997
401160,1.02,1.055
401170,1.092,1.116
401180,1.166,1.178
401190,1.223,1.24
401200,1.288,1.303
401210,1.347,1.366
401220,1.406,1.428
401230,1.461,1.491
401240,1.546,1.553
401250,1.596,1.613
401260,1.664,1.672
401270,1.723,1.731
401280,1.793,1.786
401290,1.856,1.841
401300,1.891,1.892
401310,1.949,1.941
401320,1.987,1.986
401330,2.032,2.027
401340,2.075,2.065
401350,2.121,2.098
401360,2.138,2.126
401370,2.173,2.148
401380,2.197,2.166
401390,2.211,2.177
401400,2.213,2.183
401410,2.218,2.183
401420,2.196,2.176
401430,2.211,2.164
401440,2.199,2.145
401450,2.169,2.12
401460,2.134,2.09
401470,2.111,2.056
401480,2.069,2.016
401490,2.008,1.972
401500,1.947,1.925
401510,1.907,1.874
401520,1.852,1.821
401530,1.791,1.766
401540,1.731,1.709
401550,1.676,1.65
401560,1.615,1.592
401570,1.546,1.531
401580,1.488,1.47
401590,1.409,1.41
401600,1.346,1.349
401610,1.279,1.289
401620,1.232,1.23
401630,1.181,1.171
401640,1.127,1.114
401650,1.065,1.057
401660,1.013,1.002
401670,0.95,0.948
401680,0.909,0.896
401690,0.857,0.845
401700,0.793,0.796
401710,0.752,0.749
401720,0.72,0.704
401730,0.669,0.663
401740,0.64,0.624
401750,0.598,0.59
401760,0.576,0.56
401770,0.549,0.534
401780,0.522,0.513
401790,0.521,0.498
401800,0.514,0.488
401810,0.501,0.483
401820,0.5,0.484
401830,0.512,0.49
401840,0.52,0.502
401850,0.548,0.519
401860,0.567,0.541
401870,0.591,0.569
401880,0.611,0.601
401890,0.64,0.637
401900,0.669,0.677
401910,0.721,0.72
401920,0.767,0.766
401930,0.82,0.814
401940,0.876,0.864
401950,0.931,0.915
401960,0.997,0.967
401970,1.05,1.02
401980,1.101,1.074
401990,1.146,1.127
402000,1.203,1.181
402010,1.26,1.234
402020,1.315,1.287
402030,1.367,1.339
402040,1.417,1.389
402050,1.481,1.438
402060,1.522,1.485
402070,1.567,1.529
402080,1.605,1.57
402090,1.644,1.608
402100,1.685,1.643
402110,1.707,1.672
402120,1.74,1.698
402130,1.759,1.718
402140,1.769,1.734
402150,1.771,1.743
402160,1.795,1.747
402170,1.779,1.745
402180,1.776,1.737
402190,1.781,1.723
402200,1.76,1.703
402210,1.719,1.678
402220,1.698,1.648
402230,1.673,1.614
402240,1.623,1.574
402250,1.574,1.532
402260,1.526,1.487
402270,1.462,1.438
402280,1.419,1.388
402290,1.364,1.336
402300,1.305,1.282
402310,1.259,1.228
402320,1.21,1.174
402330,1.15,1.12
402340,1.093,1.065
402350,1.04,1.012
402360,0.981,0.961
402370,0.92,0.91
402380,0.884,0.861
402390,0.832,0.814
402400,0.771,0.769
402410,0.723,0.726
402420,0.673,0.686
402430,0.631,0.648
402440,0.59,0.613
402450,0.556,0.581
402460,0.519,0.552
402470,0.487,0.527
402480,0.458,0.506
402490,0.447,0.49
402500,0.428,0.479
402510,0.421,0.473
402520,0.421,0.472
402530,0.414,0.478
402540,0.425,0.488
402550,0.442,0.505
402560,0.459,0.529
402570,0.482,0.557
402580,0.522,0.591
402590,0.563,0.631
402600,0.615,0.675
402610,0.674,0.724
402620,0.717,0.778
402630,0.782,0.835
402640,0.845,0.896
402650,0.904,0.96
402660,0.977,1.025
402670,1.047,1.092
402680,1.116,1.161
402690,1.183,1.229
402700,1.252,1.298
402710,1.327,1.367
402720,1.391,1.434
402730,1.465,1.502
402740,1.537,1.568
402750,1.607,1.632
402760,1.657,1.696
402770,1.728,1.758
402780,1.787,1.817
402790,1.827,1.874
402800,1.903,1.928
402810,1.944,1.979
402820,2.006,2.026
402830,2.039,2.068
402840,2.091,2.105
402850,2.134,2.138
402860,2.153,2.165
402870,2.176,2.186
402880,2.199,2.2
402890,2.219,2.208
402900,2.223,2.209
402910,2.221,2.204
402920,2.208,2.191
402930,2.172,2.171
402940,2.158,2.145
402950,2.117,2.112
402960,2.078,2.073
402970,2.058,2.03
402980,2.008,1.981
402990,1.955,1.928
403000,1.896,1.873
403010,1.833,1.813
403020,1.758,1.752
403030,1.695,1.689
403040,1.629,1.624
403050,1.557,1.559
403060,1.499,1.494
403070,1.436,1.428
403080,1.359,1.363
403090,1.294,1.298
403100,1.23,1.234
403110,1.164,1.171
403120,1.1,1.11
403130,1.047,1.05
403140,0.98,0.991
403150,0.922,0.933
403160,0.87,0.876
403170,0.819,0.821
403180,0.766,0.767
403190,0.711,0.716
403200,0.666,0.667
403210,0.633,0.62
403220,0.581,0.577
403230,0.535,0.537
403240,0.5,0.502
403250,0.482,0.472
403260,0.462,0.447
403270,0.442,0.427
403280,0.44,0.413
403290,0.439,0.406
403300,0.442,0.405
403310,0.439,0.41
403320,0.447,0.422
403330,0.454,0.44
403340,0.49,0.463
403350,0.516,0.493
403360,0.549,0.529
403370,0.599,0.569
403380,0.65,0.615
403390,0.697,0.664
403400,0.751,0.716
403410,0.797,0.772
403420,0.865,0.829
403430,0.927,0.888
403440,0.988,0.948
403450,1.056,1.01
403460,1.122,1.07
403470,1.194,1.132
403480,1.247,1.193
403490,1.311,1.254
403500,1.36,1.314
403510,1.421,1.374
403520,1.473,1.432
403530,1.521,1.489
403540,1.587,1.544
403550,1.641,1.596
403560,1.693,1.645
403570,1.734,1.691
403580,1.776,1.734
403590,1.82,1.771
403600,1.845,1.805
403610,1.863,1.833
403620,1.886,1.855
403630,1.899,1.872
403640,1.908,1.882
403650,1.925,1.886
403660,1.92,1.882
403670,1.904,1.871
403680,1.889,1.854
403690,1.855,1.83
403700,1.823,1.8
403710,1.778,1.765
403720,1.74,1.724
403730,1.695,1.678
403740,1.638,1.629
403750,1.58,1.576
403760,1.526,1.52
403770,1.466,1.463
403780,1.404,1.403
403790,1.338,1.342
403800,1.283,1.282
403810,1.226,1.22
403820,1.161,1.159
403830,1.099,1.1
403840,1.042,1.041
403850,0.981,0.983
403860,0.925,0.928
403870,0.864,0.873
403880,0.82,0.821
403890,0.771,0.771
403900,0.724,0.722
403910,0.68,0.676
403920,0.628,0.633
403930,0.576,0.593
403940,0.544,0.555
403950,0.504,0.521
403960,0.472,0.491
403970,0.449,0.466
403980,0.434,0.445
403990,0.409,0.43
404000,0.402,0.421
404010,0.405,0.418
404020,0.404,0.422
404030,0.419,0.432
404040,0.427,0.448
404050,0.448,0.471
404060,0.477,0.501
404070,0.513,0.536
404080,0.561,0.577
404090,0.608,0.624
404100,0.666,0.677
404110,0.728,0.733
404120,0.794,0.794
404130,0.863,0.859
404140,0.928,0.925
404150,0.988,0.995
404160,1.07,1.066
404170,1.133,1.136
404180,1.21,1.208
404190,1.276,1.28
404200,1.356,1.35
404210,1.414,1.42
404220,1.484,1.489
404230,1.56,1.557
404240,1.623,1.623
404250,1.689,1.688
404260,1.752,1.75
404270,1.818,1.81
404280,1.88,1.868
404290,1.939,1.922
404300,1.981,1.973
404310,2.039,2.019
404320,2.086,2.061
404330,2.118,2.097
404340,2.152,2.129
404350,2.177,2.154
404360,2.205,2.173
404370,2.215,2.184
404380,2.22,2.189
404390,2.23,2.186
404400,2.224,2.175
404410,2.203,2.158
404420,2.17,2.133
404430,2.136,2.1
404440,2.091,2.062
404450,2.043,2.017
404460,1.995,1.967
404470,1.941,1.912
404480,1.882,1.854
404490,1.816,1.792
404500,1.75,1.728
404510,1.682,1.662
404520,1.612,1.594
404530,1.536,1.525
404540,1.47,1.458
404550,1.402,1.389
404560,1.333,1.322
404570,1.265,1.256
404580,1.194,1.19
404590,1.129,1.126
404600,1.069,1.063
404610,1.008,1.002
404620,0.948,0.942
404630,0.881,0.884
404640,0.829,0.827
404650,0.779,0.771
404660,0.722,0.717
404670,0.662,0.666
404680,0.621,0.616
404690,0.574,0.569
404700,0.536,0.526
404710,0.503,0.486
404720,0.459,0.451
404730,0.434,0.421
404740,0.413,0.397
404750,0.395,0.378
404760,0.379,0.366
404770,0.379,0.36
404780,0.389,0.361
404790,0.39,0.369
404800,0.402,0.383
404810,0.435,0.404
404820,0.468,0.432
404830,0.514,0.467
404840,0.552,0.507
404850,0.609,0.553
404860,0.661,0.604
404870,0.705,0.658
404880,0.769,0.717
404890,0.834,0.779
404900,0.901,0.841
404910,0.97,0.907
404920,1.031,0.973
404930,1.1,1.039
404940,1.174,1.106
404950,1.242,1.172
404960,1.308,1.238
404970,1.377,1.303
404980,1.442,1.368
404990,1.504,1.432
405000,1.565,1.494
405010,1.624,1.555
405020,1.681,1.614
405030,1.735,1.67
405040,1.784,1.723
405050,1.832,1.773
405060,1.882,1.819
405070,1.92,1.862
405080,1.959,1.898
405090,1.987,1.93
405100,2.012,1.956
405110,2.034,1.975
405120,2.048,1.988
405130,2.046,1.994
405140,2.039,1.992
405150,2.03,1.983
405160,2.005,1.966
405170,1.98,1.942
405180,1.959,1.912
405190,1.909,1.875
405200,1.867,1.832
405210,1.812,1.785
405220,1.761,1.732
405230,1.703,1.676
405240,1.648,1.617
405250,1.576,1.555
405260,1.517,1.492
405270,1.442,1.428
405280,1.381,1.363
405290,1.32,1.298
405300,1.256,1.235
405310,1.189,1.17
405320,1.13,1.107
405330,1.071,1.047
405340,1.007,0.987
405350,0.942,0.929
405360,0.896,0.873
405370,0.837,0.819
405380,0.788,0.766
405390,0.738,0.716
405400,0.692,0.668
405410,0.641,0.622
405420,0.603,0.58
405430,0.563,0.541
405440,0.53,0.506
405450,0.491,0.475
405460,0.477,0.449
405470,0.461,0.429
405480,0.452,0.415
405490,0.444,0.407
405500,0.449,0.406
405510,0.447,0.411
405520,0.474,0.423
405530,0.493,0.442
405540,0.534,0.468
405550,0.571,0.5
405560,0.608,0.538
405570,0.662,0.583
405580,0.721,0.633
405590,0.768,0.689
405600,0.839,0.748
405610,0.898,0.811
405620,0.968,0.878
405630,1.034,0.947
405640,1.112,1.016
405650,1.174,1.087
405660,1.253,1.158
405670,1.315,1.229
405680,1.396,1.299
405690,1.464,1.369
405700,1.522,1.437
405710,1.593,1.504
405720,1.671,1.569
405730,1.733,1.633
405740,1.8,1.695
405750,1.865,1.754
405760,1.922,1.811
405770,1.975,1.864
405780,2.017,1.914
405790,2.071,1.96
405800,2.133,2.001
405810,2.16,2.037
405820,2.191,2.068
405830,2.207,2.092
405840,2.228,2.11
405850,2.243,2.122
405860,2.233,2.126
405870,2.23,2.123
405880,2.227,2.111
405890,2.191,2.093
405900,2.17,2.066
405910,2.147,2.032
405920,2.099,1.992
405930,2.039,1.946
405940,1.991,1.894
405950,1.948,1.838
405960,1.881,1.777
405970,1.8,1.714
405980,1.726,1.648
405990,1.661,1.58
406000,1.598,1.512
406010,1.534,1.443
406020,1.463,1.374
406030,1.395,1.305
406040,1.321,1.239
406050,1.266,1.172
406060,1.192,1.107
406070,1.116,1.045
406080,1.063,0.983
406090,1.007,0.923
406100,0.948,0.865
406110,0.893,0.808
406120,0.827,0.753
406130,0.767,0.701
406140,0.713,0.649
406150,0.657,0.6
406160,0.627,0.554
406170,0.598,0.511
406180,0.561,0.471
406190,0.51,0.436
406200,0.468,0.405
406210,0.447,0.38
406220,0.435,0.361
406230,0.411,0.347
406240,0.418,0.34
406250,0.415,0.34
406260,0.415,0.346
406270,0.438,0.36
406280,0.465,0.381
406290,0.489,0.408
406300,0.527,0.442
406310,0.565,0.482
406320,0.612,0.528
406330,0.673,0.58
406340,0.719,0.636
406350,0.775,0.696
406360,0.842,0.76
406370,0.922,0.826
406380,0.972,0.894
406390,1.038,0.963
406400,1.118,1.033
406410,1.189,1.102
406420,1.25,1.172
406430,1.338,1.241
406440,1.4,1.309
406450,1.473,1.377
406460,1.538,1.443
406470,1.594,1.508
406480,1.651,1.572
406490,1.725,1.634
406500,1.772,1.693
406510,1.833,1.75
406520,1.887,1.804
406530,1.936,1.855
406540,1.963,1.902
406550,1.994,1.944
406560,2.048,1.981
406570,2.063,2.013
406580,2.094,2.038
406590,2.118,2.058
406600,2.122,2.07
406610,2.129,2.074
406620,2.119,2.072
406630,2.108,2.062
406640,2.086,2.043
406650,2.058,2.018
406660,2.017,1.986
406670,1.989,1.947
406680,1.939,1.903
406690,1.887,1.853
406700,1.827,1.798
406710,1.764,1.74
406720,1.71,1.68
406730,1.638,1.616
406740,1.583,1.551
406750,1.514,1.486
406760,1.449,1.419
406770,1.376,1.353
406780,1.32,1.288
406790,1.248,1.223
406800,1.182,1.159
406810,1.122,1.097
406820,1.064,1.036
406830,1.003,0.977
406840,0.958,0.92
406850,0.895,0.864
406860,0.838,0.81
406870,0.789,0.758
406880,0.751,0.708
406890,0.69,0.661
406900,0.65,0.616
406910,0.604,0.575
406920,0.58,0.538
406930,0.54,0.506
406940,0.526,0.478
406950,0.502,0.456
406960,0.496,0.439
406970,0.488,0.43
406980,0.506,0.426
406990,0.501,0.429
407000,0.499,0.439
407010,0.514,0.456
407020,0.554,0.478
407030,0.584,0.509
407040,0.603,0.545
407050,0.658,0.587
407060,0.721,0.635
407070,0.775,0.688
407080,0.817,0.744
407090,0.884,0.806
407100,0.944,0.87
407110,1.008,0.935
407120,1.072,1.002
407130,1.144,1.071
407140,1.219,1.138
407150,1.286,1.206
407160,1.354,1.274
407170,1.412,1.34
407180,1.473,1.405
407190,1.546,1.469
407200,1.602,1.531
407210,1.668,1.591
407220,,1.649
