# scarborough Scarborough | minutes since 2026-01-01 00:00 AEST, level m LAT, MSQ prediction m LAT
396000,1.291,1.274
396010,1.306,1.3
396020,1.347,1.324
396030,1.363,1.346
396040,1.385,1.366
396050,1.411,1.383
396060,1.43,1.399
396070,1.44,1.41
396080,1.452,1.419
396090,1.46,1.424
396100,1.444,1.425
396110,1.441,1.424
396120,1.442,1.418
396130,1.425,1.41
396140,1.411,1.398
396150,1.387,1.383
396160,1.385,1.365
396170,1.353,1.345
396180,1.328,1.321
396190,1.307,1.296
396200,1.282,1.268
396210,1.254,1.238
396220,1.223,1.206
396230,1.186,1.173
396240,1.149,1.139
396250,1.097,1.104
396260,1.07,1.068
396270,1.036,1.033
396280,0.988,0.998
396290,0.958,0.962
396300,0.914,0.927
396310,0.889,0.893
396320,0.853,0.859
396330,0.817,0.826
396340,0.782,0.794
396350,0.746,0.762
396360,0.705,0.733
396370,0.685,0.705
396380,0.65,0.679
396390,0.613,0.654
396400,0.604,0.633
396410,0.567,0.614
396420,0.564,0.598
396430,0.521,0.586
396440,0.529,0.576
396450,0.52,0.57
396460,0.51,0.568
396470,0.517,0.569
396480,0.524,0.574
396490,0.542,0.584
396500,0.547,0.597
396510,0.588,0.615
396520,0.604,0.637
396530,0.638,0.662
396540,0.669,0.691
396550,0.703,0.724
396560,0.74,0.76
396570,0.78,0.798
396580,0.816,0.84
396590,0.863,0.884
396600,0.904,0.931
396610,0.96,0.979
396620,1.017,1.029
396630,1.058,1.081
396640,1.114,1.135
396650,1.173,1.188
396660,1.234,1.244
396670,1.282,1.299
396680,1.347,1.353
396690,1.39,1.408
396700,1.464,1.462
396710,1.493,1.515
396720,1.559,1.566
396730,1.608,1.618
396740,1.655,1.666
396750,1.712,1.714
396760,1.765,1.761
396770,1.802,1.805
396780,1.852,1.848
396790,1.893,1.888
396800,1.909,1.924
396810,1.948,1.958
396820,1.991,1.988
396830,1.995,2.014
396840,2.039,2.037
396850,2.05,2.054
396860,2.054,2.067
396870,2.079,2.076
396880,2.088,2.08
396890,2.075,2.079
396900,2.085,2.074
396910,2.051,2.064
396920,2.02,2.049
396930,2.007,2.03
396940,1.97,2.007
396950,1.948,1.98
396960,1.917,1.95
396970,1.874,1.915
396980,1.841,1.879
396990,1.796,1.84
397000,1.771,1.799
397010,1.713,1.756
397020,1.665,1.713
397030,1.618,1.669
397040,1.552,1.623
397050,1.519,1.578
397060,1.454,1.532
397070,1.417,1.485
397080,1.373,1.44
397090,1.314,1.393
397100,1.272,1.347
397110,1.224,1.301
397120,1.178,1.256
397130,1.13,1.212
397140,1.089,1.169
397150,1.042,1.126
397160,1.019,1.085
397170,0.965,1.046
397180,0.94,1.007
397190,0.885,0.971
397200,0.853,0.937
397210,0.814,0.905
397220,0.787,0.875
397230,0.754,0.849
397240,0.738,0.825
397250,0.709,0.804
397260,0.699,0.786
397270,0.681,0.771
397280,0.681,0.761
397290,0.669,0.753
397300,0.651,0.749
397310,0.671,0.748
397320,0.654,0.75
397330,0.676,0.755
397340,0.68,0.764
397350,0.705,0.776
397360,0.723,0.791
397370,0.741,0.808
397380,0.77,0.829
397390,0.779,0.85
397400,0.812,0.874
397410,0.84,0.9
397420,0.878,0.926
397430,0.913,0.954
397440,0.961,0.982
397450,0.958,1.01
397460,1.023,1.038
397470,1.029,1.066
397480,1.072,1.093
397490,1.094,1.121
397500,1.132,1.149
397510,1.166,1.175
397520,1.202,1.201
397530,1.209,1.226
397540,1.253,1.249
397550,1.281,1.272
397560,1.296,1.293
397570,1.327,1.311
397580,1.34,1.327
397590,1.363,1.341
397600,1.36,1.353
397610,1.377,1.362
397620,1.398,1.368
397630,1.38,1.371
397640,1.39,1.371
397650,1.39,1.368
397660,1.373,1.362
397670,1.352,1.353
397680,1.347,1.341
397690,1.329,1.326
397700,1.319,1.308
397710,1.295,1.287
397720,1.281,1.264
397730,1.245,1.239
397740,1.22,1.212
397750,1.208,1.184
397760,1.159,1.155
397770,1.136,1.124
397780,1.09,1.094
397790,1.057,1.062
397800,1.013,1.03
397810,0.988,0.998
397820,0.932,0.967
397830,0.921,0.935
397840,0.864,0.903
397850,0.865,0.873
397860,0.799,0.842
397870,0.793,0.813
397880,0.748,0.786
397890,0.72,0.76
397900,0.7,0.735
397910,0.665,0.713
397920,0.651,0.692
397930,0.609,0.674
397940,0.595,0.659
397950,0.576,0.646
397960,0.561,0.636
397970,0.559,0.63
397980,0.558,0.627
397990,0.572,0.627
398000,0.569,0.632
398010,0.588,0.64
398020,0.589,0.651
398030,0.602,0.667
398040,0.618,0.686
398050,0.64,0.709
398060,0.683,0.735
398070,0.689,0.765
398080,0.754,0.798
398090,0.761,0.834
398100,0.807,0.873
398110,0.857,0.915
398120,0.892,0.958
398130,0.965,1.006
398140,0.99,1.055
398150,1.058,1.104
398160,1.116,1.156
398170,1.159,1.209
398180,1.215,1.26
398190,1.278,1.314
398200,1.323,1.367
398210,1.381,1.419
398220,1.43,1.471
398230,1.493,1.523
398240,1.539,1.575
398250,1.599,1.624
398260,1.652,1.674
398270,1.699,1.722
398280,1.752,1.768
398290,1.807,1.813
398300,1.833,1.855
398310,1.88,1.895
398320,1.931,1.932
398330,1.945,1.965
398340,1.984,1.995
398350,2.032,2.021
398360,2.046,2.043
398370,2.051,2.061
398380,2.084,2.074
398390,2.107,2.083
398400,2.096,2.086
398410,2.113,2.085
398420,2.093,2.079
398430,2.084,2.068
398440,2.068,2.052
398450,2.073,2.032
398460,2.037,2.008
398470,2.019,1.98
398480,1.979,1.948
398490,1.941,1.915
398500,1.897,1.877
398510,1.858,1.838
398520,1.805,1.798
398530,1.751,1.756
398540,1.714,1.712
398550,1.672,1.667
398560,1.612,1.621
398570,1.569,1.574
398580,1.517,1.527
398590,1.475,1.479
398600,1.425,1.43
398610,1.366,1.382
398620,1.312,1.334
398630,1.266,1.285
398640,1.209,1.237
398650,1.168,1.189
398660,1.113,1.143
398670,1.073,1.096
398680,1.026,1.051
398690,0.983,1.007
398700,0.947,0.964
398710,0.911,0.923
398720,0.865,0.885
398730,0.831,0.849
398740,0.803,0.815
398750,0.763,0.785
398760,0.728,0.757
398770,0.704,0.733
398780,0.674,0.712
398790,0.667,0.695
398800,0.647,0.682
398810,0.64,0.672
398820,0.635,0.666
398830,0.635,0.663
398840,0.63,0.665
398850,0.644,0.671
398860,0.651,0.68
398870,0.67,0.693
398880,0.672,0.71
398890,0.706,0.729
398900,0.72,0.751
398910,0.743,0.776
398920,0.761,0.801
398930,0.799,0.829
398940,0.82,0.858
398950,0.864,0.888
398960,0.9,0.92
398970,0.935,0.952
398980,0.982,0.984
398990,1.015,1.018
399000,1.062,1.053
399010,1.08,1.087
399020,1.13,1.121
399030,1.164,1.156
399040,1.195,1.189
399050,1.221,1.222
399060,1.267,1.255
399070,1.293,1.285
399080,1.318,1.314
399090,1.359,1.341
399100,1.367,1.365
399110,1.409,1.387
399120,1.418,1.406
399130,1.456,1.422
399140,1.477,1.435
399150,1.476,1.444
399160,1.49,1.448
399170,1.498,1.45
399180,1.483,1.447
399190,1.487,1.44
399200,1.476,1.43
399210,1.459,1.415
399220,1.436,1.397
399230,1.414,1.377
399240,1.396,1.353
399250,1.356,1.327
399260,1.347,1.3
399270,1.296,1.27
399280,1.272,1.238
399290,1.232,1.206
399300,1.199,1.172
399310,1.151,1.137
399320,1.117,1.101
399330,1.069,1.065
399340,1.031,1.028
399350,0.982,0.992
399360,0.938,0.955
399370,0.896,0.919
399380,0.865,0.885
399390,0.821,0.85
399400,0.794,0.816
399410,0.756,0.785
399420,0.714,0.754
399430,0.686,0.726
399440,0.65,0.7
399450,0.635,0.676
399460,0.607,0.655
399470,0.577,0.638
399480,0.574,0.623
399490,0.542,0.613
399500,0.534,0.606
399510,0.523,0.603
399520,0.528,0.604
399530,0.536,0.608
399540,0.539,0.618
399550,0.553,0.631
399560,0.578,0.648
399570,0.596,0.67
399580,0.637,0.696
399590,0.667,0.726
399600,0.709,0.76
399610,0.743,0.799
399620,0.786,0.84
399630,0.834,0.885
399640,0.877,0.933
399650,0.931,0.983
399660,0.981,1.035
399670,1.046,1.089
399680,1.095,1.144
399690,1.158,1.199
399700,1.217,1.256
399710,1.286,1.313
399720,1.347,1.37
399730,1.408,1.427
399740,1.464,1.485
399750,1.527,1.542
399760,1.59,1.599
399770,1.644,1.655
399780,1.696,1.709
399790,1.758,1.762
399800,1.811,1.813
399810,1.857,1.862
399820,1.907,1.908
399830,1.952,1.95
399840,2.008,1.989
399850,2.032,2.025
399860,2.071,2.056
399870,2.125,2.083
399880,2.133,2.105
399890,2.146,2.122
399900,2.173,2.134
399910,2.191,2.14
399920,2.173,2.14
399930,2.173,2.135
399940,2.174,2.124
399950,2.162,2.108
399960,2.116,2.088
399970,2.093,2.062
399980,2.084,2.032
399990,2.029,1.999
400000,1.983,1.963
400010,1.94,1.923
400020,1.896,1.88
400030,1.845,1.836
400040,1.795,1.789
400050,1.732,1.74
400060,1.704,1.69
400070,1.634,1.638
400080,1.572,1.585
400090,1.521,1.532
400100,1.465,1.478
400110,1.404,1.423
400120,1.341,1.368
400130,1.287,1.313
400140,1.235,1.257
400150,1.17,1.202
400160,1.12,1.147
400170,1.065,1.092
400180,1.023,1.039
400190,0.98,0.986
400200,0.927,0.935
400210,0.891,0.886
400220,0.835,0.838
400230,0.787,0.794
400240,0.745,0.752
400250,0.704,0.713
400260,0.684,0.677
400270,0.625,0.645
400280,0.608,0.617
400290,0.584,0.593
400300,0.579,0.572
400310,0.548,0.557
400320,0.545,0.547
400330,0.522,0.541
400340,0.523,0.54
400350,0.52,0.545
400360,0.552,0.554
400370,0.557,0.568
400380,0.603,0.587
400390,0.617,0.608
400400,0.658,0.635
400410,0.678,0.664
400420,0.722,0.695
400430,0.733,0.729
400440,0.778,0.767
400450,0.825,0.805
400460,0.861,0.845
400470,0.901,0.888
400480,0.949,0.931
400490,0.999,0.975
400500,1.033,1.021
400510,1.098,1.068
400520,1.137,1.114
400530,1.195,1.161
400540,1.22,1.207
400550,1.27,1.252
400560,1.321,1.296
400570,1.36,1.34
400580,1.395,1.38
400590,1.434,1.419
400600,1.474,1.455
400610,1.505,1.488
400620,1.541,1.518
400630,1.565,1.545
400640,1.588,1.566
400650,1.595,1.583
400660,1.607,1.596
400670,1.625,1.603
400680,1.616,1.605
400690,1.608,1.602
400700,1.605,1.594
400710,1.601,1.581
400720,1.586,1.563
400730,1.544,1.542
400740,1.55,1.517
400750,1.498,1.488
400760,1.469,1.457
400770,1.446,1.422
400780,1.386,1.383
400790,1.367,1.345
400800,1.319,1.303
400810,1.264,1.26
400820,1.236,1.217
400830,1.162,1.171
400840,1.12,1.125
400850,1.052,1.079
400860,1.017,1.033
400870,0.96,0.987
400880,0.918,0.941
400890,0.863,0.897
400900,0.824,0.853
400910,0.766,0.81
400920,0.724,0.769
400930,0.675,0.73
400940,0.644,0.693
400950,0.601,0.66
400960,0.576,0.628
400970,0.552,0.6
400980,0.527,0.576
400990,0.487,0.555
401000,0.456,0.539
401010,0.445,0.526
401020,0.449,0.519
401030,0.407,0.516
401040,0.423,0.517
401050,0.401,0.525
401060,0.445,0.537
401070,0.444,0.554
401080,0.488,0.577
401090,0.511,0.606
401100,0.577,0.639
401110,0.607,0.678
401120,0.649,0.722
401130,0.719,0.768
401140,0.781,0.819
401150,0.8,0.873
401160,0.87,0.93
401170,0.923,0.989
401180,0.994,1.049
401190,1.05,1.111
401200,1.13,1.175
401210,1.211,1.24
401220,1.283,1.305
401230,1.337,1.371
401240,1.423,1.437
401250,1.477,1.502
401260,1.535,1.567
401270,1.618,1.631
401280,1.674,1.693
401290,1.735,1.754
401300,1.806,1.812
401310,1.875,1.869
401320,1.93,1.921
401330,1.967,1.971
401340,2.023,2.018
401350,2.062,2.059
401360,2.1,2.097
401370,2.13,2.13
401380,2.175,2.157
401390,2.201,2.178
401400,2.22,2.193
401410,2.234,2.202
401420,2.235,2.204
401430,2.238,2.199
401440,2.232,2.188
401450,2.214,2.171
401460,2.193,2.148
401470,2.165,2.121
401480,2.126,2.087
401490,2.085,2.05
401500,2.058,2.009
401510,2.012,1.963
401520,1.949,1.914
401530,1.884,1.864
401540,1.846,1.81
401550,1.786,1.754
401560,1.714,1.697
401570,1.667,1.638
401580,1.615,1.578
401590,1.549,1.518
401600,1.479,1.457
401610,1.413,1.395
401620,1.339,1.333
401630,1.286,1.271
401640,1.207,1.209
401650,1.143,1.147
401660,1.089,1.086
401670,1.023,1.025
401680,0.977,0.966
401690,0.908,0.907
401700,0.865,0.85
401710,0.811,0.795
401720,0.75,0.743
401730,0.701,0.693
401740,0.667,0.647
401750,0.623,0.604
401760,0.592,0.564
401770,0.556,0.528
401780,0.523,0.497
401790,0.49,0.472
401800,0.496,0.451
401810,0.457,0.437
401820,0.456,0.428
401830,0.439,0.426
401840,0.456,0.429
401850,0.433,0.44
401860,0.483,0.456
401870,0.471,0.476
401880,0.535,0.503
401890,0.541,0.534
401900,0.589,0.569
401910,0.626,0.608
401920,0.658,0.651
401930,0.703,0.695
401940,0.739,0.743
401950,0.792,0.794
401960,0.85,0.846
401970,0.909,0.901
401980,0.972,0.957
401990,1.032,1.013
402000,1.089,1.071
402010,1.146,1.129
402020,1.208,1.186
402030,1.261,1.244
402040,1.31,1.3
402050,1.377,1.355
402060,1.412,1.408
402070,1.462,1.461
402080,1.527,1.51
402090,1.57,1.557
402100,1.611,1.6
402110,1.657,1.64
402120,1.701,1.676
402130,1.733,1.707
402140,1.767,1.732
402150,1.781,1.751
402160,1.805,1.764
402170,1.809,1.771
402180,1.806,1.772
402190,1.796,1.766
402200,1.781,1.754
402210,1.764,1.737
402220,1.746,1.713
402230,1.73,1.685
402240,1.684,1.653
402250,1.66,1.616
402260,1.637,1.576
402270,1.587,1.532
402280,1.531,1.485
402290,1.497,1.436
402300,1.439,1.385
402310,1.399,1.332
402320,1.317,1.278
402330,1.251,1.224
402340,1.203,1.169
402350,1.149,1.113
402360,1.069,1.059
402370,1.026,1.003
402380,0.961,0.949
402390,0.898,0.896
402400,0.857,0.844
402410,0.808,0.793
402420,0.782,0.745
402430,0.741,0.697
402440,0.675,0.653
402450,0.64,0.612
402460,0.569,0.574
402470,0.544,0.54
402480,0.492,0.509
402490,0.485,0.482
402500,0.439,0.46
402510,0.433,0.443
402520,0.404,0.431
402530,0.397,0.425
402540,0.4,0.425
402550,0.394,0.431
402560,0.426,0.443
402570,0.429,0.462
402580,0.477,0.488
402590,0.485,0.52
402600,0.541,0.557
402610,0.591,0.601
402620,0.639,0.65
402630,0.7,0.703
402640,0.766,0.759
402650,0.814,0.82
402660,0.883,0.883
402670,0.961,0.948
402680,1.014,1.016
402690,1.073,1.086
402700,1.153,1.156
402710,1.212,1.228
402720,1.304,1.301
402730,1.373,1.373
402740,1.45,1.445
402750,1.534,1.516
402760,1.603,1.586
402770,1.672,1.655
402780,1.743,1.721
402790,1.801,1.785
402800,1.869,1.847
402810,1.915,1.906
402820,1.961,1.962
402830,2.02,2.014
402840,2.072,2.063
402850,2.113,2.106
402860,2.162,2.144
402870,2.192,2.176
402880,2.204,2.202
402890,2.244,2.221
402900,2.262,2.232
402910,2.266,2.237
402920,2.273,2.233
402930,2.263,2.222
402940,2.256,2.205
402950,2.228,2.18
402960,2.191,2.149
402970,2.14,2.114
402980,2.112,2.073
402990,2.04,2.026
403000,2.006,1.977
403010,1.949,1.923
403020,1.892,1.866
403030,1.835,1.807
403040,1.777,1.746
403050,1.722,1.683
403060,1.63,1.619
403070,1.578,1.554
403080,1.517,1.488
403090,1.449,1.422
403100,1.383,1.357
403110,1.3,1.29
403120,1.236,1.224
403130,1.158,1.159
403140,1.108,1.093
403150,1.042,1.028
403160,0.966,0.965
403170,0.916,0.901
403180,0.863,0.84
403190,0.809,0.781
403200,0.766,0.723
403210,0.703,0.667
403220,0.663,0.615
403230,0.602,0.565
403240,0.557,0.519
403250,0.529,0.478
403260,0.468,0.441
403270,0.426,0.409
403280,0.413,0.384
403290,0.397,0.364
403300,0.374,0.351
403310,0.373,0.345
403320,0.387,0.347
403330,0.395,0.355
403340,0.423,0.37
403350,0.435,0.392
403360,0.474,0.42
403370,0.485,0.453
403380,0.511,0.492
403390,0.56,0.536
403400,0.597,0.583
403410,0.689,0.635
403420,0.734,0.69
403430,0.804,0.747
403440,0.851,0.807
403450,0.914,0.87
403460,0.972,0.933
403470,1.043,0.999
403480,1.128,1.065
403490,1.183,1.13
403500,1.234,1.196
403510,1.304,1.262
403520,1.381,1.327
403530,1.431,1.389
403540,1.496,1.451
403550,1.541,1.512
403560,1.615,1.57
403570,1.665,1.626
403580,1.722,1.679
403590,1.761,1.727
403600,1.817,1.772
403610,1.86,1.812
403620,1.876,1.846
403630,1.923,1.874
403640,1.928,1.895
403650,1.943,1.91
403660,1.955,1.916
403670,1.927,1.915
403680,1.921,1.907
403690,1.912,1.893
403700,1.905,1.871
403710,1.872,1.844
403720,1.836,1.811
403730,1.789,1.772
403740,1.738,1.73
403750,1.683,1.682
403760,1.634,1.631
403770,1.588,1.578
403780,1.523,1.522
403790,1.46,1.463
403800,1.408,1.404
403810,1.336,1.344
403820,1.274,1.282
403830,1.209,1.221
403840,1.157,1.159
403850,1.097,1.098
403860,1.028,1.037
403870,0.967,0.977
403880,0.916,0.917
403890,0.852,0.86
403900,0.795,0.803
403910,0.74,0.749
403920,0.696,0.696
403930,0.643,0.646
403940,0.594,0.599
403950,0.554,0.555
403960,0.51,0.514
403970,0.465,0.478
403980,0.434,0.446
403990,0.398,0.419
404000,0.371,0.397
404010,0.348,0.381
404020,0.334,0.371
404030,0.323,0.368
404040,0.341,0.372
404050,0.349,0.383
404060,0.38,0.401
404070,0.404,0.427
404080,0.453,0.459
404090,0.482,0.499
404100,0.537,0.544
404110,0.578,0.594
404120,0.64,0.65
404130,0.699,0.71
404140,0.763,0.772
404150,0.827,0.839
404160,0.905,0.909
404170,0.977,0.98
404180,1.035,1.054
404190,1.117,1.128
404200,1.198,1.203
404210,1.272,1.279
404220,1.344,1.355
404230,1.421,1.429
404240,1.492,1.502
404250,1.555,1.574
404260,1.629,1.644
404270,1.7,1.712
404280,1.768,1.778
404290,1.828,1.84
404300,1.897,1.901
404310,1.961,1.957
404320,2.013,2.01
404330,2.067,2.059
404340,2.123,2.103
404350,2.164,2.14
404360,2.196,2.171
404370,2.213,2.195
404380,2.239,2.211
404390,2.242,2.22
404400,2.24,2.22
404410,2.235,2.212
404420,2.222,2.197
404430,2.192,2.174
404440,2.171,2.144
404450,2.135,2.109
404460,2.079,2.067
404470,2.031,2.019
404480,1.975,1.968
404490,1.932,1.912
404500,1.857,1.853
404510,1.79,1.791
404520,1.743,1.727
404530,1.672,1.661
404540,1.595,1.595
404550,1.53,1.528
404560,1.464,1.46
404570,1.396,1.392
404580,1.316,1.324
404590,1.254,1.256
404600,1.172,1.189
404610,1.106,1.122
404620,1.038,1.056
404630,0.967,0.991
404640,0.901,0.926
404650,0.846,0.863
404660,0.781,0.801
404670,0.721,0.741
404680,0.671,0.682
404690,0.615,0.626
404700,0.559,0.573
404710,0.515,0.522
404720,0.477,0.476
404730,0.43,0.434
404740,0.398,0.396
404750,0.378,0.364
404760,0.33,0.338
404770,0.329,0.319
404780,0.306,0.306
404790,0.303,0.301
404800,0.306,0.304
404810,0.324,0.314
404820,0.343,0.331
404830,0.367,0.356
404840,0.423,0.387
404850,0.455,0.424
404860,0.519,0.467
404870,0.567,0.516
404880,0.628,0.568
404890,0.685,0.625
404900,0.742,0.685
404910,0.804,0.748
404920,0.869,0.815
404930,0.936,0.883
404940,1.009,0.952
404950,1.073,1.023
404960,1.139,1.095
404970,1.219,1.166
404980,1.283,1.237
404990,1.352,1.308
405000,1.429,1.376
405010,1.496,1.444
405020,1.562,1.511
405030,1.631,1.575
405040,1.683,1.638
405050,1.741,1.699
405060,1.799,1.756
405070,1.843,1.81
405080,1.897,1.859
405090,1.933,1.904
405100,1.972,1.942
405110,2.014,1.974
405120,2.04,1.999
405130,2.055,2.017
405140,2.069,2.026
405150,2.074,2.028
405160,2.059,2.021
405170,2.046,2.007
405180,2.014,1.986
405190,1.979,1.958
405200,1.931,1.924
405210,1.895,1.884
405220,1.84,1.839
405230,1.797,1.789
405240,1.75,1.737
405250,1.684,1.68
405260,1.629,1.621
405270,1.572,1.559
405280,1.502,1.497
405290,1.452,1.433
405300,1.375,1.368
405310,1.313,1.304
405320,1.247,1.239
405330,1.18,1.174
405340,1.118,1.111
405350,1.048,1.047
405360,0.995,0.984
405370,0.935,0.923
405380,0.866,0.863
405390,0.813,0.804
405400,0.761,0.747
405410,0.71,0.692
405420,0.653,0.64
405430,0.611,0.591
405440,0.563,0.545
405450,0.517,0.502
405460,0.475,0.465
405470,0.445,0.431
405480,0.421,0.403
405490,0.407,0.381
405500,0.394,0.365
405510,0.392,0.357
405520,0.396,0.355
405530,0.407,0.361
405540,0.428,0.375
405550,0.462,0.396
405560,0.503,0.424
405570,0.545,0.459
405580,0.593,0.501
405590,0.64,0.548
405600,0.695,0.601
405610,0.753,0.658
405620,0.816,0.72
405630,0.882,0.786
405640,0.948,0.854
405650,1.028,0.925
405660,1.097,0.998
405670,1.182,1.071
405680,1.25,1.147
405690,1.326,1.222
405700,1.409,1.298
405710,1.477,1.371
405720,1.551,1.445
405730,1.617,1.516
405740,1.692,1.586
405750,1.753,1.653
405760,1.826,1.718
405770,1.891,1.781
405780,1.958,1.841
405790,2.016,1.898
405800,2.069,1.95
405810,2.112,1.999
405820,2.16,2.042
405830,2.201,2.08
405840,2.217,2.112
405850,2.249,2.136
405860,2.261,2.153
405870,2.27,2.161
405880,2.262,2.161
405890,2.249,2.153
405900,2.244,2.137
405910,2.204,2.113
405920,2.171,2.083
405930,2.133,2.045
405940,2.085,2.001
405950,2.035,1.953
405960,1.985,1.899
405970,1.937,1.842
405980,1.872,1.782
405990,1.802,1.718
406000,1.74,1.653
406010,1.666,1.586
406020,1.6,1.518
406030,1.524,1.45
406040,1.455,1.382
406050,1.387,1.314
406060,1.307,1.246
406070,1.248,1.179
406080,1.178,1.112
406090,1.098,1.047
406100,1.034,0.982
406110,0.964,0.918
406120,0.911,0.856
406130,0.846,0.794
406140,0.785,0.735
406150,0.727,0.677
406160,0.665,0.621
406170,0.606,0.567
406180,0.549,0.517
406190,0.498,0.47
406200,0.465,0.427
406210,0.42,0.389
406220,0.398,0.355
406230,0.369,0.328
406240,0.366,0.307
406250,0.341,0.292
406260,0.337,0.284
406270,0.341,0.285
406280,0.343,0.292
406290,0.376,0.307
406300,0.385,0.33
406310,0.436,0.36
406320,0.471,0.396
406330,0.518,0.438
406340,0.583,0.487
406350,0.635,0.539
406360,0.697,0.597
406370,0.75,0.659
406380,0.82,0.723
406390,0.887,0.791
406400,0.952,0.862
406410,1.017,0.933
406420,1.091,1.007
406430,1.154,1.081
406440,1.238,1.155
406450,1.298,1.229
406460,1.383,1.303
406470,1.449,1.375
406480,1.521,1.446
406490,1.597,1.517
406500,1.669,1.584
406510,1.723,1.65
406520,1.785,1.715
406530,1.859,1.776
406540,1.908,1.834
406550,1.963,1.889
406560,2.009,1.939
406570,2.061,1.984
406580,2.09,2.024
406590,2.116,2.056
406600,2.142,2.081
406610,2.168,2.098
406620,2.172,2.107
406630,2.157,2.107
406640,2.135,2.1
406650,2.113,2.085
406660,2.093,2.063
406670,2.049,2.033
406680,2.012,1.997
406690,1.982,1.956
406700,1.917,1.91
406710,1.879,1.859
406720,1.833,1.805
406730,1.769,1.746
406740,1.705,1.685
406750,1.645,1.624
406760,1.573,1.559
406770,1.497,1.494
406780,1.446,1.429
406790,1.38,1.364
406800,1.304,1.297
406810,1.252,1.233
406820,1.172,1.168
406830,1.111,1.104
406840,1.045,1.041
406850,0.985,0.978
406860,,0.916
