# whyteislandnx Whyte Island (Brisbane R mouth) | minutes since 2026-01-01 00:00 AEST, level m LAT, MSQ prediction m LAT
396000,1.39,1.343
396010,1.414,1.372
396020,1.438,1.397
396030,1.462,1.422
396040,1.485,1.443
396050,1.508,1.461
396060,1.527,1.478
396070,1.543,1.491
396080,1.561,1.501
396090,1.574,1.507
396100,1.58,1.509
396110,1.573,1.508
396120,1.557,1.503
396130,1.546,1.495
396140,1.539,1.483
396150,1.529,1.468
396160,1.502,1.45
396170,1.476,1.428
396180,1.45,1.404
396190,1.425,1.377
396200,1.403,1.348
396210,1.368,1.318
396220,1.331,1.286
396230,1.293,1.252
396240,1.258,1.217
396250,1.22,1.181
396260,1.181,1.144
396270,1.138,1.107
396280,1.096,1.068
396290,1.052,1.03
396300,1.014,0.992
396310,0.975,0.954
396320,0.938,0.916
396330,0.899,0.88
396340,0.863,0.844
396350,0.832,0.81
396360,0.791,0.778
396370,0.754,0.746
396380,0.716,0.717
396390,0.685,0.692
396400,0.656,0.667
396410,0.633,0.646
396420,0.612,0.629
396430,0.595,0.613
396440,0.577,0.602
396450,0.556,0.595
396460,0.54,0.591
396470,0.542,0.592
396480,0.545,0.598
396490,0.555,0.607
396500,0.573,0.621
396510,0.589,0.64
396520,0.622,0.663
396530,0.649,0.69
396540,0.691,0.72
396550,0.728,0.755
396560,0.775,0.792
396570,0.813,0.833
396580,0.853,0.876
396590,0.898,0.922
396600,0.947,0.97
396610,0.997,1.02
396620,1.054,1.072
396630,1.108,1.125
396640,1.171,1.18
396650,1.227,1.236
396660,1.276,1.293
396670,1.335,1.349
396680,1.401,1.406
396690,1.461,1.464
396700,1.518,1.519
396710,1.578,1.575
396720,1.635,1.63
396730,1.683,1.682
396740,1.736,1.735
396750,1.793,1.785
396760,1.849,1.833
396770,1.9,1.88
396780,1.954,1.925
396790,1.99,1.966
396800,2.028,2.005
396810,2.06,2.041
396820,2.089,2.073
396830,2.115,2.102
396840,2.131,2.126
396850,2.153,2.145
396860,2.179,2.16
396870,2.197,2.17
396880,2.208,2.175
396890,2.213,2.175
396900,2.205,2.17
396910,2.185,2.16
396920,2.172,2.145
396930,2.147,2.126
396940,2.117,2.102
396950,2.087,2.075
396960,2.05,2.044
396970,2.007,2.009
396980,1.97,1.972
396990,1.923,1.932
397000,1.884,1.89
397010,1.833,1.846
397020,1.783,1.8
397030,1.728,1.753
397040,1.677,1.706
397050,1.627,1.657
397060,1.568,1.608
397070,1.51,1.56
397080,1.461,1.51
397090,1.413,1.461
397100,1.366,1.414
397110,1.32,1.367
397120,1.268,1.32
397130,1.216,1.275
397140,1.163,1.23
397150,1.11,1.186
397160,1.073,1.144
397170,1.04,1.103
397180,1.009,1.063
397190,0.976,1.026
397200,0.938,0.99
397210,0.893,0.957
397220,0.858,0.926
397230,0.824,0.898
397240,0.793,0.872
397250,0.767,0.85
397260,0.75,0.831
397270,0.734,0.816
397280,0.724,0.803
397290,0.717,0.794
397300,0.71,0.789
397310,0.707,0.786
397320,0.71,0.788
397330,0.711,0.794
397340,0.718,0.801
397350,0.722,0.813
397360,0.743,0.828
397370,0.771,0.845
397380,0.809,0.866
397390,0.843,0.889
397400,0.867,0.914
397410,0.892,0.94
397420,0.928,0.969
397430,0.957,0.999
397440,1.007,1.028
397450,1.05,1.059
397460,1.091,1.09
397470,1.122,1.12
397480,1.155,1.151
397490,1.188,1.181
397500,1.227,1.209
397510,1.258,1.238
397520,1.288,1.265
397530,1.318,1.291
397540,1.345,1.317
397550,1.373,1.34
397560,1.399,1.362
397570,1.419,1.382
397580,1.449,1.4
397590,1.464,1.414
397600,1.477,1.427
397610,1.484,1.437
397620,1.493,1.444
397630,1.506,1.448
397640,1.505,1.449
397650,1.506,1.446
397660,1.498,1.441
397670,1.486,1.432
397680,1.468,1.421
397690,1.454,1.406
397700,1.43,1.389
397710,1.417,1.369
397720,1.394,1.347
397730,1.373,1.322
397740,1.347,1.295
397750,1.309,1.267
397760,1.279,1.236
397770,1.251,1.205
397780,1.216,1.171
397790,1.176,1.137
397800,1.128,1.103
397810,1.091,1.067
397820,1.047,1.032
397830,1.01,0.997
397840,0.961,0.963
397850,0.925,0.929
397860,0.889,0.896
397870,0.864,0.866
397880,0.83,0.836
397890,0.8,0.807
397900,0.768,0.781
397910,0.731,0.756
397920,0.7,0.734
397930,0.681,0.714
397940,0.657,0.697
397950,0.631,0.683
397960,0.605,0.673
397970,0.593,0.665
397980,0.587,0.662
397990,0.59,0.662
398000,0.6,0.666
398010,0.606,0.673
398020,0.611,0.685
398030,0.627,0.701
398040,0.639,0.72
398050,0.669,0.743
398060,0.688,0.77
398070,0.722,0.801
398080,0.763,0.834
398090,0.811,0.871
398100,0.851,0.912
398110,0.903,0.954
398120,0.946,1.001
398130,0.997,1.049
398140,1.048,1.098
398150,1.11,1.151
398160,1.166,1.205
398170,1.23,1.258
398180,1.286,1.313
398190,1.345,1.369
398200,1.402,1.424
398210,1.458,1.479
398220,1.515,1.534
398230,1.569,1.588
398240,1.624,1.641
398250,1.678,1.694
398260,1.735,1.745
398270,1.797,1.795
398280,1.856,1.843
398290,1.903,1.89
398300,1.95,1.933
398310,1.995,1.975
398320,2.035,2.014
398330,2.077,2.048
398340,2.112,2.08
398350,2.14,2.108
398360,2.166,2.131
398370,2.194,2.15
398380,2.211,2.164
398390,2.228,2.174
398400,2.236,2.178
398410,2.242,2.178
398420,2.242,2.173
398430,2.235,2.162
398440,2.22,2.148
398450,2.201,2.129
398460,2.171,2.105
398470,2.159,2.078
398480,2.129,2.047
398490,2.101,2.013
398500,2.041,1.975
398510,1.99,1.936
398520,1.94,1.893
398530,1.895,1.848
398540,1.844,1.803
398550,1.787,1.755
398560,1.726,1.706
398570,1.68,1.658
398580,1.636,1.608
398590,1.589,1.557
398600,1.534,1.508
398610,1.478,1.457
398620,1.427,1.407
398630,1.377,1.358
398640,1.322,1.308
398650,1.271,1.258
398660,1.221,1.211
398670,1.174,1.163
398680,1.133,1.116
398690,1.087,1.071
398700,1.043,1.026
398710,1.004,0.984
398720,0.964,0.944
398730,0.929,0.906
398740,0.89,0.87
398750,0.859,0.838
398760,0.821,0.808
398770,0.791,0.782
398780,0.766,0.759
398790,0.74,0.74
398800,0.72,0.724
398810,0.705,0.713
398820,0.696,0.705
398830,0.682,0.702
398840,0.677,0.703
398850,0.682,0.707
398860,0.692,0.715
398870,0.714,0.728
398880,0.726,0.744
398890,0.744,0.764
398900,0.768,0.787
398910,0.792,0.811
398920,0.827,0.839
398930,0.855,0.868
398940,0.888,0.899
398950,0.925,0.932
398960,0.96,0.965
398970,0.998,0.999
398980,1.041,1.035
398990,1.088,1.07
399000,1.128,1.106
399010,1.174,1.142
399020,1.214,1.178
399030,1.25,1.214
399040,1.284,1.25
399050,1.324,1.285
399060,1.363,1.318
399070,1.4,1.351
399080,1.432,1.382
399090,1.459,1.41
399100,1.487,1.437
399110,1.521,1.46
399120,1.544,1.481
399130,1.565,1.499
399140,1.583,1.512
399150,1.607,1.523
399160,1.617,1.53
399170,1.625,1.533
399180,1.628,1.532
399190,1.616,1.527
399200,1.612,1.518
399210,1.598,1.505
399220,1.579,1.49
399230,1.558,1.47
399240,1.53,1.446
399250,1.5,1.421
399260,1.466,1.392
399270,1.428,1.36
399280,1.39,1.328
399290,1.349,1.292
399300,1.31,1.255
399310,1.264,1.217
399320,1.217,1.179
399330,1.176,1.139
399340,1.141,1.1
399350,1.097,1.061
399360,1.049,1.021
399370,0.999,0.983
399380,0.955,0.945
399390,0.914,0.908
399400,0.878,0.873
399410,0.839,0.839
399420,0.803,0.807
399430,0.766,0.777
399440,0.734,0.748
399450,0.702,0.723
399460,0.672,0.7
399470,0.641,0.681
399480,0.619,0.665
399490,0.599,0.653
399500,0.583,0.644
399510,0.567,0.64
399520,0.561,0.639
399530,0.559,0.644
399540,0.571,0.652
399550,0.584,0.665
399560,0.598,0.682
399570,0.62,0.704
399580,0.645,0.73
399590,0.685,0.761
399600,0.726,0.796
399610,0.776,0.835
399620,0.825,0.878
399630,0.865,0.924
399640,0.927,0.974
399650,0.979,1.026
399660,1.038,1.081
399670,1.103,1.137
399680,1.168,1.194
399690,1.226,1.253
399700,1.291,1.313
399710,1.357,1.372
399720,1.421,1.432
399730,1.485,1.492
399740,1.546,1.551
399750,1.611,1.611
399760,1.677,1.67
399770,1.738,1.726
399780,1.802,1.783
399790,1.855,1.837
399800,1.914,1.89
399810,1.973,1.94
399820,2.024,1.988
399830,2.07,2.032
399840,2.109,2.074
399850,2.151,2.111
399860,2.193,2.144
399870,2.233,2.172
399880,2.261,2.196
399890,2.286,2.215
399900,2.301,2.228
399910,2.316,2.236
399920,2.333,2.239
399930,2.334,2.235
399940,2.325,2.227
399950,2.315,2.213
399960,2.291,2.194
399970,2.266,2.17
399980,2.238,2.142
399990,2.195,2.109
400000,2.146,2.071
400010,2.097,2.031
400020,2.045,1.987
400030,1.995,1.939
400040,1.935,1.89
400050,1.882,1.839
400060,1.826,1.786
400070,1.767,1.731
400080,1.715,1.676
400090,1.659,1.62
400100,1.605,1.563
400110,1.545,1.507
400120,1.483,1.449
400130,1.42,1.392
400140,1.363,1.335
400150,1.305,1.278
400160,1.251,1.22
400170,1.194,1.165
400180,1.142,1.109
400190,1.093,1.055
400200,1.042,1.002
400210,0.993,0.951
400220,0.949,0.901
400230,0.907,0.854
400240,0.867,0.81
400250,0.822,0.768
400260,0.779,0.73
400270,0.741,0.695
400280,0.707,0.664
400290,0.682,0.637
400300,0.657,0.614
400310,0.633,0.596
400320,0.618,0.583
400330,0.607,0.575
400340,0.593,0.573
400350,0.588,0.575
400360,0.588,0.583
400370,0.595,0.597
400380,0.621,0.614
400390,0.651,0.637
400400,0.692,0.664
400410,0.731,0.693
400420,0.764,0.727
400430,0.814,0.764
400440,0.848,0.802
400450,0.886,0.843
400460,0.924,0.887
400470,0.976,0.932
400480,1.028,0.977
400490,1.082,1.024
400500,1.136,1.072
400510,1.183,1.12
400520,1.233,1.169
400530,1.282,1.218
400540,1.342,1.266
400550,1.388,1.314
400560,1.431,1.362
400570,1.471,1.407
400580,1.507,1.45
400590,1.556,1.492
400600,1.597,1.53
400610,1.632,1.566
400620,1.663,1.598
400630,1.694,1.626
400640,1.726,1.65
400650,1.745,1.67
400660,1.759,1.684
400670,1.756,1.694
400680,1.744,1.699
400690,1.753,1.699
400700,1.748,1.693
400710,1.742,1.683
400720,1.719,1.668
400730,1.696,1.647
400740,1.674,1.622
400750,1.644,1.593
400760,1.609,1.56
400770,1.561,1.523
400780,1.517,1.484
400790,1.475,1.441
400800,1.429,1.397
400810,1.38,1.351
400820,1.328,1.304
400830,1.275,1.255
400840,1.222,1.207
400850,1.167,1.158
400860,1.107,1.108
400870,1.052,1.06
400880,1.003,1.011
400890,0.957,0.963
400900,0.91,0.917
400910,0.865,0.872
400920,0.816,0.828
400930,0.768,0.787
400940,0.722,0.748
400950,0.681,0.711
400960,0.645,0.678
400970,0.607,0.648
400980,0.581,0.621
400990,0.555,0.598
401000,0.534,0.58
401010,0.506,0.565
401020,0.492,0.556
401030,0.477,0.551
401040,0.473,0.552
401050,0.476,0.557
401060,0.483,0.568
401070,0.488,0.586
401080,0.507,0.608
401090,0.537,0.637
401100,0.577,0.671
401110,0.624,0.711
401120,0.692,0.755
401130,0.755,0.805
401140,0.824,0.859
401150,0.887,0.915
401160,0.945,0.975
401170,1.012,1.038
401180,1.071,1.101
401190,1.142,1.167
401200,1.207,1.235
401210,1.274,1.301
401220,1.344,1.369
401230,1.422,1.437
401240,1.498,1.504
401250,1.57,1.572
401260,1.635,1.638
401270,1.697,1.704
401280,1.762,1.768
401290,1.83,1.831
401300,1.897,1.891
401310,1.962,1.95
401320,2.019,2.005
401330,2.08,2.057
401340,2.129,2.106
401350,2.182,2.15
401360,2.227,2.19
401370,2.252,2.224
401380,2.282,2.254
401390,2.318,2.277
401400,2.353,2.295
401410,2.372,2.306
401420,2.389,2.311
401430,2.395,2.31
401440,2.395,2.302
401450,2.383,2.287
401460,2.364,2.267
401470,2.338,2.24
401480,2.304,2.208
401490,2.266,2.17
401500,2.215,2.128
401510,2.168,2.08
401520,2.117,2.03
401530,2.056,1.975
401540,1.984,1.918
401550,1.919,1.86
401560,1.856,1.799
401570,1.787,1.737
401580,1.727,1.674
401590,1.67,1.611
401600,1.61,1.546
401610,1.54,1.482
401620,1.47,1.418
401630,1.407,1.353
401640,1.34,1.289
401650,1.271,1.225
401660,1.202,1.161
401670,1.139,1.099
401680,1.083,1.037
401690,1.034,0.977
401700,0.99,0.918
401710,0.932,0.861
401720,0.876,0.806
401730,0.827,0.754
401740,0.781,0.704
401750,0.729,0.657
401760,0.68,0.614
401770,0.635,0.575
401780,0.594,0.541
401790,0.573,0.511
401800,0.53,0.486
401810,0.51,0.468
401820,0.509,0.456
401830,0.477,0.451
401840,0.469,0.452
401850,0.476,0.461
401860,0.492,0.475
401870,0.5,0.497
401880,0.527,0.524
401890,0.555,0.555
401900,0.597,0.593
401910,0.643,0.635
401920,0.69,0.68
401930,0.735,0.728
401940,0.775,0.78
401950,0.826,0.833
401960,0.884,0.889
401970,0.94,0.946
401980,1.007,1.004
401990,1.075,1.063
402000,1.142,1.124
402010,1.211,1.184
402020,1.279,1.245
402030,1.338,1.305
402040,1.389,1.364
402050,1.448,1.423
402060,1.504,1.48
402070,1.559,1.535
402080,1.611,1.587
402090,1.662,1.637
402100,1.715,1.683
402110,1.757,1.725
402120,1.803,1.763
402130,1.834,1.797
402140,1.864,1.824
402150,1.889,1.847
402160,1.911,1.864
402170,1.927,1.874
402180,1.929,1.877
402190,1.925,1.875
402200,1.912,1.866
402210,1.899,1.85
402220,1.873,1.828
402230,1.855,1.801
402240,1.837,1.767
402250,1.804,1.729
402260,1.759,1.687
402270,1.703,1.641
402280,1.641,1.591
402290,1.577,1.539
402300,1.516,1.484
402310,1.459,1.428
402320,1.386,1.371
402330,1.318,1.313
402340,1.258,1.255
402350,1.207,1.197
402360,1.155,1.138
402370,1.1,1.08
402380,1.042,1.023
402390,0.983,0.967
402400,0.929,0.912
402410,0.864,0.859
402420,0.802,0.807
402430,0.747,0.758
402440,0.691,0.712
402450,0.648,0.668
402460,0.605,0.628
402470,0.556,0.591
402480,0.51,0.558
402490,0.475,0.529
402500,0.438,0.504
402510,0.407,0.484
402520,0.385,0.469
402530,0.368,0.46
402540,0.358,0.457
402550,0.358,0.461
402560,0.357,0.471
402570,0.369,0.49
402580,0.393,0.515
402590,0.437,0.547
402600,0.454,0.586
402610,0.498,0.632
402620,0.555,0.682
402630,0.601,0.739
402640,0.669,0.8
402650,0.734,0.864
402660,0.81,0.932
402670,0.88,1.002
402680,0.956,1.074
402690,1.032,1.147
402700,1.103,1.221
402710,1.188,1.295
402720,1.271,1.369
402730,1.349,1.443
402740,1.425,1.517
402750,1.507,1.59
402760,1.581,1.662
402770,1.649,1.733
402780,1.725,1.802
402790,1.802,1.869
402800,1.87,1.934
402810,1.93,1.995
402820,1.994,2.054
402830,2.049,2.109
402840,2.101,2.158
402850,2.153,2.204
402860,2.191,2.245
402870,2.226,2.28
402880,2.265,2.308
402890,2.303,2.33
402900,2.317,2.345
402910,2.333,2.353
402920,2.344,2.353
402930,2.35,2.346
402940,2.357,2.331
402950,2.348,2.308
402960,2.309,2.279
402970,2.262,2.243
402980,2.22,2.201
402990,2.171,2.154
403000,2.106,2.101
403010,2.05,2.044
403020,1.991,1.984
403030,1.925,1.92
403040,1.861,1.855
403050,1.794,1.789
403060,1.718,1.721
403070,1.642,1.652
403080,1.575,1.583
403090,1.519,1.514
403100,1.44,1.444
403110,1.368,1.375
403120,1.299,1.307
403130,1.229,1.239
403140,1.165,1.171
403150,1.1,1.105
403160,1.027,1.039
403170,0.969,0.974
403180,0.906,0.911
403190,0.84,0.849
403200,0.78,0.789
403210,0.726,0.731
403220,0.678,0.675
403230,0.636,0.622
403240,0.595,0.572
403250,0.546,0.525
403260,0.511,0.483
403270,0.469,0.447
403280,0.436,0.415
403290,0.4,0.391
403300,0.38,0.373
403310,0.362,0.364
403320,0.348,0.362
403330,0.35,0.367
403340,0.359,0.382
403350,0.391,0.404
403360,0.427,0.432
403370,0.458,0.468
403380,0.499,0.51
403390,0.554,0.557
403400,0.614,0.609
403410,0.672,0.665
403420,0.73,0.723
403430,0.787,0.785
403440,0.849,0.849
403450,0.92,0.913
403460,0.988,0.981
403470,1.061,1.049
403480,1.127,1.117
403490,1.196,1.186
403500,1.276,1.256
403510,1.365,1.324
403520,1.441,1.392
403530,1.504,1.46
403540,1.564,1.525
403550,1.613,1.589
403560,1.671,1.65
403570,1.726,1.709
403580,1.778,1.764
403590,1.827,1.816
403600,1.879,1.863
403610,1.927,1.906
403620,1.966,1.943
403630,2,1.974
403640,2.028,1.998
403650,2.045,2.016
403660,2.048,2.026
403670,2.049,2.029
403680,2.046,2.024
403690,2.038,2.012
403700,2.02,1.993
403710,1.986,1.966
403720,1.952,1.932
403730,1.914,1.893
403740,1.87,1.848
403750,1.809,1.798
403760,1.747,1.745
403770,1.689,1.687
403780,1.629,1.628
403790,1.567,1.567
403800,1.497,1.504
403810,1.427,1.439
403820,1.363,1.375
403830,1.298,1.31
403840,1.233,1.245
403850,1.169,1.182
403860,1.105,1.118
403870,1.045,1.055
403880,0.984,0.994
403890,0.921,0.933
403900,0.862,0.875
403910,0.801,0.819
403920,0.741,0.764
403930,0.692,0.712
403940,0.641,0.663
403950,0.591,0.616
403960,0.547,0.573
403970,0.499,0.533
403980,0.458,0.497
403990,0.427,0.466
404000,0.396,0.44
404010,0.372,0.419
404020,0.355,0.405
404030,0.346,0.399
404040,0.341,0.399
404050,0.346,0.408
404060,0.362,0.425
404070,0.381,0.45
404080,0.419,0.484
404090,0.456,0.525
404100,0.507,0.573
404110,0.562,0.627
404120,0.625,0.688
404130,0.696,0.752
404140,0.773,0.821
404150,0.855,0.892
404160,0.935,0.966
404170,1.012,1.042
404180,1.091,1.119
404190,1.166,1.196
404200,1.243,1.274
404210,1.317,1.352
404220,1.398,1.429
404230,1.477,1.506
404240,1.55,1.582
404250,1.634,1.656
404260,1.707,1.729
404270,1.777,1.8
404280,1.854,1.868
404290,1.923,1.934
404300,1.991,1.997
404310,2.054,2.056
404320,2.114,2.112
404330,2.172,2.162
404340,2.223,2.208
404350,2.266,2.248
404360,2.305,2.282
404370,2.336,2.309
404380,2.36,2.329
404390,2.375,2.341
404400,2.382,2.345
404410,2.38,2.341
404420,2.374,2.329
404430,2.361,2.308
404440,2.338,2.28
404450,2.301,2.244
404460,2.258,2.2
404470,2.199,2.152
404480,2.139,2.097
404490,2.073,2.037
404500,1.999,1.975
404510,1.933,1.908
404520,1.858,1.84
404530,1.789,1.77
404540,1.724,1.699
404550,1.654,1.627
404560,1.583,1.556
404570,1.507,1.484
404580,1.43,1.412
404590,1.36,1.342
404600,1.288,1.272
404610,1.221,1.202
404620,1.15,1.134
404630,1.081,1.066
404640,1.014,1
404650,0.951,0.936
404660,0.89,0.872
404670,0.827,0.809
404680,0.768,0.748
404690,0.711,0.689
404700,0.658,0.632
404710,0.604,0.578
404720,0.557,0.526
404730,0.515,0.478
404740,0.475,0.434
404750,0.437,0.396
404760,0.401,0.364
404770,0.368,0.338
404780,0.348,0.32
404790,0.334,0.311
404800,0.326,0.309
404810,0.33,0.317
404820,0.341,0.334
404830,0.368,0.359
404840,0.401,0.392
404850,0.443,0.433
404860,0.495,0.48
404870,0.556,0.533
404880,0.628,0.591
404890,0.699,0.653
404900,0.785,0.717
404910,0.841,0.786
404920,0.91,0.856
404930,0.985,0.927
404940,1.06,1.001
404950,1.136,1.075
404960,1.208,1.149
404970,1.278,1.224
404980,1.354,1.298
404990,1.43,1.371
405000,1.507,1.445
405010,1.584,1.517
405020,1.658,1.587
405030,1.724,1.655
405040,1.787,1.722
405050,1.845,1.784
405060,1.904,1.845
405070,1.953,1.901
405080,2.003,1.953
405090,2.046,2
405100,2.087,2.042
405110,2.122,2.077
405120,2.155,2.106
405130,2.173,2.127
405140,2.187,2.141
405150,2.195,2.146
405160,2.2,2.143
405170,2.194,2.132
405180,2.176,2.112
405190,2.142,2.084
405200,2.102,2.051
405210,2.056,2.009
405220,2.01,1.962
405230,1.954,1.91
405240,1.893,1.854
405250,1.827,1.793
405260,1.759,1.731
405270,1.692,1.666
405280,1.625,1.599
405290,1.563,1.532
405300,1.498,1.465
405310,1.437,1.397
405320,1.368,1.329
405330,1.307,1.263
405340,1.239,1.196
405350,1.177,1.13
405360,1.115,1.067
405370,1.054,1.004
405380,0.996,0.942
405390,0.938,0.882
405400,0.877,0.824
405410,0.83,0.768
405420,0.78,0.714
405430,0.729,0.663
405440,0.679,0.613
405450,0.633,0.568
405460,0.59,0.525
405470,0.56,0.486
405480,0.525,0.453
405490,0.499,0.425
405500,0.474,0.404
405510,0.465,0.389
405520,0.461,0.383
405530,0.461,0.386
405540,0.472,0.397
405550,0.491,0.417
405560,0.516,0.446
405570,0.561,0.482
405580,0.617,0.527
405590,0.681,0.579
405600,0.747,0.636
405610,0.813,0.699
405620,0.882,0.767
405630,0.957,0.837
405640,1.035,0.91
405650,1.109,0.986
405660,1.19,1.062
405670,1.267,1.14
405680,1.346,1.218
405690,1.432,1.296
405700,1.514,1.373
405710,1.592,1.451
405720,1.677,1.526
405730,1.755,1.601
405740,1.828,1.674
405750,1.894,1.745
405760,1.963,1.813
405770,2.031,1.879
405780,2.1,1.942
405790,2.165,2
405800,2.225,2.056
405810,2.278,2.107
405820,2.32,2.153
405830,2.358,2.193
405840,2.395,2.227
405850,2.423,2.254
405860,2.442,2.274
405870,2.453,2.287
405880,2.459,2.29
405890,2.452,2.286
405900,2.443,2.272
405910,2.424,2.251
405920,2.393,2.221
405930,2.346,2.183
405940,2.29,2.139
405950,2.237,2.087
405960,2.176,2.03
405970,2.112,1.969
405980,2.05,1.904
405990,1.983,1.835
406000,1.916,1.766
406010,1.848,1.694
406020,1.771,1.622
406030,1.696,1.55
406040,1.621,1.477
406050,1.55,1.404
406060,1.479,1.334
406070,1.412,1.263
406080,1.338,1.193
406090,1.27,1.125
406100,1.196,1.058
406110,1.126,0.991
406120,1.058,0.927
406130,0.992,0.863
406140,0.933,0.801
406150,0.875,0.742
406160,0.819,0.683
406170,0.764,0.627
406180,0.706,0.572
406190,0.65,0.521
406200,0.592,0.472
406210,0.549,0.427
406220,0.511,0.387
406230,0.481,0.352
406240,0.452,0.324
406250,0.425,0.303
406260,0.402,0.29
406270,0.394,0.285
406280,0.385,0.29
406290,0.393,0.303
406300,0.411,0.326
406310,0.438,0.357
406320,0.477,0.396
406330,0.529,0.443
406340,0.595,0.496
406350,0.657,0.554
406360,0.731,0.618
406370,0.801,0.684
406380,0.875,0.755
406390,0.939,0.828
406400,1.012,0.902
406410,1.082,0.978
406420,1.171,1.055
406430,1.244,1.132
406440,1.318,1.21
406450,1.393,1.288
406460,1.469,1.364
406470,1.546,1.441
406480,1.618,1.516
406490,1.691,1.589
406500,1.764,1.661
406510,1.827,1.731
406520,1.893,1.799
406530,1.949,1.863
406540,2.011,1.925
406550,2.069,1.982
406560,2.124,2.035
406570,2.167,2.084
406580,2.2,2.126
406590,2.224,2.162
406600,2.249,2.191
406610,2.271,2.213
406620,2.291,2.225
406630,2.29,2.23
406640,2.28,2.226
406650,2.263,2.214
406660,2.243,2.193
406670,2.212,2.164
406680,2.175,2.128
406690,2.128,2.084
406700,2.081,2.035
406710,2.026,1.982
406720,1.962,1.923
406730,1.902,1.861
406740,1.832,1.798
406750,1.766,1.731
406760,1.695,1.663
406770,1.626,1.596
406780,1.553,1.527
406790,1.486,1.459
406800,1.418,1.392
406810,1.354,1.324
406820,1.289,1.257
406830,1.228,1.192
406840,1.16,1.127
406850,1.094,1.063
406860,1.025,1.002
406870,0.963,0.941
406880,0.908,0.881
406890,0.857,0.824
406900,0.804,0.768
406910,0.754,0.715
406920,0.709,0.664
406930,0.666,0.615
406940,0.618,0.569
406950,0.581,0.528
406960,0.544,0.491
406970,0.502,0.459
406980,0.476,0.435
406990,0.472,0.417
407000,0.464,0.408
407010,0.465,0.406
407020,0.472,0.414
407030,0.494,0.431
407040,0.523,0.456
407050,0.558,0.49
407060,0.589,0.532
407070,0.643,0.581
407080,0.696,0.634
407090,0.755,0.694
407100,0.823,0.759
407110,0.898,0.826
407120,0.977,0.896
407130,1.048,0.969
407140,1.125,1.042
407150,1.192,1.117
407160,1.268,1.192
407170,1.343,1.267
407180,1.421,1.343
407190,1.499,1.417
407200,1.578,1.49
407210,1.652,1.562
407220,1.716,1.632
407230,1.777,1.699
407240,1.842,1.765
407250,1.903,1.828
407260,1.97,1.887
407270,2.027,1.943
407280,2.079,1.995
407290,2.123,2.042
407300,2.165,2.085
407310,2.195,2.122
407320,2.223,2.152
407330,2.248,2.176
407340,2.268,2.192
407350,2.277,2.201
407360,2.27,2.201
407370,2.258,2.194
407380,2.237,2.178
407390,2.215,2.153
407400,2.177,2.12
407410,2.13,2.08
407420,2.079,2.033
407430,2.034,1.979
407440,1.977,1.922
407450,1.915,1.859
407460,1.841,1.793
407470,1.757,1.725
407480,1.687,1.654
407490,1.626,1.582
407500,1.567,1.511
407510,1.505,1.44
407520,1.431,1.368
407530,1.358,1.296
407540,1.289,1.227
407550,1.218,1.158
407560,1.152,1.09
407570,1.085,1.024
407580,1.016,0.958
407590,0.958,0.895
407600,0.899,0.833
407610,0.836,0.773
407620,0.776,0.715
407630,0.724,0.659
407640,0.668,0.604
407650,0.617,0.552
407660,0.57,0.503
407670,0.524,0.457
407680,0.476,0.414
407690,0.437,0.376
407700,0.405,0.343
407710,0.381,0.316
407720,0.361,0.296
407730,0.346,0.284
407740,0.34,0.279
407750,0.341,0.284
407760,,0.297
