# bananabank Banana Bank | minutes since 2026-01-01 00:00 AEST, level m LAT, MSQ prediction m LAT
396000,1.532,1.607
396010,1.571,1.637
396020,1.61,1.666
396030,1.641,1.692
396040,1.672,1.714
396050,1.697,1.733
396060,1.716,1.749
396070,1.733,1.759
396080,1.748,1.766
396090,1.757,1.769
396100,1.761,1.768
396110,1.762,1.763
396120,1.761,1.754
396130,1.756,1.741
396140,1.748,1.724
396150,1.737,1.704
396160,1.723,1.681
396170,1.702,1.655
396180,1.676,1.626
396190,1.65,1.594
396200,1.619,1.559
396210,1.585,1.521
396220,1.55,1.482
396230,1.51,1.441
396240,1.469,1.398
396250,1.423,1.355
396260,1.38,1.31
396270,1.336,1.265
396280,1.29,1.22
396290,1.245,1.176
396300,1.199,1.132
396310,1.154,1.088
396320,1.107,1.047
396330,1.062,1.006
396340,1.019,0.966
396350,0.978,0.931
396360,0.938,0.896
396370,0.9,0.865
396380,0.867,0.837
396390,0.833,0.813
396400,0.799,0.791
396410,0.772,0.775
396420,0.747,0.761
396430,0.724,0.752
396440,0.711,0.747
396450,0.698,0.746
396460,0.683,0.748
396470,0.673,0.756
396480,0.67,0.767
396490,0.674,0.782
396500,0.683,0.802
396510,0.696,0.825
396520,0.712,0.853
396530,0.734,0.884
396540,0.762,0.92
396550,0.793,0.959
396560,0.832,1.002
396570,0.878,1.049
396580,0.926,1.098
396590,0.977,1.149
396600,1.031,1.203
396610,1.09,1.26
396620,1.15,1.317
396630,1.21,1.376
396640,1.272,1.437
396650,1.337,1.497
396660,1.402,1.557
396670,1.463,1.619
396680,1.525,1.679
396690,1.588,1.74
396700,1.65,1.801
396710,1.712,1.86
396720,1.775,1.917
396730,1.835,1.974
396740,1.892,2.028
396750,1.949,2.08
396760,2.004,2.131
396770,2.059,2.179
396780,2.108,2.223
396790,2.156,2.264
396800,2.204,2.301
396810,2.243,2.334
396820,2.278,2.363
396830,2.313,2.387
396840,2.341,2.405
396850,2.361,2.42
396860,2.376,2.43
396870,2.388,2.434
396880,2.392,2.434
396890,2.395,2.429
396900,2.398,2.419
396910,2.395,2.405
396920,2.383,2.385
396930,2.372,2.362
396940,2.349,2.333
396950,2.325,2.3
396960,2.298,2.264
396970,2.264,2.224
396980,2.226,2.18
396990,2.182,2.134
397000,2.133,2.085
397010,2.08,2.034
397020,2.03,1.982
397030,1.974,1.928
397040,1.915,1.873
397050,1.856,1.818
397060,1.793,1.762
397070,1.733,1.706
397080,1.67,1.652
397090,1.607,1.597
397100,1.551,1.543
397110,1.493,1.492
397120,1.436,1.441
397130,1.383,1.392
397140,1.332,1.346
397150,1.284,1.301
397160,1.234,1.259
397170,1.188,1.219
397180,1.147,1.181
397190,1.109,1.146
397200,1.072,1.113
397210,1.039,1.083
397220,1.008,1.055
397230,0.974,1.029
397240,0.945,1.007
397250,0.92,0.987
397260,0.896,0.971
397270,0.878,0.958
397280,0.859,0.949
397290,0.842,0.943
397300,0.83,0.941
397310,0.822,0.943
397320,0.82,0.948
397330,0.82,0.957
397340,0.828,0.969
397350,0.835,0.986
397360,0.846,1.004
397370,0.865,1.025
397380,0.888,1.05
397390,0.917,1.076
397400,0.947,1.104
397410,0.982,1.135
397420,1.017,1.166
397430,1.054,1.2
397440,1.096,1.234
397450,1.142,1.268
397460,1.187,1.303
397470,1.235,1.338
397480,1.281,1.373
397490,1.324,1.407
397500,1.364,1.441
397510,1.405,1.472
397520,1.442,1.503
397530,1.481,1.532
397540,1.517,1.558
397550,1.548,1.583
397560,1.576,1.604
397570,1.599,1.623
397580,1.62,1.639
397590,1.641,1.653
397600,1.659,1.663
397610,1.672,1.67
397620,1.681,1.675
397630,1.688,1.676
397640,1.693,1.675
397650,1.692,1.67
397660,1.689,1.663
397670,1.688,1.652
397680,1.679,1.638
397690,1.661,1.621
397700,1.647,1.601
397710,1.628,1.578
397720,1.604,1.552
397730,1.577,1.524
397740,1.547,1.493
397750,1.519,1.459
397760,1.487,1.425
397770,1.45,1.388
397780,1.413,1.35
397790,1.376,1.312
397800,,1.272
397810,1.293,1.232
397820,1.251,1.193
397830,1.208,1.153
397840,1.165,1.114
397850,1.12,1.078
397860,1.076,1.042
397870,1.037,1.008
397880,0.995,0.978
397890,0.956,0.949
397900,0.921,0.923
397910,0.887,0.901
397920,0.857,0.881
397930,0.826,0.864
397940,0.801,0.852
397950,0.781,0.841
397960,0.764,0.834
397970,0.75,0.831
397980,0.739,0.832
397990,0.729,0.835
398000,0.725,0.843
398010,0.726,0.854
398020,0.736,0.869
398030,0.743,0.888
398040,0.756,0.91
398050,0.774,0.937
398060,0.796,0.967
398070,0.821,1
398080,0.853,1.037
398090,0.889,1.078
398100,0.933,1.12
398110,0.977,1.166
398120,1.025,1.214
398130,1.079,1.265
398140,1.136,1.318
398150,1.192,1.373
398160,1.253,1.428
398170,1.314,1.486
398180,1.38,1.545
398190,1.444,1.603
398200,1.512,1.663
398210,1.575,1.723
398220,1.64,1.782
398230,1.705,1.841
398240,1.769,1.899
398250,1.83,1.955
398260,1.89,2.01
398270,1.949,2.063
398280,2.006,2.112
398290,2.061,2.16
398300,2.117,2.204
398310,2.167,2.244
398320,2.215,2.281
398330,2.255,2.314
398340,2.296,2.342
398350,2.329,2.367
398360,2.367,2.387
398370,2.396,2.403
398380,2.417,2.415
398390,2.431,2.421
398400,2.442,2.423
398410,2.446,2.42
398420,2.449,2.413
398430,2.451,2.4
398440,2.435,2.383
398450,2.425,2.361
398460,2.405,2.335
398470,2.376,2.304
398480,2.352,2.269
398490,2.32,2.231
398500,2.293,2.19
398510,2.255,2.145
398520,2.204,2.097
398530,2.155,2.048
398540,2.1,1.996
398550,2.044,1.942
398560,1.985,1.888
398570,1.927,1.832
398580,1.866,1.775
398590,1.803,1.719
398600,1.743,1.662
398610,1.68,1.606
398620,1.623,1.551
398630,1.574,1.497
398640,1.518,1.443
398650,1.461,1.393
398660,1.406,1.343
398670,1.352,1.294
398680,1.305,1.248
398690,1.258,1.202
398700,1.21,1.159
398710,1.166,1.118
398720,1.126,1.08
398730,1.089,1.043
398740,1.048,1.009
398750,1.009,0.978
398760,0.977,0.95
398770,0.948,0.926
398780,0.918,0.905
398790,0.89,0.888
398800,0.868,0.873
398810,0.845,0.863
398820,0.829,0.857
398830,0.816,0.855
398840,0.808,0.857
398850,0.802,0.863
398860,0.804,0.872
398870,0.807,0.886
398880,0.819,0.903
398890,0.833,0.923
398900,0.851,0.947
398910,0.873,0.973
398920,0.901,1.004
398930,0.933,1.035
398940,0.97,1.07
398950,1.011,1.107
398960,1.054,1.145
398970,1.1,1.184
398980,1.145,1.226
398990,1.191,1.266
399000,1.242,1.308
399010,1.293,1.349
399020,1.34,1.389
399030,1.392,1.43
399040,1.439,1.469
399050,1.484,1.505
399060,1.531,1.541
399070,1.567,1.575
399080,1.604,1.606
399090,1.641,1.636
399100,1.675,1.663
399110,1.703,1.687
399120,1.733,1.708
399130,1.753,1.726
399140,1.773,1.741
399150,1.793,1.752
399160,1.807,1.759
399170,1.82,1.763
399180,1.823,1.762
399190,1.823,1.757
399200,1.819,1.748
399210,1.812,1.735
399220,1.802,1.717
399230,1.788,1.696
399240,1.771,1.671
399250,1.746,1.642
399260,1.713,1.61
399270,1.677,1.575
399280,1.635,1.537
399290,1.596,1.498
399300,1.553,1.455
399310,1.506,1.412
399320,1.456,1.367
399330,1.404,1.321
399340,1.351,1.275
399350,1.3,1.229
399360,1.249,1.185
399370,1.198,1.142
399380,1.147,1.1
399390,1.097,1.06
399400,1.049,1.022
399410,1.004,0.986
399420,0.96,0.954
399430,0.92,0.924
399440,0.88,0.896
399450,0.846,0.872
399460,0.814,0.851
399470,0.786,0.833
399480,0.761,0.819
399490,0.741,0.808
399500,0.722,0.801
399510,0.71,0.799
399520,0.699,0.8
399530,0.694,0.806
399540,0.694,0.816
399550,0.699,0.83
399560,0.709,0.849
399570,0.718,0.871
399580,0.74,0.899
399590,0.763,0.931
399600,0.792,0.965
399610,0.832,1.005
399620,0.875,1.049
399630,0.922,1.095
399640,0.975,1.147
399650,1.034,1.201
399660,1.096,1.257
399670,1.163,1.316
399680,1.226,1.379
399690,1.298,1.442
399700,1.368,1.507
399710,1.444,1.574
399720,1.523,1.639
399730,1.592,1.707
399740,1.662,1.773
399750,1.735,1.839
399760,1.804,1.903
399770,1.874,1.966
399780,1.938,2.027
399790,2.001,2.084
399800,2.066,2.14
399810,2.124,2.192
399820,2.184,2.24
399830,2.236,2.285
399840,2.294,2.326
399850,2.342,2.362
399860,2.383,2.395
399870,2.424,2.423
399880,2.452,2.446
399890,2.483,2.463
399900,2.504,2.476
399910,2.527,2.483
399920,2.536,2.485
399930,2.541,2.48
399940,2.538,2.471
399950,2.532,2.455
399960,2.52,2.435
399970,2.506,2.409
399980,2.481,2.379
399990,2.456,2.343
400000,2.42,2.304
400010,2.377,2.26
400020,2.33,2.212
400030,2.279,2.162
400040,2.222,2.107
400050,2.162,2.049
400060,2.097,1.991
400070,2.031,1.929
400080,1.963,1.866
400090,1.895,1.802
400100,1.829,1.737
400110,1.761,1.672
400120,1.691,1.609
400130,1.627,1.545
400140,1.571,1.482
400150,1.515,1.421
400160,1.444,1.361
400170,1.383,1.302
400180,1.328,1.245
400190,1.274,1.189
400200,1.227,1.135
400210,1.173,1.084
400220,1.127,1.036
400230,1.08,0.989
400240,1.04,0.945
400250,1.002,0.904
400260,0.963,0.867
400270,0.925,0.833
400280,0.892,0.803
400290,0.861,0.777
400300,0.83,0.755
400310,0.802,0.738
400320,0.782,0.725
400330,0.76,0.717
400340,0.745,0.713
400350,0.732,0.715
400360,0.729,0.722
400370,0.732,0.733
400380,0.738,0.75
400390,0.747,0.772
400400,0.768,0.798
400410,0.794,0.83
400420,0.823,0.865
400430,0.864,0.904
400440,0.902,0.947
400450,0.949,0.994
400460,0.999,1.042
400470,1.052,1.093
400480,1.11,1.147
400490,1.17,1.2
400500,1.23,1.256
400510,1.284,1.312
400520,1.343,1.367
400530,1.402,1.422
400540,1.462,1.477
400550,1.531,1.529
400560,1.578,1.581
400570,1.624,1.631
400580,1.677,1.678
400590,1.724,1.723
400600,1.767,1.764
400610,1.812,1.803
400620,1.85,1.837
400630,1.889,1.868
400640,1.924,1.894
400650,1.947,1.915
400660,1.965,1.931
400670,1.982,1.942
400680,1.986,1.948
400690,1.991,1.948
400700,1.984,1.942
400710,1.978,1.932
400720,1.965,1.915
400730,1.947,1.893
400740,1.921,1.867
400750,1.892,1.836
400760,1.856,1.8
400770,1.821,1.76
400780,1.774,1.716
400790,1.726,1.667
400800,1.677,1.617
400810,1.62,1.563
400820,1.565,1.507
400830,1.504,1.45
400840,1.443,1.391
400850,1.387,1.333
400860,1.328,1.276
400870,1.269,1.218
400880,1.208,1.162
400890,1.148,1.109
400900,1.094,1.057
400910,1.035,1.008
400920,0.984,0.961
400930,0.94,0.918
400940,0.891,0.877
400950,0.841,0.84
400960,0.796,0.806
400970,0.756,0.775
400980,0.718,0.749
400990,0.688,0.727
401000,0.661,0.709
401010,0.643,0.696
401020,0.624,0.688
401030,0.615,0.685
401040,0.61,0.686
401050,0.602,0.693
401060,0.607,0.704
401070,0.613,0.721
401080,0.629,0.744
401090,0.646,0.772
401100,0.669,0.806
401110,0.699,0.843
401120,0.742,0.888
401130,0.784,0.937
401140,0.846,0.991
401150,0.908,1.05
401160,0.984,1.113
401170,1.053,1.178
401180,1.127,1.248
401190,1.208,1.321
401200,1.288,1.394
401210,1.366,1.471
401220,1.442,1.548
401230,1.531,1.624
401240,1.603,1.701
401250,1.676,1.778
401260,1.748,1.852
401270,1.825,1.926
401280,1.895,1.997
401290,1.967,2.065
401300,2.037,2.13
401310,2.102,2.193
401320,2.171,2.251
401330,2.23,2.305
401340,2.298,2.355
401350,2.349,2.4
401360,2.406,2.441
401370,2.454,2.475
401380,2.496,2.505
401390,2.535,2.528
401400,2.559,2.545
401410,2.583,2.555
401420,2.6,2.559
401430,2.607,2.557
401440,2.619,2.548
401450,2.612,2.533
401460,2.605,2.512
401470,2.588,2.485
401480,2.57,2.452
401490,2.54,2.413
401500,2.517,2.37
401510,2.47,2.321
401520,2.422,2.268
401530,2.368,2.211
401540,2.309,2.148
401550,2.24,2.082
401560,2.166,2.014
401570,2.089,1.943
401580,2.015,1.871
401590,1.942,1.797
401600,1.862,1.724
401610,1.792,1.65
401620,1.718,1.577
401630,1.646,1.505
401640,1.58,1.434
401650,1.527,1.364
401660,1.44,1.297
401670,1.366,1.23
401680,1.302,1.166
401690,1.239,1.104
401700,1.182,1.044
401710,1.128,0.987
401720,1.073,0.932
401730,1.02,0.881
401740,0.966,0.832
401750,0.919,0.787
401760,0.87,0.746
401770,0.822,0.709
401780,0.777,0.676
401790,0.735,0.647
401800,0.694,0.624
401810,0.659,0.605
401820,0.628,0.592
401830,0.599,0.585
401840,0.579,0.584
401850,0.57,0.59
401860,0.569,0.603
401870,0.579,0.62
401880,0.59,0.645
401890,0.612,0.677
401900,0.638,0.714
401910,0.67,0.757
401920,0.712,0.805
401930,0.76,0.857
401940,0.815,0.915
401950,0.872,0.976
401960,0.927,1.038
401970,0.991,1.105
401980,1.057,1.173
401990,1.126,1.242
402000,1.197,1.311
402010,1.272,1.381
402020,1.344,1.451
402030,1.416,1.519
402040,1.488,1.586
402050,1.556,1.652
402060,1.626,1.715
402070,1.691,1.775
402080,1.752,1.832
402090,1.81,1.886
402100,1.862,1.936
402110,1.914,1.981
402120,1.962,2.021
402130,2.008,2.055
402140,2.043,2.084
402150,2.076,2.107
402160,2.101,2.123
402170,2.119,2.134
402180,2.137,2.138
402190,2.144,2.134
402200,2.142,2.125
402210,2.132,2.109
402220,2.115,2.087
402230,2.089,2.059
402240,2.06,2.026
402250,2.03,1.985
402260,1.995,1.939
402270,1.952,1.888
402280,1.91,1.833
402290,1.857,1.772
402300,1.792,1.709
402310,1.732,1.642
402320,1.663,1.573
402330,1.591,1.503
402340,1.546,1.432
402350,1.462,1.361
402360,1.373,1.292
402370,1.293,1.224
402380,1.224,1.157
402390,1.15,1.094
402400,1.085,1.032
402410,1.01,0.973
402420,0.944,0.917
402430,0.877,0.866
402440,0.819,0.817
402450,0.768,0.772
402460,0.703,0.732
402470,0.655,0.695
402480,0.595,0.662
402490,0.548,0.635
402500,0.519,0.612
402510,0.485,0.594
402520,0.443,0.581
402530,0.413,0.574
402540,0.4,0.572
402550,0.381,0.576
402560,0.369,0.587
402570,0.375,0.603
402580,0.391,0.626
402590,0.399,0.657
402600,0.411,0.694
402610,0.45,0.736
402620,0.483,0.786
402630,0.522,0.843
402640,0.576,0.904
402650,0.634,0.972
402660,0.693,1.044
402670,0.78,1.119
402680,0.856,1.199
402690,0.947,1.281
402700,1.017,1.364
402710,1.102,1.45
402720,1.18,1.536
402730,1.381,1.62
402740,1.383,1.706
402750,1.497,1.79
402760,1.564,1.871
402770,1.618,1.951
402780,1.702,2.028
402790,1.8,2.102
402800,1.882,2.172
402810,1.97,2.238
402820,2.038,2.3
402830,2.109,2.357
402840,2.169,2.409
402850,2.243,2.455
402860,2.326,2.495
402870,2.377,2.529
402880,2.413,2.556
402890,2.479,2.576
402900,2.524,2.589
402910,2.553,2.595
402920,2.56,2.594
402930,2.584,2.586
402940,2.594,2.571
402950,2.571,2.549
402960,2.563,2.521
402970,2.536,2.486
402980,2.499,2.446
402990,2.465,2.398
403000,2.412,2.345
403010,2.35,2.287
403020,2.288,2.223
403030,2.226,2.155
403040,2.153,2.083
403050,2.074,2.007
403060,1.994,1.929
403070,1.937,1.85
403080,1.844,1.77
403090,1.757,1.689
403100,1.673,1.61
403110,1.596,1.53
403120,1.531,1.452
403130,1.453,1.377
403140,1.359,1.302
403150,1.285,1.23
403160,1.214,1.161
403170,1.149,1.093
403180,1.09,1.028
403190,1.022,0.965
403200,0.956,0.905
403210,0.895,0.848
403220,0.835,0.794
403230,0.777,0.744
403240,0.724,0.697
403250,0.67,0.654
403260,0.623,0.615
403270,0.581,0.581
403280,0.545,0.552
403290,0.511,0.529
403300,0.48,0.512
403310,0.461,0.501
403320,0.443,0.496
403330,0.432,0.499
403340,0.428,0.51
403350,0.434,0.528
403360,0.445,0.554
403370,0.468,0.588
403380,0.499,0.628
403390,0.536,0.676
403400,0.58,0.73
403410,0.631,0.788
403420,0.688,0.853
403430,0.754,0.922
403440,0.831,0.994
403450,0.906,1.07
403460,0.984,1.147
403470,1.064,1.226
403480,1.147,1.306
403490,1.231,1.386
403500,1.313,1.466
403510,1.392,1.545
403520,1.475,1.623
403530,1.56,1.698
403540,1.637,1.771
403550,1.712,1.842
403560,1.777,1.909
403570,1.842,1.972
403580,1.909,2.031
403590,1.973,2.085
403600,2.022,2.133
403610,2.074,2.177
403620,2.116,2.213
403630,2.156,2.243
403640,2.185,2.266
403650,2.215,2.283
403660,2.232,2.291
403670,2.251,2.293
403680,2.259,2.289
403690,2.256,2.276
403700,2.251,2.257
403710,2.236,2.23
403720,2.215,2.197
403730,2.178,2.156
403740,2.139,2.109
403750,2.096,2.057
403760,2.047,1.997
403770,1.988,1.933
403780,1.927,1.864
403790,1.854,1.791
403800,1.785,1.715
403810,1.71,1.638
403820,1.634,1.558
403830,1.565,1.479
403840,1.491,1.401
403850,1.397,1.323
403860,1.323,1.248
403870,1.25,1.176
403880,1.181,1.105
403890,1.111,1.037
403900,1.045,0.973
403910,0.978,0.911
403920,0.916,0.853
403930,0.855,0.8
403940,0.8,0.749
403950,0.745,0.703
403960,0.691,0.661
403970,0.646,0.624
403980,0.603,0.591
403990,0.561,0.562
404000,0.526,0.54
404010,0.497,0.522
404020,0.473,0.51
404030,0.453,0.504
404040,0.445,0.505
404050,0.441,0.512
404060,0.447,0.527
404070,0.454,0.549
404080,0.471,0.579
404090,0.499,0.617
404100,0.533,0.663
404110,0.575,0.715
404120,0.628,0.774
404130,0.683,0.841
404140,0.75,0.912
404150,0.823,0.989
404160,0.905,1.071
404170,0.992,1.156
404180,1.082,1.242
404190,1.173,1.332
404200,1.268,1.422
404210,1.359,1.512
404220,1.452,1.602
404230,1.548,1.691
404240,1.635,1.778
404250,1.723,1.864
404260,1.807,1.947
404270,1.892,2.026
404280,1.968,2.102
404290,2.044,2.173
404300,2.116,2.241
404310,2.189,2.304
404320,2.256,2.361
404330,2.322,2.412
404340,2.382,2.457
404350,2.434,2.496
404360,2.48,2.527
404370,2.522,2.552
404380,2.558,2.568
404390,2.585,2.578
404400,2.602,2.58
404410,2.606,2.575
404420,2.605,2.563
404430,2.595,2.543
404440,2.58,2.516
404450,2.56,2.482
404460,2.531,2.442
404470,2.494,2.394
404480,2.449,2.341
404490,2.394,2.281
404500,2.332,2.215
404510,2.263,2.145
404520,2.189,2.07
404530,2.11,1.992
404540,2.029,1.911
404550,1.943,1.828
404560,1.858,1.744
404570,1.772,1.661
404580,1.687,1.577
404590,1.603,1.495
404600,1.524,1.415
404610,1.443,1.336
404620,1.366,1.26
404630,1.29,1.185
404640,1.218,1.114
404650,1.148,1.045
404660,1.08,0.978
404670,1.015,0.915
404680,0.952,0.855
404690,0.892,0.797
404700,0.834,0.743
404710,0.78,0.692
404720,0.727,0.645
404730,0.676,0.601
404740,0.629,0.563
404750,0.588,0.529
404760,0.551,0.499
404770,0.517,0.476
404780,0.488,0.459
404790,0.466,0.449
404800,0.45,0.446
404810,0.443,0.452
404820,0.446,0.464
404830,0.454,0.487
404840,0.469,0.517
404850,0.491,0.554
404860,0.52,0.601
404870,0.561,0.655
404880,0.615,0.714
404890,0.676,0.781
404900,0.744,0.853
404910,0.821,0.928
404920,0.902,1.008
404930,0.986,1.091
404940,1.072,1.175
404950,1.161,1.261
404960,1.251,1.348
404970,1.338,1.434
404980,1.426,1.52
404990,1.512,1.605
405000,1.598,1.688
405010,1.682,1.769
405020,1.76,1.847
405030,1.84,1.922
405040,1.914,1.994
405050,1.987,2.062
405060,2.054,2.125
405070,2.115,2.183
405080,2.173,2.235
405090,2.226,2.282
405100,2.276,2.321
405110,2.32,2.354
405120,2.357,2.381
405130,2.387,2.399
405140,2.407,2.41
405150,2.42,2.413
405160,2.424,2.41
405170,2.422,2.398
405180,2.416,2.379
405190,2.401,2.353
405200,2.378,2.319
405210,2.351,2.277
405220,2.313,2.23
405230,2.269,2.174
405240,2.215,2.113
405250,2.155,2.046
405260,2.091,1.974
405270,2.019,1.897
405280,1.944,1.818
405290,1.865,1.736
405300,1.785,1.652
405310,1.703,1.57
405320,1.625,1.487
405330,1.549,1.406
405340,1.469,1.327
405350,1.392,1.249
405360,1.322,1.174
405370,1.255,1.104
405380,1.185,1.035
405390,1.122,0.969
405400,1.066,0.907
405410,1.003,0.848
405420,0.953,0.793
405430,0.898,0.742
405440,0.852,0.695
405450,0.797,0.651
405460,0.757,0.613
405470,0.716,0.578
405480,0.674,0.549
405490,0.644,0.525
405500,0.613,0.505
405510,0.592,0.493
405520,0.58,0.487
405530,0.581,0.487
405540,0.576,0.496
405550,0.591,0.513
405560,0.606,0.537
405570,0.625,0.57
405580,0.654,0.612
405590,0.698,0.66
405600,0.749,0.718
405610,0.808,0.782
405620,0.876,0.852
405630,0.942,0.928
405640,1.029,1.009
405650,1.104,1.093
405660,1.197,1.18
405670,1.287,1.27
405680,1.38,1.36
405690,1.492,1.451
405700,1.575,1.542
405710,1.643,1.631
405720,1.754,1.719
405730,1.837,1.805
405740,1.912,1.888
405750,2.009,1.969
405760,2.086,2.045
405770,2.152,2.118
405780,2.242,2.185
405790,2.309,2.249
405800,2.379,2.306
405810,2.439,2.357
405820,2.499,2.403
405830,2.554,2.442
405840,2.602,2.473
405850,2.644,2.497
405860,2.668,2.514
405870,2.694,2.523
405880,2.717,2.524
405890,2.716,2.518
405900,2.721,2.505
405910,2.701,2.484
405920,2.695,2.456
405930,2.666,2.421
405940,2.633,2.378
405950,2.594,2.329
405960,2.56,2.273
405970,2.5,2.212
405980,2.434,2.144
405990,2.372,2.072
406000,2.294,1.995
406010,2.201,1.914
406020,2.145,1.832
406030,2.041,1.748
406040,1.959,1.663
406050,1.886,1.579
406060,1.788,1.494
406070,1.712,1.412
406080,1.613,1.332
406090,1.57,1.253
406100,1.526,1.178
406110,1.39,1.105
406120,1.346,1.034
406130,1.269,0.966
406140,1.185,0.903
406150,1.118,0.84
406160,1.065,0.782
406170,1.007,0.728
406180,0.944,0.676
406190,0.889,0.628
406200,0.837,0.584
406210,0.791,0.545
406220,0.753,0.509
406230,0.709,0.48
406240,0.664,0.455
406250,0.626,0.437
406260,0.593,0.425
406270,0.563,0.42
406280,0.543,0.423
406290,0.538,0.434
406300,0.535,0.454
406310,0.543,0.483
406320,0.558,0.52
406330,0.58,0.565
406340,0.61,0.619
406350,0.667,0.68
406360,0.716,0.747
406370,0.777,0.821
406380,0.847,0.9
406390,0.926,0.981
406400,1.004,1.067
406410,1.087,1.156
406420,1.176,1.244
406430,1.27,1.334
406440,1.359,1.425
406450,1.457,1.514
406460,1.559,1.603
406470,1.629,1.69
406480,1.718,1.774
406490,1.801,1.857
406500,1.887,1.936
406510,1.97,2.012
406520,2.042,2.085
406530,2.115,2.153
406540,2.184,2.216
406550,2.247,2.275
406560,2.303,2.327
406570,2.352,2.374
406580,2.398,2.413
406590,2.44,2.446
406600,2.466,2.472
406610,2.485,2.49
406620,2.497,2.5
406630,2.502,2.504
406640,2.508,2.499
406650,2.507,2.486
406660,2.497,2.466
406670,2.476,2.438
406680,2.448,2.403
406690,2.411,2.36
406700,2.372,2.31
406710,2.327,2.252
406720,2.275,2.189
406730,2.216,2.119
406740,2.151,2.045
406750,2.082,1.968
406760,2.008,1.887
406770,1.928,1.803
406780,1.848,1.72
406790,1.767,1.636
406800,1.687,1.552
406810,1.607,1.47
406820,1.537,1.391
406830,1.452,1.313
406840,1.379,1.238
406850,1.306,1.166
406860,1.231,1.096
406870,1.168,1.029
406880,1.1,0.967
406890,1.037,0.907
406900,0.978,0.85
406910,0.918,0.797
406920,0.867,0.747
406930,0.816,0.701
406940,0.769,0.66
406950,0.726,0.623
406960,0.685,0.59
406970,0.652,0.562
406980,0.621,0.54
406990,0.596,0.523
407000,0.578,0.513
407010,0.572,0.51
407020,0.567,0.515
407030,0.573,0.527
407040,0.586,0.549
407050,0.609,0.578
407060,0.636,0.616
407070,0.669,0.662
407080,0.715,0.717
407090,0.769,0.777
407100,0.83,0.845
407110,0.896,0.919
407120,0.971,0.997
407130,1.05,1.079
407140,1.13,1.164
407150,1.215,1.25
407160,1.306,1.338
407170,1.393,1.427
407180,1.481,1.514
407190,1.568,1.601
407200,1.652,1.687
407210,1.739,1.769
407220,1.821,1.849
407230,1.9,1.927
407240,1.977,2
407250,2.049,2.069
407260,2.116,2.134
407270,2.178,2.195
407280,2.241,2.249
407290,2.298,2.297
407300,2.346,2.339
407310,2.392,2.374
407320,2.429,2.403
407330,2.456,2.424
407340,2.478,2.437
407350,2.493,2.443
407360,2.501,2.442
407370,2.501,2.433
407380,2.495,2.416
407390,2.476,2.392
407400,2.456,2.361
407410,2.426,2.323
407420,2.389,2.277
407430,2.345,2.226
407440,2.296,2.168
407450,2.238,2.104
407460,2.173,2.035
407470,2.101,1.961
407480,2.026,1.883
407490,1.944,1.803
407500,1.862,1.719
407510,1.783,1.635
407520,1.704,1.551
407530,1.621,1.468
407540,1.552,1.385
407550,1.473,1.305
407560,1.39,1.227
407570,1.315,1.15
407580,,1.078
