# tuan Tuan (Great Sandy Strait) | minutes since 2026-01-01 00:00 AEST, level m LAT, MSQ prediction m LAT
396000,1.399,1.434
396010,1.439,1.463
396020,1.478,1.493
396030,1.513,1.523
396040,1.542,1.551
396050,1.565,1.579
396060,1.581,1.605
396070,1.59,1.627
396080,1.588,1.648
396090,1.579,1.664
396100,1.569,1.675
396110,1.555,1.681
396120,1.537,1.683
396130,1.522,1.678
396140,1.505,1.669
396150,1.483,1.653
396160,1.458,1.633
396170,1.435,1.607
396180,1.407,1.577
396190,1.382,1.543
396200,1.357,1.506
396210,1.332,1.467
396220,1.303,1.427
396230,1.275,1.386
396240,1.245,1.345
396250,1.214,1.305
396260,1.18,1.266
396270,1.146,1.227
396280,1.111,1.192
396290,1.075,1.158
396300,1.038,1.125
396310,1,1.095
396320,0.96,1.064
396330,0.923,1.036
396340,0.884,1.009
396350,0.847,0.981
396360,0.812,0.954
396370,0.777,0.928
396380,0.745,0.901
396390,0.71,0.874
396400,0.68,0.849
396410,0.653,0.824
396420,0.628,0.799
396430,0.61,0.777
396440,0.596,0.757
396450,0.587,0.74
396460,0.585,0.727
396470,0.596,0.719
396480,0.617,0.715
396490,0.641,0.717
396500,0.666,0.724
396510,0.698,0.738
396520,0.733,0.758
396530,0.771,0.785
396540,0.809,0.817
396550,0.847,0.854
396560,0.883,0.896
396570,0.92,0.943
396580,0.955,0.994
396590,0.991,1.047
396600,1.026,1.102
396610,1.063,1.158
396620,1.101,1.215
396630,1.141,1.272
396640,1.18,1.329
396650,1.219,1.384
396660,1.26,1.439
396670,1.304,1.493
396680,1.352,1.545
396690,1.403,1.597
396700,1.46,1.647
396710,1.522,1.696
396720,1.587,1.745
396730,1.652,1.793
396740,1.715,1.839
396750,1.777,1.887
396760,1.837,1.933
396770,1.888,1.977
396780,1.931,2.021
396790,1.975,2.063
396800,2.011,2.101
396810,2.048,2.138
396820,2.081,2.171
396830,2.112,2.199
396840,2.135,2.223
396850,2.158,2.241
396860,2.175,2.254
396870,2.189,2.261
396880,2.186,2.261
396890,2.182,2.255
396900,2.168,2.243
396910,2.153,2.225
396920,2.128,2.202
396930,2.099,2.174
396940,2.065,2.142
396950,2.028,2.106
396960,1.989,2.068
396970,1.947,2.028
396980,1.907,1.986
396990,1.864,1.945
397000,1.817,1.903
397010,1.771,1.862
397020,1.724,1.821
397030,1.679,1.781
397040,1.634,1.742
397050,1.59,1.704
397060,1.545,1.666
397070,1.504,1.628
397080,1.461,1.591
397090,1.421,1.552
397100,1.381,1.513
397110,1.342,1.473
397120,1.303,1.432
397130,1.264,1.389
397140,1.224,1.346
397150,1.182,1.302
397160,1.14,1.257
397170,1.097,1.212
397180,1.054,1.168
397190,1.008,1.125
397200,0.964,1.083
397210,0.919,1.044
397220,0.874,1.008
397230,0.834,0.977
397240,0.798,0.949
397250,0.767,0.926
397260,0.74,0.908
397270,0.716,0.896
397280,0.697,0.888
397290,0.684,0.885
397300,0.682,0.887
397310,0.689,0.892
397320,0.696,0.903
397330,0.709,0.915
397340,0.725,0.931
397350,0.754,0.948
397360,0.791,0.967
397370,0.825,0.987
397380,0.862,1.009
397390,0.894,1.029
397400,0.921,1.051
397410,0.953,1.073
397420,0.984,1.094
397430,1.016,1.116
397440,1.048,1.14
397450,1.082,1.163
397460,1.114,1.188
397470,1.144,1.215
397480,1.176,1.241
397490,1.208,1.271
397500,1.24,1.301
397510,1.267,1.331
397520,1.293,1.364
397530,1.319,1.397
397540,1.345,1.428
397550,1.37,1.46
397560,1.396,1.491
397570,1.42,1.519
397580,1.441,1.545
397590,1.459,1.567
397600,1.474,1.585
397610,1.489,1.599
397620,1.503,1.608
397630,1.51,1.612
397640,1.507,1.61
397650,1.499,1.604
397660,1.489,1.593
397670,1.477,1.578
397680,1.463,1.558
397690,1.449,1.535
397700,1.433,1.51
397710,1.409,1.482
397720,1.385,1.452
397730,1.362,1.423
397740,1.338,1.393
397750,1.311,1.363
397760,1.286,1.334
397770,1.258,1.305
397780,1.23,1.277
397790,1.2,1.251
397800,1.167,1.224
397810,1.136,1.199
397820,1.102,1.175
397830,1.068,1.149
397840,1.033,1.124
397850,0.995,1.098
397860,0.955,1.071
397870,0.913,1.044
397880,0.871,1.017
397890,0.83,0.988
397900,0.792,0.96
397910,0.756,0.933
397920,0.727,0.905
397930,0.704,0.88
397940,0.684,0.856
397950,0.667,0.835
397960,0.656,0.817
397970,0.649,0.804
397980,0.647,0.795
397990,0.648,0.791
398000,0.659,0.792
398010,0.68,0.799
398020,0.693,0.811
398030,0.714,0.829
398040,0.735,0.852
398050,0.768,0.879
398060,0.802,0.911
398070,0.838,0.947
398080,0.871,0.986
398090,0.902,1.027
398100,0.936,1.07
398110,0.969,1.115
398120,1.004,1.16
398130,1.04,1.207
398140,1.08,1.253
398150,1.119,1.299
398160,1.158,1.346
398170,1.2,1.392
398180,1.244,1.439
398190,1.292,1.484
398200,1.346,1.532
398210,1.404,1.579
398220,1.465,1.625
398230,1.528,1.674
398240,1.592,1.723
398250,1.657,1.771
398260,1.719,1.82
398270,1.775,1.869
398280,1.826,1.916
398290,1.875,1.963
398300,1.922,2.008
398310,1.967,2.05
398320,2.006,2.089
398330,2.043,2.125
398340,2.082,2.155
398350,2.111,2.181
398360,2.14,2.201
398370,2.164,2.216
398380,2.187,2.224
398390,2.204,2.227
398400,2.208,2.224
398410,2.203,2.216
398420,2.195,2.202
398430,2.179,2.184
398440,2.16,2.162
398450,2.134,2.137
398460,2.108,2.109
398470,2.075,2.079
398480,2.033,2.047
398490,1.99,2.016
398500,1.947,1.982
398510,1.903,1.948
398520,1.859,1.915
398530,1.813,1.881
398540,1.764,1.847
398550,1.716,1.814
398560,1.667,1.778
398570,1.62,1.742
398580,1.575,1.705
398590,1.53,1.666
398600,1.487,1.626
398610,1.443,1.583
398620,1.403,1.54
398630,1.363,1.493
398640,1.324,1.445
398650,1.286,1.397
398660,1.246,1.346
398670,1.206,1.296
398680,1.165,1.246
398690,1.122,1.196
398700,1.078,1.148
398710,1.031,1.103
398720,0.984,1.06
398730,0.934,1.02
398740,0.883,0.985
398750,0.833,0.954
398760,0.785,0.927
398770,0.745,0.905
398780,0.709,0.887
398790,0.68,0.875
398800,0.658,0.866
398810,0.641,0.861
398820,0.63,0.86
398830,0.63,0.862
398840,0.634,0.867
398850,0.649,0.874
398860,0.674,0.883
398870,0.699,0.894
398880,0.727,0.907
398890,0.76,0.921
398900,0.795,0.936
398910,0.831,0.954
398920,0.864,0.971
398930,0.897,0.993
398940,0.933,1.015
398950,0.967,1.04
398960,0.999,1.067
398970,1.029,1.097
398980,1.063,1.129
398990,1.098,1.164
399000,1.134,1.201
399010,1.169,1.239
399020,1.205,1.28
399030,1.239,1.321
399040,1.272,1.363
399050,1.309,1.404
399060,1.344,1.444
399070,1.378,1.482
399080,1.41,1.517
399090,1.439,1.55
399100,1.469,1.578
399110,1.501,1.602
399120,1.53,1.621
399130,1.558,1.635
399140,1.584,1.644
399150,1.606,1.647
399160,1.627,1.646
399170,1.635,1.641
399180,1.634,1.631
399190,1.633,1.618
399200,1.629,1.602
399210,1.617,1.583
399220,1.602,1.562
399230,1.58,1.54
399240,1.552,1.517
399250,1.522,1.493
399260,1.489,1.469
399270,1.453,1.444
399280,1.419,1.419
399290,1.382,1.395
399300,1.347,1.369
399310,1.315,1.342
399320,1.28,1.315
399330,1.243,1.287
399340,1.205,1.257
399350,1.167,1.227
399360,1.128,1.194
399370,1.086,1.161
399380,1.046,1.126
399390,1.004,1.091
399400,0.961,1.054
399410,0.916,1.019
399420,0.869,0.983
399430,0.823,0.949
399440,0.78,0.916
399450,0.739,0.887
399460,0.703,0.86
399470,0.67,0.837
399480,0.643,0.819
399490,0.62,0.806
399500,0.601,0.797
399510,0.59,0.794
399520,0.59,0.796
399530,0.605,0.804
399540,0.628,0.816
399550,0.649,0.833
399560,0.672,0.855
399570,0.705,0.88
399580,0.741,0.909
399590,0.779,0.941
399600,0.815,0.975
399610,0.852,1.011
399620,0.886,1.049
399630,0.924,1.089
399640,0.964,1.13
399650,1.006,1.173
399660,1.047,1.215
399670,1.093,1.26
399680,1.138,1.307
399690,1.188,1.354
399700,1.241,1.404
399710,1.297,1.454
399720,1.357,1.506
399730,1.423,1.56
399740,1.494,1.616
399750,1.564,1.671
399760,1.633,1.729
399770,1.697,1.786
399780,1.757,1.842
399790,1.816,1.897
399800,1.875,1.952
399810,1.929,2.002
399820,1.981,2.051
399830,2.028,2.095
399840,2.076,2.134
399850,2.12,2.169
399860,2.16,2.198
399870,2.194,2.221
399880,2.225,2.238
399890,2.26,2.249
399900,2.285,2.254
399910,2.297,2.254
399920,2.297,2.249
399930,2.291,2.238
399940,2.274,2.224
399950,2.251,2.206
399960,2.224,2.184
399970,2.191,2.16
399980,2.154,2.134
399990,2.112,2.106
400000,2.066,2.077
400010,2.019,2.046
400020,1.971,2.013
400030,1.921,1.981
400040,1.868,1.946
400050,1.815,1.909
400060,1.762,1.872
400070,1.709,1.832
400080,1.655,1.79
400090,1.603,1.747
400100,1.554,1.7
400110,1.506,1.651
400120,1.459,1.6
400130,1.415,1.546
400140,1.371,1.49
400150,1.33,1.434
400160,1.286,1.376
400170,1.241,1.317
400180,1.196,1.259
400190,1.148,1.202
400200,1.098,1.146
400210,1.047,1.093
400220,0.992,1.042
400230,0.935,0.995
400240,0.876,0.952
400250,0.817,0.912
400260,0.763,0.878
400270,0.712,0.848
400280,0.667,0.823
400290,0.627,0.803
400300,0.591,0.787
400310,0.559,0.775
400320,0.53,0.767
400330,0.507,0.763
400340,0.494,0.763
400350,0.502,0.766
400360,0.524,0.772
400370,0.561,0.78
400380,0.597,0.792
400390,0.639,0.807
400400,0.681,0.823
400410,0.729,0.844
400420,0.779,0.867
400430,0.827,0.892
400440,0.869,0.922
400450,0.914,0.956
400460,0.953,0.992
400470,0.994,1.032
400480,1.032,1.075
400490,1.07,1.121
400500,1.111,1.17
400510,1.149,1.221
400520,1.189,1.273
400530,1.233,1.327
400540,1.274,1.381
400550,1.319,1.434
400560,1.367,1.485
400570,1.416,1.535
400580,1.468,1.581
400590,1.517,1.624
400600,1.567,1.662
400610,1.616,1.696
400620,1.662,1.724
400630,1.702,1.746
400640,1.734,1.763
400650,1.76,1.775
400660,1.778,1.781
400670,1.793,1.782
400680,1.8,1.778
400690,1.801,1.77
400700,1.79,1.759
400710,1.775,1.743
400720,1.755,1.725
400730,1.729,1.705
400740,1.698,1.682
400750,1.662,1.658
400760,1.627,1.633
400770,1.589,1.605
400780,1.55,1.576
400790,1.511,1.545
400800,1.473,1.514
400810,1.434,1.48
400820,1.394,1.445
400830,1.357,1.408
400840,1.318,1.369
400850,1.279,1.328
400860,1.237,1.286
400870,1.195,1.241
400880,1.152,1.196
400890,1.106,1.15
400900,1.058,1.103
400910,1.007,1.056
400920,0.954,1.01
400930,0.896,0.965
400940,0.838,0.923
400950,0.783,0.883
400960,0.732,0.847
400970,0.685,0.815
400980,0.644,0.787
400990,0.605,0.765
401000,0.57,0.748
401010,0.54,0.735
401020,0.517,0.729
401030,0.501,0.729
401040,0.492,0.733
401050,0.498,0.743
401060,0.522,0.757
401070,0.558,0.776
401080,0.593,0.799
401090,0.629,0.826
401100,0.672,0.856
401110,0.717,0.89
401120,0.767,0.926
401130,0.821,0.965
401140,0.87,1.007
401150,0.918,1.051
401160,0.967,1.097
401170,1.015,1.147
401180,1.063,1.199
401190,1.116,1.252
401200,1.171,1.309
401210,1.229,1.369
401220,1.289,1.429
401230,1.352,1.493
401240,1.422,1.558
401250,1.497,1.624
401260,1.57,1.691
401270,1.64,1.758
401280,1.702,1.824
401290,1.763,1.888
401300,1.826,1.951
401310,1.894,2.011
401320,1.965,2.067
401330,2.032,2.118
401340,2.092,2.165
401350,2.148,2.205
401360,2.194,2.24
401370,2.233,2.269
401380,2.274,2.291
401390,2.319,2.306
401400,2.354,2.316
401410,2.373,2.319
401420,2.379,2.317
401430,2.369,2.308
401440,2.347,2.296
401450,2.321,2.279
401460,2.289,2.258
401470,2.252,2.234
401480,2.214,2.206
401490,2.175,2.176
401500,2.131,2.145
401510,2.081,2.11
401520,2.031,2.073
401530,1.978,2.035
401540,1.921,1.994
401550,1.862,1.951
401560,1.804,1.906
401570,1.745,1.858
401580,1.686,1.808
401590,1.63,1.756
401600,1.575,1.7
401610,1.522,1.642
401620,1.471,1.582
401630,1.423,1.52
401640,1.376,1.456
401650,1.331,1.392
401660,1.284,1.326
401670,1.236,1.26
401680,1.186,1.195
401690,1.134,1.132
401700,1.079,1.07
401710,1.022,1.011
401720,0.96,0.956
401730,0.894,0.904
401740,0.827,0.857
401750,0.762,0.814
401760,0.702,0.777
401770,0.646,0.744
401780,0.594,0.717
401790,0.548,0.695
401800,0.506,0.678
401810,0.468,0.665
401820,0.435,0.658
401830,0.409,0.656
401840,0.392,0.657
401850,0.392,0.663
401860,0.427,0.674
401870,0.477,0.687
401880,0.527,0.706
401890,0.572,0.728
401900,0.619,0.754
401910,0.67,0.784
401920,0.722,0.819
401930,0.775,0.856
401940,0.824,0.899
401950,0.869,0.946
401960,0.913,0.996
401970,0.959,1.05
401980,1.003,1.107
401990,1.047,1.167
402000,1.096,1.23
402010,1.144,1.295
402020,1.194,1.361
402030,1.247,1.426
402040,1.3,1.492
402050,1.361,1.556
402060,1.432,1.618
402070,1.5,1.676
402080,1.571,1.731
402090,1.64,1.781
402100,1.703,1.825
402110,1.757,1.864
402120,1.8,1.896
402130,1.838,1.922
402140,1.877,1.942
402150,1.916,1.956
402160,1.946,1.963
402170,1.973,1.964
402180,1.986,1.96
402190,1.979,1.95
402200,1.969,1.936
402210,1.947,1.918
402220,1.922,1.896
402230,1.89,1.87
402240,1.851,1.842
402250,1.812,1.811
402260,1.767,1.776
402270,1.718,1.741
402280,1.67,1.703
402290,1.621,1.662
402300,1.573,1.62
402310,1.524,1.575
402320,1.478,1.528
402330,1.432,1.48
402340,1.39,1.429
402350,1.347,1.376
402360,1.304,1.322
402370,1.261,1.266
402380,1.215,1.209
402390,1.167,1.152
402400,1.118,1.095
402410,1.067,1.038
402420,1.013,0.984
402430,0.953,0.93
402440,0.889,0.88
402450,0.824,0.833
402460,0.761,0.79
402470,0.704,0.751
402480,0.654,0.718
402490,0.607,0.69
402500,0.561,0.668
402510,0.515,0.651
402520,0.48,0.641
402530,0.46,0.637
402540,0.462,0.639
402550,0.487,0.646
402560,0.513,0.659
402570,0.553,0.677
402580,0.606,0.7
402590,0.674,0.728
402600,0.725,0.761
402610,0.785,0.796
402620,0.835,0.837
402630,0.884,0.881
402640,0.931,0.928
402650,0.979,0.979
402660,1.029,1.034
402670,1.081,1.091
402680,1.137,1.152
402690,1.194,1.216
402700,1.254,1.282
402710,1.316,1.351
402720,1.383,1.423
402730,1.461,1.495
402740,1.543,1.57
402750,1.624,1.645
402760,1.702,1.72
402770,1.777,1.794
402780,1.847,1.867
402790,1.915,1.938
402800,1.976,2.006
402810,2.036,2.069
402820,2.092,2.128
402830,2.149,2.182
402840,2.203,2.23
402850,2.255,2.271
402860,2.304,2.306
402870,2.349,2.333
402880,2.391,2.354
402890,2.429,2.367
402900,2.461,2.374
402910,2.487,2.373
402920,2.495,2.367
402930,2.492,2.354
402940,2.467,2.337
402950,2.432,2.314
402960,2.395,2.287
402970,2.358,2.257
402980,2.312,2.222
402990,2.265,2.184
403000,2.212,2.143
403010,2.152,2.101
403020,2.092,2.055
403030,2.032,2.007
403040,1.974,1.957
403050,1.913,1.905
403060,1.85,1.85
403070,1.79,1.794
403080,1.726,1.734
403090,1.663,1.673
403100,1.601,1.61
403110,1.544,1.544
403120,1.488,1.476
403130,1.434,1.409
403140,1.385,1.339
403150,1.337,1.269
403160,1.29,1.2
403170,1.244,1.132
403180,1.195,1.064
403190,1.144,1
403200,1.089,0.938
403210,1.034,0.879
403220,0.97,0.824
403230,0.903,0.774
403240,0.835,0.729
403250,0.775,0.689
403260,0.718,0.655
403270,0.67,0.627
403280,0.63,0.604
403290,0.593,0.588
403300,0.566,0.577
403310,0.547,0.572
403320,0.541,0.573
403330,0.549,0.579
403340,0.571,0.59
403350,0.597,0.607
403360,0.64,0.629
403370,0.69,0.655
403380,0.744,0.686
403390,0.799,0.723
403400,0.848,0.763
403410,0.898,0.808
403420,0.952,0.859
403430,1.007,0.913
403440,1.061,0.97
403450,1.122,1.033
403460,1.183,1.099
403470,1.247,1.166
403480,1.31,1.238
403490,1.375,1.312
403500,1.449,1.386
403510,1.526,1.463
403520,1.602,1.538
403530,1.673,1.612
403540,1.741,1.685
403550,1.802,1.755
403560,1.862,1.821
403570,1.913,1.883
403580,1.964,1.939
403590,2.005,1.989
403600,2.039,2.033
403610,2.07,2.07
403620,2.1,2.1
403630,2.133,2.123
403640,2.16,2.138
403650,2.189,2.146
403660,2.216,2.147
403670,2.235,2.141
403680,2.242,2.129
403690,2.236,2.111
403700,2.217,2.088
403710,2.192,2.06
403720,2.162,2.028
403730,2.128,1.992
403740,2.08,1.953
403750,2.025,1.91
403760,1.965,1.864
403770,1.902,1.817
403780,1.842,1.766
403790,1.78,1.713
403800,1.72,1.66
403810,1.662,1.603
403820,1.601,1.544
403830,1.547,1.484
403840,1.493,1.423
403850,1.442,1.36
403860,1.394,1.296
403870,1.348,1.232
403880,1.301,1.167
403890,1.255,1.102
403900,1.206,1.039
403910,1.154,0.977
403920,1.098,0.917
403930,1.038,0.86
403940,0.972,0.807
403950,0.901,0.757
403960,0.831,0.712
403970,0.764,0.673
403980,0.703,0.639
403990,0.651,0.611
404000,0.602,0.589
404010,0.559,0.575
404020,0.521,0.566
404030,0.491,0.564
404040,0.471,0.569
404050,0.468,0.579
404060,0.481,0.597
404070,0.515,0.62
404080,0.565,0.648
404090,0.62,0.682
404100,0.671,0.722
404110,0.729,0.765
404120,0.788,0.813
404130,0.846,0.866
404140,0.901,0.922
404150,0.956,0.983
404160,1.012,1.047
404170,1.07,1.114
404180,1.131,1.184
404190,1.195,1.258
404200,1.261,1.332
404210,1.333,1.41
404220,1.412,1.489
404230,1.499,1.568
404240,1.585,1.648
404250,1.669,1.727
404260,1.748,1.805
404270,1.82,1.882
404280,1.889,1.956
404290,1.954,2.026
404300,2.015,2.092
404310,2.075,2.152
404320,2.132,2.207
404330,2.187,2.256
404340,2.241,2.297
404350,2.295,2.331
404360,2.344,2.359
404370,2.384,2.377
404380,2.415,2.389
404390,2.431,2.393
404400,2.435,2.388
404410,2.427,2.378
404420,2.406,2.361
404430,2.38,2.338
404440,2.344,2.309
404450,2.299,2.276
404460,2.249,2.237
404470,2.195,2.195
404480,2.138,2.15
404490,2.081,2.101
404500,2.022,2.05
404510,1.962,1.997
404520,1.9,1.941
404530,1.838,1.883
404540,1.776,1.825
404550,1.716,1.763
404560,1.656,1.7
404570,1.597,1.637
404580,1.541,1.571
404590,1.484,1.504
404600,1.433,1.437
404610,1.384,1.368
404620,1.333,1.298
404630,1.285,1.229
404640,1.234,1.16
404650,1.182,1.091
404660,1.125,1.024
404670,1.064,0.958
404680,0.998,0.895
404690,0.927,0.836
404700,0.852,0.78
404710,0.781,0.728
404720,0.715,0.681
404730,0.655,0.64
404740,0.6,0.604
404750,0.549,0.574
404760,0.502,0.551
404770,0.462,0.534
404780,0.425,0.524
404790,0.393,0.52
404800,0.369,0.524
404810,0.355,0.533
404820,0.366,0.548
404830,0.415,0.57
404840,0.476,0.597
404850,0.538,0.63
404860,0.597,0.668
404870,0.66,0.712
404880,0.727,0.76
404890,0.792,0.813
404900,0.853,0.871
404910,0.909,0.932
404920,0.964,0.999
404930,1.019,1.068
404940,1.074,1.14
404950,1.132,1.217
404960,1.194,1.295
404970,1.256,1.374
404980,1.321,1.456
404990,1.391,1.538
405000,1.469,1.618
405010,1.549,1.699
405020,1.629,1.778
405030,1.706,1.854
405040,1.781,1.926
405050,1.85,1.994
405060,1.913,2.056
405070,1.97,2.113
405080,2.02,2.163
405090,2.069,2.205
405100,2.114,2.241
405110,2.156,2.268
405120,2.192,2.287
405130,2.222,2.299
405140,2.242,2.301
405150,2.252,2.297
405160,2.249,2.285
405170,2.234,2.267
405180,2.209,2.241
405190,2.173,2.21
405200,2.131,2.174
405210,2.085,2.132
405220,2.037,2.087
405230,1.984,2.038
405240,1.926,1.986
405250,1.866,1.931
405260,1.807,1.873
405270,1.745,1.813
405280,1.686,1.753
405290,1.627,1.689
405300,1.571,1.625
405310,1.517,1.56
405320,1.466,1.493
405330,1.418,1.425
405340,1.37,1.357
405350,1.324,1.289
405360,1.277,1.22
405370,1.229,1.152
405380,1.178,1.085
405390,1.124,1.019
405400,1.068,0.955
405410,1.007,0.893
405420,0.94,0.834
405430,0.868,0.779
405440,0.799,0.728
405450,0.735,0.682
405460,0.676,0.641
405470,0.62,0.606
405480,0.572,0.577
405490,0.529,0.555
405500,0.49,0.54
405510,0.457,0.532
405520,0.432,0.53
405530,0.418,0.536
405540,0.429,0.549
405550,0.467,0.568
405560,0.527,0.594
405570,0.584,0.626
405580,0.637,0.664
405590,0.693,0.708
405600,0.754,0.757
405610,0.817,0.811
405620,0.875,0.868
405630,0.93,0.931
405640,0.986,0.997
405650,1.041,1.065
405660,1.098,1.138
405670,1.16,1.213
405680,1.224,1.289
405690,1.29,1.368
405700,1.363,1.448
405710,1.449,1.528
405720,1.541,1.609
405730,1.634,1.689
405740,1.723,1.768
405750,1.805,1.845
405760,1.882,1.919
405770,1.954,1.989
405780,2.023,2.056
405790,2.084,2.118
405800,2.143,2.174
405810,2.198,2.223
405820,2.247,2.266
405830,2.294,2.302
405840,2.337,2.33
405850,2.373,2.35
405860,2.401,2.361
405870,2.415,2.366
405880,2.416,2.362
405890,2.403,2.35
405900,2.378,2.331
405910,2.344,2.305
405920,2.303,2.274
405930,2.259,2.236
405940,2.209,2.194
405950,2.155,2.147
405960,2.099,2.096
405970,2.041,2.041
405980,1.98,1.985
405990,1.919,1.926
406000,1.858,1.865
406010,1.795,1.804
406020,1.735,1.74
406030,1.674,1.675
406040,1.615,1.611
406050,1.558,1.545
406060,1.503,1.478
406070,1.45,1.412
406080,1.399,1.346
406090,1.351,1.278
406100,1.302,1.212
406110,1.252,1.146
406120,1.199,1.08
406130,1.143,1.016
406140,1.084,0.953
406150,1.021,0.892
406160,0.952,0.833
406170,0.878,0.778
406180,0.806,0.726
406190,0.739,0.678
406200,0.677,0.635
406210,0.62,0.597
406220,0.568,0.565
406230,0.522,0.539
406240,0.478,0.52
406250,0.439,0.507
406260,0.4,0.501
406270,0.371,0.501
406280,0.353,0.51
406290,0.352,0.524
406300,0.384,0.546
406310,0.445,0.574
406320,0.507,0.608
406330,0.568,0.649
406340,0.633,0.695
406350,0.704,0.746
406360,0.775,0.803
406370,0.839,0.865
406380,0.895,0.93
406390,0.95,1
406400,1.006,1.073
406410,1.063,1.148
406420,1.123,1.227
406430,1.184,1.308
406440,1.248,1.39
406450,1.314,1.474
406460,1.388,1.559
406470,1.469,1.642
406480,1.555,1.725
406490,1.64,1.807
406500,1.725,1.887
406510,1.806,1.963
406520,1.884,2.037
406530,1.959,2.105
406540,2.028,2.168
406550,2.086,2.225
406560,2.142,2.275
406570,2.188,2.319
406580,2.231,2.354
406590,2.271,2.382
406600,2.303,2.401
406610,2.317,2.412
406620,2.323,2.414
406630,2.322,2.409
406640,2.304,2.396
406650,2.281,2.374
406660,2.249,2.347
406670,2.213,2.312
406680,2.172,2.271
406690,2.123,2.226
406700,2.07,2.175
406710,2.015,2.12
406720,1.958,2.062
406730,1.9,2.001
406740,1.843,1.938
406750,1.783,1.873
406760,1.725,1.806
406770,1.666,1.738
406780,1.609,1.67
406790,1.557,1.6
406800,1.506,1.53
406810,1.455,1.461
406820,1.407,1.391
406830,1.36,1.321
406840,1.314,1.252
406850,1.268,1.184
406860,1.22,1.116
406870,1.171,1.05
406880,1.117,0.985
406890,1.06,0.923
406900,0.998,0.864
406910,0.931,0.808
406920,0.859,0.756
406930,0.793,0.707
406940,0.73,0.665
406950,0.673,0.627
406960,0.62,0.595
406970,0.572,0.57
406980,0.532,0.551
406990,0.494,0.54
407000,0.464,0.535
407010,0.444,0.538
407020,0.446,0.548
407030,0.48,0.564
407040,,0.589
