time_aest,level_m_ahd
2026-10-02 15:18,0.420
2026-10-02 16:23,0.470
2026-10-02 16:46,0.520
2026-10-02 17:11,0.570
2026-10-02 17:34,0.620
2026-10-02 17:35,0.620
2026-10-02 18:18,0.620
2026-10-02 20:02,0.570
2026-10-02 21:18,0.570
2026-10-02 22:21,0.520
2026-10-03 00:18,0.520
2026-10-03 01:15,0.470
2026-10-03 03:18,0.470
2026-10-03 06:18,0.470
2026-10-03 06:59,0.420
2026-10-03 09:18,0.420
2026-10-03 11:12,0.370
2026-10-03 12:18,0.370
2026-10-03 15:18,0.370
2026-10-03 17:59,0.420
2026-10-03 18:18,0.420
2026-10-03 18:34,0.470
2026-10-03 19:01,0.520
2026-10-03 19:48,0.570
2026-10-03 21:18,0.570
2026-10-03 21:19,0.520
2026-10-03 23:59,0.470
2026-10-04 00:18,0.470
2026-10-04 03:18,0.470
2026-10-04 04:30,0.420
2026-10-04 06:18,0.420
2026-10-04 09:14,0.370
2026-10-04 09:18,0.370
2026-10-04 12:18,0.370
2026-10-04 15:18,0.370
2026-10-04 18:18,0.370
2026-10-04 19:42,0.420
2026-10-04 20:06,0.470
2026-10-04 20:29,0.520
2026-10-04 20:54,0.570
2026-10-04 21:18,0.570
2026-10-04 23:28,0.520
2026-10-05 00:18,0.520
2026-10-05 02:07,0.470
2026-10-05 03:18,0.470
2026-10-05 06:03,0.420
2026-10-05 06:18,0.420
2026-10-05 09:18,0.420
2026-10-05 12:18,0.420
2026-10-05 13:47,0.370
2026-10-05 15:18,0.370
2026-10-05 18:18,0.370
2026-10-05 19:57,0.420
2026-10-05 20:29,0.470
2026-10-05 20:47,0.520
2026-10-05 21:05,0.570
2026-10-05 21:18,0.570
2026-10-05 21:23,0.620
2026-10-05 21:53,0.670
2026-10-05 23:10,0.620
2026-10-06 00:18,0.620
2026-10-06 00:37,0.570
2026-10-06 02:55,0.520
2026-10-06 03:18,0.520
2026-10-06 05:34,0.470
2026-10-06 06:18,0.470
2026-10-06 09:18,0.470
2026-10-06 09:28,0.520
2026-10-06 11:06,0.470
2026-10-06 12:18,0.470
2026-10-06 15:12,0.420
2026-10-06 15:18,0.420
2026-10-06 18:18,0.420
2026-10-06 20:27,0.470
2026-10-06 20:56,0.520
2026-10-06 21:14,0.570
2026-10-06 21:18,0.570
2026-10-06 21:29,0.620
2026-10-06 21:45,0.670
2026-10-06 22:04,0.720
2026-10-07 00:18,0.720
2026-10-07 00:32,0.670
2026-10-07 01:59,0.620
2026-10-07 03:18,0.620
2026-10-07 03:50,0.570
2026-10-07 05:57,0.520
2026-10-07 06:18,0.520
2026-10-07 09:18,0.520
2026-10-07 09:52,0.570
2026-10-07 12:18,0.570
2026-10-07 12:27,0.520
2026-10-07 15:18,0.520
2026-10-07 15:22,0.470
2026-10-07 18:18,0.470
2026-10-07 21:01,0.520
2026-10-07 21:18,0.520
2026-10-07 21:32,0.570
2026-10-07 21:50,0.620
2026-10-07 22:06,0.670
2026-10-07 22:20,0.720
2026-10-07 22:45,0.770
2026-10-08 00:18,0.770
2026-10-08 00:25,0.720
2026-10-08 01:41,0.670
2026-10-08 03:08,0.620
2026-10-08 03:18,0.620
2026-10-08 04:45,0.570
2026-10-08 06:18,0.570
2026-10-08 06:44,0.520
2026-10-08 09:18,0.520
2026-10-08 09:48,0.570
2026-10-08 10:23,0.620
2026-10-08 10:52,0.670
2026-10-08 12:18,0.670
2026-10-08 13:10,0.620
2026-10-08 15:07,0.570
2026-10-08 15:18,0.570
2026-10-08 18:18,0.520
2026-10-08 21:18,0.520
2026-10-08 21:24,0.570
2026-10-08 21:47,0.620
2026-10-08 22:07,0.670
2026-10-08 22:23,0.720
2026-10-08 22:35,0.770
2026-10-08 22:48,0.820
2026-10-08 23:04,0.870
2026-10-09 00:18,0.870
2026-10-09 00:43,0.820
2026-10-09 01:53,0.770
2026-10-09 02:54,0.720
2026-10-09 03:18,0.720
2026-10-09 04:01,0.670
2026-10-09 05:30,0.620
2026-10-09 06:18,0.620
2026-10-09 06:58,0.570
2026-10-09 09:18,0.570
2026-10-09 09:57,0.620
2026-10-09 10:25,0.670
2026-10-09 10:51,0.720
2026-10-09 11:12,0.770
2026-10-09 12:18,0.770
2026-10-09 13:37,0.720
2026-10-09 14:55,0.670
2026-10-09 15:18,0.670
2026-10-09 16:35,0.620
2026-10-09 18:17,0.570
2026-10-09 18:18,0.570
2026-10-09 21:18,0.570
2026-10-09 21:55,0.620
2026-10-09 22:23,0.670
2026-10-09 22:41,0.720
2026-10-09 22:57,0.770
2026-10-09 23:12,0.820
2026-10-09 23:29,0.870
2026-10-10 00:18,0.870
2026-10-10 01:20,0.820
2026-10-10 02:25,0.770
