time_aest,level_m_lat,prediction_m_lat
2026-10-02 00:00,2.168,2.159
2026-10-02 00:10,2.154,2.140
2026-10-02 00:20,2.135,2.115
2026-10-02 00:30,2.106,2.085
2026-10-02 00:40,2.063,2.049
2026-10-02 00:50,2.011,2.008
2026-10-02 01:00,1.966,1.964
2026-10-02 01:10,1.912,1.916
2026-10-02 01:20,1.857,1.865
2026-10-02 01:30,1.812,1.812
2026-10-02 01:40,1.751,1.758
2026-10-02 01:50,1.695,1.703
2026-10-02 02:00,1.645,1.648
2026-10-02 02:10,1.594,1.595
2026-10-02 02:20,1.532,1.541
2026-10-02 02:30,1.479,1.489
2026-10-02 02:40,1.428,1.439
2026-10-02 02:50,1.373,1.389
2026-10-02 03:00,1.319,1.341
2026-10-02 03:10,1.291,1.295
2026-10-02 03:20,1.254,1.250
2026-10-02 03:30,1.208,1.206
2026-10-02 03:40,1.167,1.166
2026-10-02 03:50,1.126,1.126
2026-10-02 04:00,1.077,1.088
2026-10-02 04:10,1.026,1.054
2026-10-02 04:20,0.990,1.021
2026-10-02 04:30,0.953,0.990
2026-10-02 04:40,0.911,0.963
2026-10-02 04:50,0.875,0.938
2026-10-02 05:00,0.843,0.916
2026-10-02 05:10,0.834,0.900
2026-10-02 05:20,0.820,0.886
2026-10-02 05:30,0.807,0.877
2026-10-02 05:40,0.804,0.874
2026-10-02 05:50,0.805,0.875
2026-10-02 06:00,0.817,0.881
2026-10-02 06:10,0.830,0.895
2026-10-02 06:20,0.836,0.914
2026-10-02 06:30,0.843,0.938
2026-10-02 06:40,0.875,0.968
2026-10-02 06:50,0.910,1.004
2026-10-02 07:00,0.938,1.045
2026-10-02 07:10,0.997,1.090
2026-10-02 07:20,1.048,1.139
2026-10-02 07:30,1.110,1.191
2026-10-02 07:40,1.178,1.246
2026-10-02 07:50,1.241,1.303
2026-10-02 08:00,1.287,1.363
2026-10-02 08:10,1.356,1.424
2026-10-02 08:20,1.422,1.486
2026-10-02 08:30,1.493,1.549
2026-10-02 08:40,1.558,1.613
2026-10-02 08:50,1.626,1.676
2026-10-02 09:00,1.702,1.741
2026-10-02 09:10,1.770,1.806
2026-10-02 09:20,1.834,1.869
2026-10-02 09:30,1.892,1.935
2026-10-02 09:40,1.968,1.999
2026-10-02 09:50,2.049,2.062
2026-10-02 10:00,2.111,2.125
2026-10-02 10:10,2.177,2.187
2026-10-02 10:20,2.250,2.246
2026-10-02 10:30,2.313,2.304
2026-10-02 10:40,2.366,2.360
2026-10-02 10:50,2.425,2.411
2026-10-02 11:00,2.473,2.460
2026-10-02 11:10,2.526,2.505
2026-10-02 11:20,2.572,2.544
2026-10-02 11:30,2.621,2.582
2026-10-02 11:40,2.665,2.614
2026-10-02 11:50,2.699,2.641
2026-10-02 12:00,2.726,2.663
2026-10-02 12:10,2.750,2.680
2026-10-02 12:20,2.743,2.690
2026-10-02 12:30,2.746,2.696
2026-10-02 12:40,2.748,2.694
2026-10-02 12:50,2.748,2.687
2026-10-02 13:00,2.736,2.673
2026-10-02 13:10,2.710,2.653
2026-10-02 13:20,2.680,2.628
2026-10-02 13:30,2.649,2.597
2026-10-02 13:40,2.609,2.561
2026-10-02 13:50,2.563,2.522
2026-10-02 14:00,2.510,2.479
2026-10-02 14:10,2.454,2.432
2026-10-02 14:20,2.392,2.384
2026-10-02 14:30,2.335,2.334
2026-10-02 14:40,2.282,2.281
2026-10-02 14:50,2.226,2.228
2026-10-02 15:00,2.174,2.174
2026-10-02 15:10,2.105,2.118
2026-10-02 15:20,2.042,2.062
2026-10-02 15:30,1.994,2.006
2026-10-02 15:40,1.946,1.949
2026-10-02 15:50,1.893,1.893
2026-10-02 16:00,1.837,1.837
2026-10-02 16:10,1.778,1.781
2026-10-02 16:20,1.715,1.726
2026-10-02 16:30,1.652,1.673
2026-10-02 16:40,1.598,1.620
2026-10-02 16:50,1.530,1.569
2026-10-02 17:00,1.460,1.520
2026-10-02 17:10,1.410,1.473
2026-10-02 17:20,1.379,1.428
2026-10-02 17:30,1.334,1.387
2026-10-02 17:40,1.296,1.348
2026-10-02 17:50,1.253,1.313
2026-10-02 18:00,1.211,1.283
2026-10-02 18:10,1.186,1.256
2026-10-02 18:20,1.165,1.235
2026-10-02 18:30,1.142,1.218
2026-10-02 18:40,1.131,1.206
2026-10-02 18:50,1.124,1.200
2026-10-02 19:00,1.125,1.198
2026-10-02 19:10,1.124,1.201
2026-10-02 19:20,1.149,1.208
2026-10-02 19:30,1.178,1.219
2026-10-02 19:40,1.189,1.234
2026-10-02 19:50,1.210,1.252
2026-10-02 20:00,1.231,1.273
2026-10-02 20:10,1.258,1.296
2026-10-02 20:20,1.298,1.322
2026-10-02 20:30,1.318,1.348
2026-10-02 20:40,1.352,1.376
2026-10-02 20:50,1.385,1.406
2026-10-02 21:00,1.416,1.437
2026-10-02 21:10,1.451,1.467
2026-10-02 21:20,1.485,1.500
2026-10-02 21:30,1.521,1.533
2026-10-02 21:40,1.543,1.565
2026-10-02 21:50,1.585,1.598
2026-10-02 22:00,1.622,1.633
2026-10-02 22:10,1.649,1.665
2026-10-02 22:20,1.678,1.698
2026-10-02 22:30,1.720,1.732
2026-10-02 22:40,1.763,1.762
2026-10-02 22:50,1.797,1.792
2026-10-02 23:00,1.826,1.821
2026-10-02 23:10,1.852,1.847
2026-10-02 23:20,1.900,1.871
2026-10-02 23:30,1.926,1.894
2026-10-02 23:40,1.948,1.913
2026-10-02 23:50,1.979,1.930
2026-10-03 00:00,1.999,1.944
2026-10-03 00:10,2.000,1.955
2026-10-03 00:20,2.000,1.963
2026-10-03 00:30,2.008,1.969
2026-10-03 00:40,2.007,1.969
2026-10-03 00:50,1.997,1.967
2026-10-03 01:00,1.993,1.962
2026-10-03 01:10,1.991,1.951
2026-10-03 01:20,1.966,1.938
2026-10-03 01:30,1.957,1.920
2026-10-03 01:40,1.952,1.899
2026-10-03 01:50,1.906,1.875
2026-10-03 02:00,1.875,1.849
2026-10-03 02:10,1.851,1.820
2026-10-03 02:20,1.816,1.788
2026-10-03 02:30,1.774,1.756
2026-10-03 02:40,1.744,1.722
2026-10-03 02:50,1.700,1.688
2026-10-03 03:00,1.664,1.653
2026-10-03 03:10,1.639,1.618
2026-10-03 03:20,1.600,1.582
2026-10-03 03:30,1.559,1.546
2026-10-03 03:40,1.531,1.512
2026-10-03 03:50,1.493,1.476
2026-10-03 04:00,1.456,1.440
2026-10-03 04:10,1.416,1.405
2026-10-03 04:20,1.373,1.372
2026-10-03 04:30,1.337,1.338
2026-10-03 04:40,1.294,1.305
2026-10-03 04:50,1.253,1.275
2026-10-03 05:00,1.212,1.244
2026-10-03 05:10,1.175,1.214
2026-10-03 05:20,1.136,1.188
2026-10-03 05:30,1.107,1.161
2026-10-03 05:40,1.072,1.137
2026-10-03 05:50,1.037,1.115
2026-10-03 06:00,1.025,1.095
2026-10-03 06:10,1.006,1.078
2026-10-03 06:20,0.990,1.065
2026-10-03 06:30,0.972,1.054
2026-10-03 06:40,0.964,1.047
2026-10-03 06:50,0.966,1.045
2026-10-03 07:00,0.967,1.046
2026-10-03 07:10,0.980,1.052
2026-10-03 07:20,0.981,1.062
2026-10-03 07:30,0.981,1.076
2026-10-03 07:40,0.985,1.094
2026-10-03 07:50,1.006,1.116
2026-10-03 08:00,1.045,1.141
2026-10-03 08:10,1.084,1.170
2026-10-03 08:20,1.106,1.203
2026-10-03 08:30,1.141,1.238
2026-10-03 08:40,1.173,1.276
2026-10-03 08:50,1.217,1.316
2026-10-03 09:00,1.277,1.359
2026-10-03 09:10,1.309,1.404
2026-10-03 09:20,1.349,1.451
2026-10-03 09:30,1.421,1.501
2026-10-03 09:40,1.484,1.552
2026-10-03 09:50,1.555,1.603
2026-10-03 10:00,1.618,1.657
2026-10-03 10:10,1.677,1.713
2026-10-03 10:20,1.739,1.769
2026-10-03 10:30,1.807,1.827
2026-10-03 10:40,1.855,1.885
2026-10-03 10:50,1.918,1.942
2026-10-03 11:00,1.978,2.000
2026-10-03 11:10,2.035,2.058
2026-10-03 11:20,2.087,2.113
2026-10-03 11:30,2.146,2.168
2026-10-03 11:40,2.215,2.221
2026-10-03 11:50,2.274,2.273
2026-10-03 12:00,2.336,2.320
2026-10-03 12:10,2.389,2.366
2026-10-03 12:20,2.428,2.410
2026-10-03 12:30,2.472,2.449
2026-10-03 12:40,2.512,2.486
2026-10-03 12:50,2.546,2.518
2026-10-03 13:00,2.573,2.547
2026-10-03 13:10,2.602,2.571
2026-10-03 13:20,2.630,2.591
2026-10-03 13:30,2.639,2.606
2026-10-03 13:40,2.657,2.616
2026-10-03 13:50,2.679,2.620
2026-10-03 14:00,2.659,2.620
2026-10-03 14:10,2.652,2.614
2026-10-03 14:20,2.635,2.603
2026-10-03 14:30,2.610,2.588
2026-10-03 14:40,2.593,2.569
2026-10-03 14:50,2.560,2.545
2026-10-03 15:00,2.520,2.519
2026-10-03 15:10,2.486,2.488
2026-10-03 15:20,2.434,2.454
2026-10-03 15:30,2.378,2.418
2026-10-03 15:40,2.338,2.378
2026-10-03 15:50,2.302,2.336
2026-10-03 16:00,2.252,2.292
2026-10-03 16:10,2.194,2.245
2026-10-03 16:20,2.139,2.196
2026-10-03 16:30,2.090,2.148
2026-10-03 16:40,2.040,2.096
2026-10-03 16:50,1.995,2.044
2026-10-03 17:00,1.935,1.992
2026-10-03 17:10,1.875,1.939
2026-10-03 17:20,1.824,1.887
2026-10-03 17:30,1.773,1.835
2026-10-03 17:40,1.704,1.783
2026-10-03 17:50,1.648,1.731
2026-10-03 18:00,1.604,1.682
2026-10-03 18:10,1.544,1.633
2026-10-03 18:20,1.488,1.585
2026-10-03 18:30,1.430,1.541
2026-10-03 18:40,1.392,1.497
2026-10-03 18:50,1.357,1.457
2026-10-03 19:00,1.325,1.419
2026-10-03 19:10,1.282,1.386
2026-10-03 19:20,1.250,1.355
2026-10-03 19:30,1.226,1.327
2026-10-03 19:40,1.200,1.303
2026-10-03 19:50,1.178,1.283
2026-10-03 20:00,1.159,1.266
2026-10-03 20:10,1.148,1.254
2026-10-03 20:20,1.123,1.244
2026-10-03 20:30,1.098,1.237
2026-10-03 20:40,1.110,1.233
2026-10-03 20:50,1.125,1.233
2026-10-03 21:00,1.121,1.236
2026-10-03 21:10,1.140,1.241
2026-10-03 21:20,1.141,1.249
2026-10-03 21:30,1.141,1.260
2026-10-03 21:40,1.170,1.272
2026-10-03 21:50,1.190,1.287
2026-10-03 22:00,1.198,1.305
2026-10-03 22:10,1.231,1.324
2026-10-03 22:20,1.257,1.346
2026-10-03 22:30,1.283,1.370
2026-10-03 22:40,1.322,1.394
2026-10-03 22:50,1.371,1.421
2026-10-03 23:00,1.393,1.450
2026-10-03 23:10,1.406,1.479
2026-10-03 23:20,1.467,1.509
2026-10-03 23:30,1.509,1.540
2026-10-03 23:40,1.545,1.570
2026-10-03 23:50,1.578,1.601
2026-10-04 00:00,1.617,1.631
2026-10-04 00:10,1.660,1.659
2026-10-04 00:20,1.695,1.688
2026-10-04 00:30,1.724,1.716
2026-10-04 00:40,1.756,1.741
2026-10-04 00:50,1.774,1.766
2026-10-04 01:00,1.802,1.789
2026-10-04 01:10,1.848,1.810
2026-10-04 01:20,1.873,1.830
2026-10-04 01:30,1.889,1.848
2026-10-04 01:40,1.897,1.863
2026-10-04 01:50,1.894,1.876
2026-10-04 02:00,1.911,1.886
2026-10-04 02:10,1.929,1.892
2026-10-04 02:20,1.942,1.896
2026-10-04 02:30,1.937,1.897
2026-10-04 02:40,1.935,1.895
2026-10-04 02:50,1.944,1.891
2026-10-04 03:00,1.924,1.883
2026-10-04 03:10,1.915,1.873
2026-10-04 03:20,1.910,1.861
2026-10-04 03:30,1.883,1.846
2026-10-04 03:40,1.850,1.829
2026-10-04 03:50,1.830,1.811
2026-10-04 04:00,1.803,1.790
2026-10-04 04:10,1.771,1.766
2026-10-04 04:20,1.759,1.742
2026-10-04 04:30,1.738,1.715
2026-10-04 04:40,1.707,1.686
2026-10-04 04:50,1.680,1.657
2026-10-04 05:00,1.637,1.626
2026-10-04 05:10,1.580,1.593
2026-10-04 05:20,1.550,1.562
2026-10-04 05:30,1.506,1.528
2026-10-04 05:40,1.467,1.494
2026-10-04 05:50,1.435,1.461
2026-10-04 06:00,1.380,1.427
2026-10-04 06:10,1.333,1.393
2026-10-04 06:20,1.302,1.361
2026-10-04 06:30,1.260,1.328
2026-10-04 06:40,1.230,1.296
2026-10-04 06:50,1.199,1.267
2026-10-04 07:00,1.145,1.238
2026-10-04 07:10,1.104,1.211
2026-10-04 07:20,1.082,1.188
2026-10-04 07:30,1.063,1.166
2026-10-04 07:40,1.052,1.146
2026-10-04 07:50,1.045,1.131
2026-10-04 08:00,1.035,1.118
2026-10-04 08:10,1.030,1.108
2026-10-04 08:20,0.999,1.102
2026-10-04 08:30,1.006,1.100
2026-10-04 08:40,1.024,1.101
2026-10-04 08:50,1.030,1.106
2026-10-04 09:00,1.031,1.115
2026-10-04 09:10,1.036,1.128
2026-10-04 09:20,1.051,1.144
2026-10-04 09:30,1.074,1.164
2026-10-04 09:40,1.095,1.188
2026-10-04 09:50,1.114,1.215
2026-10-04 10:00,1.144,1.245
2026-10-04 10:10,1.174,1.280
2026-10-04 10:20,1.234,1.318
2026-10-04 10:30,1.271,1.358
2026-10-04 10:40,1.315,1.403
2026-10-04 10:50,1.389,1.451
2026-10-04 11:00,1.441,1.500
2026-10-04 11:10,1.486,1.554
2026-10-04 11:20,1.550,1.610
2026-10-04 11:30,1.621,1.667
2026-10-04 11:40,1.693,1.727
2026-10-04 11:50,1.761,1.788
2026-10-04 12:00,1.823,1.848
2026-10-04 12:10,1.895,1.911
2026-10-04 12:20,1.964,1.972
2026-10-04 12:30,2.027,2.033
2026-10-04 12:40,2.097,2.093
2026-10-04 12:50,2.175,2.152
2026-10-04 13:00,2.233,2.209
2026-10-04 13:10,2.303,2.265
2026-10-04 13:20,2.372,2.318
2026-10-04 13:30,2.420,2.368
2026-10-04 13:40,2.462,2.417
2026-10-04 13:50,2.503,2.462
2026-10-04 14:00,2.549,2.503
2026-10-04 14:10,2.580,2.541
2026-10-04 14:20,2.621,2.574
2026-10-04 14:30,2.656,2.602
2026-10-04 14:40,2.674,2.626
2026-10-04 14:50,2.695,2.646
2026-10-04 15:00,2.702,2.660
2026-10-04 15:10,2.723,2.669
2026-10-04 15:20,2.724,2.673
2026-10-04 15:30,2.709,2.672
2026-10-04 15:40,2.721,2.666
2026-10-04 15:50,2.704,2.655
2026-10-04 16:00,2.675,2.640
2026-10-04 16:10,2.648,2.620
2026-10-04 16:20,2.633,2.595
2026-10-04 16:30,2.586,2.566
2026-10-04 16:40,2.535,2.532
2026-10-04 16:50,2.474,2.495
2026-10-04 17:00,2.433,2.452
2026-10-04 17:10,2.405,2.408
2026-10-04 17:20,2.346,2.360
2026-10-04 17:30,2.282,2.309
2026-10-04 17:40,2.232,2.257
2026-10-04 17:50,2.180,2.202
2026-10-04 18:00,2.122,2.145
2026-10-04 18:10,2.062,2.088
2026-10-04 18:20,2.002,2.029
2026-10-04 18:30,1.927,1.970
2026-10-04 18:40,1.863,1.911
2026-10-04 18:50,1.795,1.852
2026-10-04 19:00,1.722,1.793
2026-10-04 19:10,1.674,1.735
2026-10-04 19:20,1.614,1.678
2026-10-04 19:30,1.569,1.621
2026-10-04 19:40,1.506,1.567
2026-10-04 19:50,1.451,1.515
2026-10-04 20:00,1.419,1.464
2026-10-04 20:10,1.394,1.418
2026-10-04 20:20,1.333,1.373
2026-10-04 20:30,1.291,1.330
2026-10-04 20:40,1.254,1.291
2026-10-04 20:50,1.216,1.256
2026-10-04 21:00,1.193,1.223
2026-10-04 21:10,1.167,1.194
2026-10-04 21:20,1.139,1.170
2026-10-04 21:30,1.108,1.148
2026-10-04 21:40,1.073,1.129
2026-10-04 21:50,1.053,1.115
2026-10-04 22:00,1.038,1.105
2026-10-04 22:10,1.029,1.097
2026-10-04 22:20,1.038,1.094
2026-10-04 22:30,1.055,1.096
2026-10-04 22:40,1.052,1.100
2026-10-04 22:50,1.078,1.108
2026-10-04 23:00,1.090,1.121
2026-10-04 23:10,1.107,1.136
2026-10-04 23:20,1.124,1.156
2026-10-04 23:30,1.148,1.180
2026-10-04 23:40,1.179,1.206
2026-10-04 23:50,1.214,1.237
2026-10-05 00:00,1.255,1.270
2026-10-05 00:10,1.292,1.306
2026-10-05 00:20,1.333,1.342
2026-10-05 00:30,1.392,1.382
2026-10-05 00:40,1.436,1.422
2026-10-05 00:50,1.477,1.462
2026-10-05 01:00,1.527,1.504
2026-10-05 01:10,1.566,1.546
2026-10-05 01:20,1.612,1.586
2026-10-05 01:30,1.644,1.627
2026-10-05 01:40,1.686,1.668
2026-10-05 01:50,1.730,1.708
2026-10-05 02:00,1.778,1.747
2026-10-05 02:10,1.822,1.785
2026-10-05 02:20,1.862,1.821
2026-10-05 02:30,1.882,1.856
2026-10-05 02:40,1.923,1.889
2026-10-05 02:50,1.967,1.919
2026-10-05 03:00,1.996,1.947
2026-10-05 03:10,2.032,1.971
2026-10-05 03:20,2.056,1.993
2026-10-05 03:30,2.079,2.011
2026-10-05 03:40,2.094,2.026
2026-10-05 03:50,2.108,2.037
2026-10-05 04:00,2.116,2.045
2026-10-05 04:10,2.137,2.048
2026-10-05 04:20,2.130,2.049
2026-10-05 04:30,2.131,2.045
2026-10-05 04:40,2.138,2.037
2026-10-05 04:50,2.111,2.026
2026-10-05 05:00,2.095,2.010
2026-10-05 05:10,2.064,1.989
2026-10-05 05:20,2.030,1.966
2026-10-05 05:30,1.996,1.938
2026-10-05 05:40,1.949,1.906
2026-10-05 05:50,1.917,1.872
2026-10-05 06:00,1.880,1.835
2026-10-05 06:10,1.832,1.795
2026-10-05 06:20,1.768,1.754
2026-10-05 06:30,1.703,1.710
2026-10-05 06:40,1.645,1.664
2026-10-05 06:50,1.604,1.620
2026-10-05 07:00,1.540,1.573
2026-10-05 07:10,1.492,1.525
2026-10-05 07:20,1.431,1.478
2026-10-05 07:30,1.369,1.431
2026-10-05 07:40,1.313,1.385
2026-10-05 07:50,1.270,1.340
2026-10-05 08:00,1.222,1.296
2026-10-05 08:10,1.174,1.254
2026-10-05 08:20,1.134,1.214
2026-10-05 08:30,1.093,1.176
2026-10-05 08:40,1.053,1.141
2026-10-05 08:50,1.034,1.109
2026-10-05 09:00,1.005,1.081
2026-10-05 09:10,0.998,1.056
2026-10-05 09:20,0.973,1.035
2026-10-05 09:30,0.963,1.019
2026-10-05 09:40,0.940,1.006
2026-10-05 09:50,0.942,0.997
2026-10-05 10:00,0.929,0.994
2026-10-05 10:10,0.922,0.994
2026-10-05 10:20,0.929,1.000
2026-10-05 10:30,0.935,1.010
2026-10-05 10:40,0.960,1.026
2026-10-05 10:50,0.971,1.046
2026-10-05 11:00,0.991,1.071
2026-10-05 11:10,1.032,1.102
2026-10-05 11:20,1.068,1.138
2026-10-05 11:30,1.117,1.178
2026-10-05 11:40,1.158,1.225
2026-10-05 11:50,1.211,1.276
2026-10-05 12:00,1.277,1.330
2026-10-05 12:10,1.348,1.391
2026-10-05 12:20,1.425,1.455
2026-10-05 12:30,1.493,1.521
2026-10-05 12:40,1.569,1.592
2026-10-05 12:50,1.642,1.663
2026-10-05 13:00,1.728,1.736
2026-10-05 13:10,1.807,1.810
2026-10-05 13:20,1.880,1.884
2026-10-05 13:30,1.960,1.957
2026-10-05 13:40,2.030,2.031
2026-10-05 13:50,2.100,2.103
2026-10-05 14:00,2.190,2.173
2026-10-05 14:10,2.263,2.243
2026-10-05 14:20,2.332,2.310
2026-10-05 14:30,2.399,2.374
2026-10-05 14:40,2.454,2.435
2026-10-05 14:50,2.508,2.494
2026-10-05 15:00,2.562,2.548
2026-10-05 15:10,2.620,2.598
2026-10-05 15:20,2.672,2.644
2026-10-05 15:30,2.697,2.685
2026-10-05 15:40,2.740,2.720
2026-10-05 15:50,2.776,2.751
2026-10-05 16:00,2.800,2.775
2026-10-05 16:10,2.827,2.795
2026-10-05 16:20,2.848,2.807
2026-10-05 16:30,2.855,2.815
2026-10-05 16:40,2.854,2.816
2026-10-05 16:50,2.855,2.811
2026-10-05 17:00,2.847,2.799
2026-10-05 17:10,2.833,2.782
2026-10-05 17:20,2.798,2.758
2026-10-05 17:30,2.764,2.727
2026-10-05 17:40,2.722,2.692
2026-10-05 17:50,2.681,2.650
2026-10-05 18:00,2.634,2.603
2026-10-05 18:10,2.565,2.551
2026-10-05 18:20,2.493,2.495
2026-10-05 18:30,2.423,2.434
2026-10-05 18:40,2.364,2.372
2026-10-05 18:50,2.306,2.305
2026-10-05 19:00,2.223,2.237
2026-10-05 19:10,2.137,2.168
2026-10-05 19:20,2.068,2.096
2026-10-05 19:30,1.983,2.024
2026-10-05 19:40,1.900,1.952
2026-10-05 19:50,1.837,1.879
2026-10-05 20:00,1.764,1.805
2026-10-05 20:10,1.684,1.735
2026-10-05 20:20,1.615,1.664
2026-10-05 20:30,1.539,1.594
2026-10-05 20:40,1.483,1.527
2026-10-05 20:50,1.411,1.461
2026-10-05 21:00,1.337,1.398
2026-10-05 21:10,1.279,1.338
2026-10-05 21:20,1.227,1.280
2026-10-05 21:30,1.175,1.226
2026-10-05 21:40,1.138,1.175
2026-10-05 21:50,1.098,1.128
2026-10-05 22:00,1.061,1.085
2026-10-05 22:10,1.014,1.046
2026-10-05 22:20,0.973,1.012
2026-10-05 22:30,0.928,0.981
2026-10-05 22:40,0.893,0.956
2026-10-05 22:50,0.878,0.934
2026-10-05 23:00,0.859,0.918
2026-10-05 23:10,0.839,0.907
2026-10-05 23:20,0.830,0.901
2026-10-05 23:30,0.843,0.902
2026-10-05 23:40,0.858,0.907
2026-10-05 23:50,0.873,0.918
2026-10-06 00:00,0.892,0.935
2026-10-06 00:10,0.922,0.959
2026-10-06 00:20,0.960,0.987
2026-10-06 00:30,1.015,1.022
2026-10-06 00:40,1.045,1.061
2026-10-06 00:50,1.087,1.103
2026-10-06 01:00,1.129,1.152
2026-10-06 01:10,1.193,1.202
2026-10-06 01:20,1.279,1.255
2026-10-06 01:30,1.342,1.310
2026-10-06 01:40,1.400,1.367
2026-10-06 01:50,1.478,1.424
2026-10-06 02:00,1.523,1.483
2026-10-06 02:10,1.573,1.542
2026-10-06 02:20,1.638,1.600
2026-10-06 02:30,1.684,1.659
2026-10-06 02:40,1.750,1.717
2026-10-06 02:50,1.813,1.774
2026-10-06 03:00,1.858,1.830
2026-10-06 03:10,1.921,1.885
2026-10-06 03:20,1.978,1.938
2026-10-06 03:30,2.024,1.988
2026-10-06 03:40,2.071,2.036
2026-10-06 03:50,2.131,2.081
2026-10-06 04:00,2.172,2.122
2026-10-06 04:10,2.207,2.160
2026-10-06 04:20,2.246,2.193
2026-10-06 04:30,2.281,2.223
2026-10-06 04:40,2.305,2.247
2026-10-06 04:50,2.328,2.267
2026-10-06 05:00,2.339,2.282
2026-10-06 05:10,2.342,2.291
2026-10-06 05:20,2.357,2.294
2026-10-06 05:30,2.356,2.292
2026-10-06 05:40,2.340,2.283
2026-10-06 05:50,2.340,2.267
2026-10-06 06:00,2.312,2.247
2026-10-06 06:10,2.276,2.218
2026-10-06 06:20,2.226,2.184
2026-10-06 06:30,2.172,2.146
2026-10-06 06:40,2.118,2.101
2026-10-06 06:50,2.064,2.052
2026-10-06 07:00,2.016,2.000
2026-10-06 07:10,1.973,1.944
2026-10-06 07:20,1.891,1.885
2026-10-06 07:30,1.802,1.825
2026-10-06 07:40,1.717,1.762
2026-10-06 07:50,1.661,1.698
2026-10-06 08:00,1.603,1.634
2026-10-06 08:10,1.533,1.569
2026-10-06 08:20,1.456,1.505
2026-10-06 08:30,1.403,1.441
2026-10-06 08:40,1.331,1.378
2026-10-06 08:50,1.262,1.316
2026-10-06 09:00,1.194,1.258
2026-10-06 09:10,1.134,1.201
2026-10-06 09:20,1.085,1.146
2026-10-06 09:30,1.045,1.096
2026-10-06 09:40,1.007,1.049
2026-10-06 09:50,0.946,1.005
2026-10-06 10:00,0.907,0.966
2026-10-06 10:10,0.871,0.930
2026-10-06 10:20,0.843,0.900
2026-10-06 10:30,0.817,0.874
2026-10-06 10:40,0.789,0.854
2026-10-06 10:50,0.773,0.839
2026-10-06 11:00,0.759,0.829
2026-10-06 11:10,0.751,0.824
2026-10-06 11:20,0.760,0.826
2026-10-06 11:30,0.787,0.834
2026-10-06 11:40,0.815,0.849
2026-10-06 11:50,0.830,0.871
2026-10-06 12:00,0.841,0.898
2026-10-06 12:10,0.885,0.934
2026-10-06 12:20,0.929,0.977
2026-10-06 12:30,0.970,1.026
2026-10-06 12:40,1.021,1.083
2026-10-06 12:50,1.097,1.147
2026-10-06 13:00,1.179,1.216
2026-10-06 13:10,1.275,1.289
2026-10-06 13:20,1.347,1.369
2026-10-06 13:30,1.427,1.451
2026-10-06 13:40,1.515,1.535
2026-10-06 13:50,1.595,1.622
2026-10-06 14:00,1.686,1.711
2026-10-06 14:10,1.774,1.798
2026-10-06 14:20,1.857,1.887
2026-10-06 14:30,1.957,1.975
2026-10-06 14:40,2.042,2.060
2026-10-06 14:50,2.134,2.146
2026-10-06 15:00,2.221,2.229
2026-10-06 15:10,2.293,2.309
2026-10-06 15:20,2.369,2.388
2026-10-06 15:30,2.435,2.463
2026-10-06 15:40,2.519,2.534
2026-10-06 15:50,2.597,2.602
2026-10-06 16:00,2.660,2.664
2026-10-06 16:10,2.721,2.722
2026-10-06 16:20,2.780,2.774
2026-10-06 16:30,2.822,2.821
2026-10-06 16:40,2.866,2.861
2026-10-06 16:50,2.914,2.896
2026-10-06 17:00,2.938,2.924
2026-10-06 17:10,2.966,2.945
2026-10-06 17:20,2.992,2.960
2026-10-06 17:30,3.010,2.966
2026-10-06 17:40,3.014,2.966
2026-10-06 17:50,3.000,2.957
2026-10-06 18:00,2.979,2.940
2026-10-06 18:10,2.962,2.916
2026-10-06 18:20,2.926,2.883
2026-10-06 18:30,2.882,2.841
2026-10-06 18:40,2.834,2.794
2026-10-06 18:50,2.774,2.739
2026-10-06 19:00,2.713,2.677
2026-10-06 19:10,2.640,2.611
2026-10-06 19:20,2.562,2.539
2026-10-06 19:30,2.482,2.462
2026-10-06 19:40,2.404,2.384
2026-10-06 19:50,2.339,2.302
2026-10-06 20:00,2.259,2.217
2026-10-06 20:10,2.158,2.132
2026-10-06 20:20,2.057,2.046
2026-10-06 20:30,1.972,1.959
2026-10-06 20:40,1.896,1.872
2026-10-06 20:50,1.797,1.786
2026-10-06 21:00,1.707,1.700
2026-10-06 21:10,1.628,1.616
2026-10-06 21:20,1.543,1.535
2026-10-06 21:30,1.452,1.455
2026-10-06 21:40,1.359,1.377
2026-10-06 21:50,1.274,1.304
2026-10-06 22:00,1.195,1.233
2026-10-06 22:10,1.132,1.165
2026-10-06 22:20,1.072,1.102
2026-10-06 22:30,1.012,1.042
2026-10-06 22:40,0.957,0.987
2026-10-06 22:50,0.875,0.936
2026-10-06 23:00,0.815,0.890
2026-10-06 23:10,0.758,0.849
2026-10-06 23:20,0.716,0.812
2026-10-06 23:30,0.701,0.782
2026-10-06 23:40,0.671,0.757
2026-10-06 23:50,0.660,0.738
2026-10-07 00:00,0.653,0.725
2026-10-07 00:10,0.626,0.721
2026-10-07 00:20,0.623,0.722
2026-10-07 00:30,0.632,0.733
2026-10-07 00:40,0.664,0.751
2026-10-07 00:50,0.697,0.776
2026-10-07 01:00,0.739,0.809
2026-10-07 01:10,0.776,0.850
2026-10-07 01:20,0.837,0.897
2026-10-07 01:30,0.899,0.951
2026-10-07 01:40,0.965,1.010
2026-10-07 01:50,1.043,1.072
2026-10-07 02:00,1.086,1.140
2026-10-07 02:10,1.167,1.211
2026-10-07 02:20,1.229,1.282
2026-10-07 02:30,1.304,1.356
2026-10-07 02:40,1.395,1.431
2026-10-07 02:50,1.490,1.506
2026-10-07 03:00,1.563,1.582
2026-10-07 03:10,1.623,1.657
2026-10-07 03:20,1.677,1.732
2026-10-07 03:30,1.769,1.806
2026-10-07 03:40,1.852,1.879
2026-10-07 03:50,1.917,1.950
2026-10-07 04:00,2.006,2.019
2026-10-07 04:10,2.061,2.085
2026-10-07 04:20,2.128,2.149
2026-10-07 04:30,2.202,2.209
2026-10-07 04:40,2.268,2.265
2026-10-07 04:50,2.302,2.318
2026-10-07 05:00,2.338,2.366
2026-10-07 05:10,2.383,2.408
2026-10-07 05:20,2.436,2.446
2026-10-07 05:30,2.468,2.478
2026-10-07 05:40,2.503,2.504
2026-10-07 05:50,2.549,2.522
2026-10-07 06:00,2.568,2.534
2026-10-07 06:10,2.547,2.538
2026-10-07 06:20,2.544,2.533
2026-10-07 06:30,2.526,2.521
2026-10-07 06:40,2.501,2.500
2026-10-07 06:50,2.483,2.470
2026-10-07 07:00,2.428,2.434
2026-10-07 07:10,2.397,2.388
2026-10-07 07:20,2.348,2.336
2026-10-07 07:30,2.295,2.278
2026-10-07 07:40,2.227,2.214
2026-10-07 07:50,2.159,2.146
2026-10-07 08:00,2.080,2.074
2026-10-07 08:10,1.984,1.999
2026-10-07 08:20,1.902,1.921
2026-10-07 08:30,1.839,1.842
2026-10-07 08:40,1.739,1.762
2026-10-07 08:50,1.663,1.680
2026-10-07 09:00,1.583,1.601
2026-10-07 09:10,1.486,1.520
2026-10-07 09:20,1.408,1.441
2026-10-07 09:30,1.331,1.365
2026-10-07 09:40,1.255,1.289
2026-10-07 09:50,1.187,1.217
2026-10-07 10:00,1.114,1.149
2026-10-07 10:10,1.056,1.083
2026-10-07 10:20,0.989,1.021
2026-10-07 10:30,0.939,0.964
2026-10-07 10:40,0.874,0.911
2026-10-07 10:50,0.825,0.862
2026-10-07 11:00,0.776,0.819
2026-10-07 11:10,0.717,0.780
2026-10-07 11:20,0.685,0.747
2026-10-07 11:30,0.646,0.719
2026-10-07 11:40,0.618,0.697
2026-10-07 11:50,0.609,0.682
2026-10-07 12:00,0.609,0.673
2026-10-07 12:10,0.616,0.672
2026-10-07 12:20,0.625,0.678
2026-10-07 12:30,0.631,0.693
2026-10-07 12:40,0.639,0.715
2026-10-07 12:50,0.682,0.747
2026-10-07 13:00,0.737,0.788
2026-10-07 13:10,0.792,0.836
2026-10-07 13:20,0.855,0.895
2026-10-07 13:30,0.909,0.961
2026-10-07 13:40,0.991,1.034
2026-10-07 13:50,1.077,1.115
2026-10-07 14:00,1.181,1.202
2026-10-07 14:10,1.277,1.292
2026-10-07 14:20,1.377,1.387
2026-10-07 14:30,1.486,1.484
2026-10-07 14:40,1.587,1.582
2026-10-07 14:50,1.678,1.683
2026-10-07 15:00,1.769,1.783
2026-10-07 15:10,1.863,1.881
2026-10-07 15:20,1.952,1.981
2026-10-07 15:30,2.044,2.078
2026-10-07 15:40,2.138,2.172
2026-10-07 15:50,2.243,2.266
2026-10-07 16:00,2.343,2.356
2026-10-07 16:10,2.434,2.442
2026-10-07 16:20,2.515,2.525
2026-10-07 16:30,2.594,2.605
2026-10-07 16:40,2.660,2.678
2026-10-07 16:50,2.724,2.747
2026-10-07 17:00,2.797,2.810
2026-10-07 17:10,2.864,2.867
2026-10-07 17:20,2.902,2.918
2026-10-07 17:30,2.931,2.963
2026-10-07 17:40,2.970,3.001
2026-10-07 17:50,3.018,3.031
2026-10-07 18:00,3.033,3.054
2026-10-07 18:10,3.059,3.067
2026-10-07 18:20,3.062,3.074
2026-10-07 18:30,3.048,3.070
2026-10-07 18:40,3.028,3.057
2026-10-07 18:50,2.995,3.035
2026-10-07 19:00,2.965,3.002
2026-10-07 19:10,2.916,2.960
2026-10-07 19:20,2.857,2.909
2026-10-07 19:30,2.802,2.849
2026-10-07 19:40,2.728,2.781
2026-10-07 19:50,2.646,2.708
2026-10-07 20:00,2.559,2.627
2026-10-07 20:10,2.460,2.541
2026-10-07 20:20,2.352,2.452
2026-10-07 20:30,2.258,2.359
2026-10-07 20:40,2.152,2.263
2026-10-07 20:50,2.055,2.167
2026-10-07 21:00,1.971,2.068
2026-10-07 21:10,1.886,1.970
2026-10-07 21:20,1.798,1.872
2026-10-07 21:30,1.702,1.774
2026-10-07 21:40,1.591,1.678
2026-10-07 21:50,1.481,1.584
2026-10-07 22:00,1.390,1.491
2026-10-07 22:10,1.298,1.402
2026-10-07 22:20,1.218,1.317
2026-10-07 22:30,1.150,1.233
2026-10-07 22:40,1.063,1.155
2026-10-07 22:50,0.977,1.080
2026-10-07 23:00,0.912,1.009
2026-10-07 23:10,0.849,0.942
2026-10-07 23:20,0.787,0.880
2026-10-07 23:30,0.724,0.823
2026-10-07 23:40,0.694,0.770
2026-10-07 23:50,0.657,0.723
2026-10-08 00:00,0.632,0.682
2026-10-08 00:10,0.589,0.647
2026-10-08 00:20,0.550,0.618
2026-10-08 00:30,0.549,0.597
2026-10-08 00:40,0.530,0.583
2026-10-08 00:50,0.529,0.577
2026-10-08 01:00,0.538,0.581
2026-10-08 01:10,0.532,0.594
2026-10-08 01:20,0.543,0.616
2026-10-08 01:30,0.594,0.646
2026-10-08 01:40,0.651,0.687
2026-10-08 01:50,0.692,0.736
2026-10-08 02:00,0.749,0.792
2026-10-08 02:10,0.798,0.857
2026-10-08 02:20,0.870,0.928
2026-10-08 02:30,0.953,1.003
2026-10-08 02:40,1.037,1.083
2026-10-08 02:50,1.112,1.167
2026-10-08 03:00,1.215,1.252
2026-10-08 03:10,1.301,1.340
2026-10-08 03:20,1.394,1.429
2026-10-08 03:30,1.484,1.517
2026-10-08 03:40,1.569,1.607
2026-10-08 03:50,1.651,1.696
2026-10-08 04:00,1.731,1.783
2026-10-08 04:10,1.827,1.870
2026-10-08 04:20,1.914,1.956
2026-10-08 04:30,1.994,2.039
2026-10-08 04:40,2.083,2.119
2026-10-08 04:50,2.164,2.198
2026-10-08 05:00,2.226,2.272
2026-10-08 05:10,2.309,2.343
2026-10-08 05:20,2.376,2.410
2026-10-08 05:30,2.439,2.471
2026-10-08 05:40,2.489,2.528
2026-10-08 05:50,2.531,2.580
2026-10-08 06:00,2.578,2.625
2026-10-08 06:10,2.619,2.664
2026-10-08 06:20,2.650,2.696
2026-10-08 06:30,2.700,2.720
2026-10-08 06:40,2.725,2.736
2026-10-08 06:50,2.734,2.743
2026-10-08 07:00,2.732,2.741
2026-10-08 07:10,2.711,2.728
2026-10-08 07:20,2.703,2.705
2026-10-08 07:30,2.672,2.674
2026-10-08 07:40,2.620,2.632
2026-10-08 07:50,2.571,2.581
2026-10-08 08:00,2.514,2.522
2026-10-08 08:10,2.458,2.455
2026-10-08 08:20,2.374,2.381
2026-10-08 08:30,2.281,2.302
2026-10-08 08:40,2.191,2.220
2026-10-08 08:50,2.102,2.133
2026-10-08 09:00,2.021,2.043
2026-10-08 09:10,1.943,1.953
2026-10-08 09:20,1.857,1.860
2026-10-08 09:30,1.769,1.767
2026-10-08 09:40,1.678,1.676
2026-10-08 09:50,1.566,1.584
2026-10-08 10:00,1.460,1.493
2026-10-08 10:10,1.362,1.406
2026-10-08 10:20,1.276,1.320
2026-10-08 10:30,1.194,1.237
2026-10-08 10:40,1.132,1.159
2026-10-08 10:50,1.072,1.083
2026-10-08 11:00,1.005,1.012
2026-10-08 11:10,0.930,0.946
2026-10-08 11:20,0.870,0.883
2026-10-08 11:30,0.815,0.826
2026-10-08 11:40,0.770,0.773
2026-10-08 11:50,0.721,0.726
2026-10-08 12:00,0.677,0.683
2026-10-08 12:10,0.647,0.648
2026-10-08 12:20,0.608,0.617
2026-10-08 12:30,0.604,0.594
2026-10-08 12:40,0.604,0.578
2026-10-08 12:50,0.600,0.570
2026-10-08 13:00,0.596,0.571
2026-10-08 13:10,0.597,0.580
2026-10-08 13:20,0.604,0.600
2026-10-08 13:30,0.631,0.630
2026-10-08 13:40,0.681,0.669
2026-10-08 13:50,0.737,0.719
2026-10-08 14:00,0.785,0.779
2026-10-08 14:10,0.855,0.847
2026-10-08 14:20,0.924,0.924
2026-10-08 14:30,1.009,1.010
2026-10-08 14:40,1.105,1.100
2026-10-08 14:50,1.210,1.197
2026-10-08 15:00,1.292,1.298
2026-10-08 15:10,1.394,1.400
2026-10-08 15:20,1.496,1.506
2026-10-08 15:30,1.603,1.612
2026-10-08 15:40,1.708,1.718
2026-10-08 15:50,1.800,1.825
2026-10-08 16:00,1.918,1.930
2026-10-08 16:10,2.031,2.034
2026-10-08 16:20,2.113,2.135
2026-10-08 16:30,2.209,2.235
2026-10-08 16:40,2.314,2.331
2026-10-08 16:50,2.408,2.424
2026-10-08 17:00,2.513,2.513
2026-10-08 17:10,2.605,2.598
2026-10-08 17:20,2.680,2.677
2026-10-08 17:30,2.744,2.752
2026-10-08 17:40,2.810,2.821
2026-10-08 17:50,2.871,2.883
2026-10-08 18:00,2.928,2.939
2026-10-08 18:10,2.979,2.988
2026-10-08 18:20,3.027,3.030
2026-10-08 18:30,3.062,3.064
2026-10-08 18:40,3.091,3.090
2026-10-08 18:50,3.113,3.107
2026-10-08 19:00,3.122,3.114
2026-10-08 19:10,3.122,3.112
2026-10-08 19:20,3.120,3.099
2026-10-08 19:30,3.098,3.075
2026-10-08 19:40,3.061,3.040
2026-10-08 19:50,3.007,2.995
2026-10-08 20:00,2.954,2.939
2026-10-08 20:10,2.892,2.874
2026-10-08 20:20,2.814,2.800
2026-10-08 20:30,2.726,2.719
2026-10-08 20:40,2.623,2.630
2026-10-08 20:50,2.533,2.537
2026-10-08 21:00,2.441,2.439
2026-10-08 21:10,2.336,2.337
2026-10-08 21:20,2.248,2.235
2026-10-08 21:30,2.144,2.129
2026-10-08 21:40,2.028,2.023
2026-10-08 21:50,1.922,1.917
2026-10-08 22:00,1.813,1.811
2026-10-08 22:10,1.710,1.707
2026-10-08 22:20,1.595,1.606
2026-10-08 22:30,1.497,1.505
2026-10-08 22:40,1.394,1.408
2026-10-08 22:50,1.295,1.314
2026-10-08 23:00,1.217,1.224
2026-10-08 23:10,1.126,1.137
2026-10-08 23:20,1.051,1.055
2026-10-08 23:30,0.966,0.978
2026-10-08 23:40,0.897,0.904
2026-10-08 23:50,0.840,0.836
2026-10-09 00:00,0.781,0.772
2026-10-09 00:10,0.728,0.714
2026-10-09 00:20,0.682,0.660
2026-10-09 00:30,0.636,0.613
2026-10-09 00:40,0.598,0.572
2026-10-09 00:50,0.569,0.537
2026-10-09 01:00,0.530,0.510
2026-10-09 01:10,0.503,0.491
2026-10-09 01:20,0.502,0.481
2026-10-09 01:30,0.511,0.479
2026-10-09 01:40,0.513,0.488
2026-10-09 01:50,0.540,0.507
2026-10-09 02:00,0.563,0.536
2026-10-09 02:10,0.607,0.576
2026-10-09 02:20,0.654,0.626
2026-10-09 02:30,0.715,0.684
2026-10-09 02:40,0.777,0.751
2026-10-09 02:50,0.844,0.826
2026-10-09 03:00,0.921,0.907
2026-10-09 03:10,1.007,0.994
2026-10-09 03:20,1.097,1.085
2026-10-09 03:30,1.192,1.178
2026-10-09 03:40,1.288,1.275
2026-10-09 03:50,1.389,1.373
2026-10-09 04:00,1.474,1.470
2026-10-09 04:10,1.572,1.569
2026-10-09 04:20,1.673,1.667
2026-10-09 04:30,1.777,1.764
2026-10-09 04:40,1.868,1.861
2026-10-09 04:50,1.967,1.956
2026-10-09 05:00,2.051,2.048
2026-10-09 05:10,2.148,2.139
2026-10-09 05:20,2.238,2.228
2026-10-09 05:30,2.317,2.312
2026-10-09 05:40,2.393,2.393
2026-10-09 05:50,2.475,2.469
2026-10-09 06:00,2.545,2.542
2026-10-09 06:10,2.607,2.608
2026-10-09 06:20,2.669,2.669
2026-10-09 06:30,2.714,2.724
2026-10-09 06:40,2.760,2.773
2026-10-09 06:50,2.799,2.815
2026-10-09 07:00,2.827,2.849
2026-10-09 07:10,2.858,2.875
2026-10-09 07:20,2.869,2.891
2026-10-09 07:30,2.871,2.898
2026-10-09 07:40,2.880,2.894
2026-10-09 07:50,2.866,2.879
2026-10-09 08:00,2.838,2.854
2026-10-09 08:10,2.805,2.818
2026-10-09 08:20,2.755,2.771
2026-10-09 08:30,2.702,2.713
2026-10-09 08:40,2.630,2.649
2026-10-09 08:50,2.548,2.575
2026-10-09 09:00,2.460,2.494
2026-10-09 09:10,2.368,2.410
2026-10-09 09:20,2.267,2.319
2026-10-09 09:30,2.179,2.224
2026-10-09 09:40,2.098,2.129
2026-10-09 09:50,1.998,2.030
2026-10-09 10:00,1.896,1.931
2026-10-09 10:10,1.793,1.833
2026-10-09 10:20,1.696,1.734
2026-10-09 10:30,1.607,1.636
2026-10-09 10:40,1.505,1.541
2026-10-09 10:50,1.391,1.447
2026-10-09 11:00,1.304,1.356
2026-10-09 11:10,1.228,1.268
2026-10-09 11:20,1.140,1.184
2026-10-09 11:30,1.060,1.103
2026-10-09 11:40,0.974,1.027
2026-10-09 11:50,0.901,0.955
2026-10-09 12:00,0.835,0.887
2026-10-09 12:10,0.790,0.825
2026-10-09 12:20,0.736,0.766
2026-10-09 12:30,0.692,0.713
2026-10-09 12:40,0.649,0.666
2026-10-09 12:50,0.613,0.624
2026-10-09 13:00,0.588,0.589
2026-10-09 13:10,0.561,0.561
2026-10-09 13:20,0.544,0.541
2026-10-09 13:30,0.527,0.530
2026-10-09 13:40,0.528,0.528
2026-10-09 13:50,0.545,0.535
2026-10-09 14:00,0.564,0.554
2026-10-09 14:10,0.582,0.583
2026-10-09 14:20,0.613,0.622
2026-10-09 14:30,0.663,0.673
2026-10-09 14:40,0.723,0.734
2026-10-09 14:50,0.801,0.804
2026-10-09 15:00,0.872,0.883
2026-10-09 15:10,0.967,0.970
2026-10-09 15:20,1.066,1.062
2026-10-09 15:30,1.173,1.160
2026-10-09 15:40,1.275,1.263
2026-10-09 15:50,1.379,1.367
2026-10-09 16:00,1.482,1.473
2026-10-09 16:10,1.587,1.581
2026-10-09 16:20,1.692,1.688
2026-10-09 16:30,1.800,1.795
2026-10-09 16:40,1.894,1.902
2026-10-09 16:50,1.998,2.005
2026-10-09 17:00,2.103,2.108
2026-10-09 17:10,2.193,2.209
2026-10-09 17:20,2.289,2.305
2026-10-09 17:30,2.394,2.399
2026-10-09 17:40,2.488,2.490
2026-10-09 17:50,2.573,2.574
2026-10-09 18:00,2.664,2.655
2026-10-09 18:10,2.737,2.730
2026-10-09 18:20,2.799,2.799
2026-10-09 18:30,2.872,2.862
2026-10-09 18:40,2.927,2.919
2026-10-09 18:50,2.966,2.968
2026-10-09 19:00,3.013,3.009
2026-10-09 19:10,3.051,3.043
2026-10-09 19:20,3.088,3.067
2026-10-09 19:30,3.111,3.083
2026-10-09 19:40,3.114,3.088
2026-10-09 19:50,3.114,3.083
2026-10-09 20:00,3.106,3.066
2026-10-09 20:10,3.075,3.038
2026-10-09 20:20,3.033,3.000
2026-10-09 20:30,2.988,2.949
2026-10-09 20:40,2.934,2.888
2026-10-09 20:50,2.854,2.817
2026-10-09 21:00,2.772,2.738
2026-10-09 21:10,2.680,2.650
2026-10-09 21:20,2.591,2.556
2026-10-09 21:30,2.477,2.458
2026-10-09 21:40,2.374,2.354
2026-10-09 21:50,2.265,2.247
2026-10-09 22:00,2.148,2.141
2026-10-09 22:10,2.038,2.032
2026-10-09 22:20,1.945,1.922
2026-10-09 22:30,1.828,1.815
2026-10-09 22:40,1.721,1.707
2026-10-09 22:50,1.611,1.601
2026-10-09 23:00,1.505,1.498
2026-10-09 23:10,1.400,1.397
2026-10-09 23:20,1.310,1.300
2026-10-09 23:30,1.223,1.207
2026-10-09 23:40,1.128,1.117
2026-10-09 23:50,1.048,1.032
2026-10-10 00:00,0.958,0.951
2026-10-10 00:10,0.882,0.875
2026-10-10 00:20,0.815,0.803
2026-10-10 00:30,0.745,0.738
2026-10-10 00:40,0.691,0.676
2026-10-10 00:50,0.627,0.620
2026-10-10 01:00,0.573,0.571
2026-10-10 01:10,0.541,0.527
2026-10-10 01:20,0.511,0.490
2026-10-10 01:30,0.494,0.460
2026-10-10 01:40,0.487,0.439
2026-10-10 01:50,,0.426
2026-10-10 02:00,,0.423
