session,anon,slot_start,band_km,line,band,region,score,tide,min_from_runin,light,solunar,moon_phase,tide_source,wind_kmh,dp3_hpa,bites,fish,mj,kept,max_len_cm,species,bait,received
3cc5dd28e988,TEST-e95c1,2026-10-08T19:00+10:00,8,B,"km 8–10, Bottle Ck jn",,49,rising,223,night,none,Wan cres,baffle,,,0,0,0,0,,,,2026-10-09
645a3a59a739,TEST-88b1e,2026-10-08T19:00+10:00,8,B,"km 8–10, Bottle Ck jn",,49,rising,223,night,none,Wan cres,baffle,,,0,0,0,0,,,,2026-10-09
6c2827e584bc,TEST-44401,2026-10-08T19:00+10:00,8,B,"km 8–10, Bottle Ck jn",,49,rising,223,night,none,Wan cres,baffle,,,0,0,0,0,,,,2026-10-09
953f039bf18e,TEST-aba69,2026-10-08T19:00+10:00,8,B,"km 8–10, Bottle Ck jn",,49,rising,223,night,none,Wan cres,baffle,,,0,0,0,0,,,,2026-10-09
eb0a5c9b31c7,TEST-d3633,2026-10-08T19:00+10:00,8,B,"km 8–10, Bottle Ck jn",,49,rising,223,night,none,Wan cres,baffle,,,0,0,0,0,,,,2026-10-09
3cc5dd28e988,TEST-e95c1,2026-10-08T19:15+10:00,8,B,"km 8–10, Bottle Ck jn",,53,rising,238,night,none,Wan cres,baffle,,,0,0,0,0,,,,2026-10-09
645a3a59a739,TEST-88b1e,2026-10-08T19:15+10:00,8,B,"km 8–10, Bottle Ck jn",,53,rising,238,night,none,Wan cres,baffle,,,0,0,0,0,,,,2026-10-09
6c2827e584bc,TEST-44401,2026-10-08T19:15+10:00,8,B,"km 8–10, Bottle Ck jn",,53,rising,238,night,none,Wan cres,baffle,,,0,0,0,0,,,,2026-10-09
953f039bf18e,TEST-aba69,2026-10-08T19:15+10:00,8,B,"km 8–10, Bottle Ck jn",,53,rising,238,night,none,Wan cres,baffle,,,0,0,0,0,,,,2026-10-09
eb0a5c9b31c7,TEST-d3633,2026-10-08T19:15+10:00,8,B,"km 8–10, Bottle Ck jn",,53,rising,238,night,none,Wan cres,baffle,,,0,0,0,0,,,,2026-10-09
3cc5dd28e988,TEST-e95c1,2026-10-08T19:30+10:00,8,B,"km 8–10, Bottle Ck jn",,53,rising,253,night,none,Wan cres,baffle,,,0,0,0,0,,,,2026-10-09
645a3a59a739,TEST-88b1e,2026-10-08T19:30+10:00,8,B,"km 8–10, Bottle Ck jn",,53,rising,253,night,none,Wan cres,baffle,,,0,0,0,0,,,,2026-10-09
6c2827e584bc,TEST-44401,2026-10-08T19:30+10:00,8,B,"km 8–10, Bottle Ck jn",,53,rising,253,night,none,Wan cres,baffle,,,0,0,0,0,,,,2026-10-09
953f039bf18e,TEST-aba69,2026-10-08T19:30+10:00,8,B,"km 8–10, Bottle Ck jn",,53,rising,253,night,none,Wan cres,baffle,,,0,0,0,0,,,,2026-10-09
eb0a5c9b31c7,TEST-d3633,2026-10-08T19:30+10:00,8,B,"km 8–10, Bottle Ck jn",,53,rising,253,night,none,Wan cres,baffle,,,0,0,0,0,,,,2026-10-09
3cc5dd28e988,TEST-e95c1,2026-10-08T19:45+10:00,8,B,"km 8–10, Bottle Ck jn",,53,rising,268,night,none,Wan cres,baffle,,,0,0,0,0,,,,2026-10-09
645a3a59a739,TEST-88b1e,2026-10-08T19:45+10:00,8,B,"km 8–10, Bottle Ck jn",,53,rising,268,night,none,Wan cres,baffle,,,0,0,0,0,,,,2026-10-09
6c2827e584bc,TEST-44401,2026-10-08T19:45+10:00,8,B,"km 8–10, Bottle Ck jn",,53,rising,268,night,none,Wan cres,baffle,,,0,0,0,0,,,,2026-10-09
953f039bf18e,TEST-aba69,2026-10-08T19:45+10:00,8,B,"km 8–10, Bottle Ck jn",,53,rising,268,night,none,Wan cres,baffle,,,0,0,0,0,,,,2026-10-09
eb0a5c9b31c7,TEST-d3633,2026-10-08T19:45+10:00,8,B,"km 8–10, Bottle Ck jn",,53,rising,268,night,none,Wan cres,baffle,,,0,0,0,0,,,,2026-10-09
3cc5dd28e988,TEST-e95c1,2026-10-08T20:00+10:00,8,B,"km 8–10, Bottle Ck jn",,53,rising,283,night,none,Wan cres,baffle,,,0,0,0,0,,,,2026-10-09
645a3a59a739,TEST-88b1e,2026-10-08T20:00+10:00,8,B,"km 8–10, Bottle Ck jn",,53,rising,283,night,none,Wan cres,baffle,,,0,0,0,0,,,,2026-10-09
6c2827e584bc,TEST-44401,2026-10-08T20:00+10:00,8,B,"km 8–10, Bottle Ck jn",,53,rising,283,night,none,Wan cres,baffle,,,0,0,0,0,,,,2026-10-09
953f039bf18e,TEST-aba69,2026-10-08T20:00+10:00,8,B,"km 8–10, Bottle Ck jn",,53,rising,283,night,none,Wan cres,baffle,,,0,0,0,0,,,,2026-10-09
eb0a5c9b31c7,TEST-d3633,2026-10-08T20:00+10:00,8,B,"km 8–10, Bottle Ck jn",,53,rising,283,night,none,Wan cres,baffle,,,0,0,0,0,,,,2026-10-09
3cc5dd28e988,TEST-e95c1,2026-10-08T20:15+10:00,8,B,"km 8–10, Bottle Ck jn",,53,rising,298,night,none,Wan cres,baffle,,,0,0,0,0,,,,2026-10-09
645a3a59a739,TEST-88b1e,2026-10-08T20:15+10:00,8,B,"km 8–10, Bottle Ck jn",,53,rising,298,night,none,Wan cres,baffle,,,0,0,0,0,,,,2026-10-09
6c2827e584bc,TEST-44401,2026-10-08T20:15+10:00,8,B,"km 8–10, Bottle Ck jn",,53,rising,298,night,none,Wan cres,baffle,,,0,0,0,0,,,,2026-10-09
953f039bf18e,TEST-aba69,2026-10-08T20:15+10:00,8,B,"km 8–10, Bottle Ck jn",,53,rising,298,night,none,Wan cres,baffle,,,0,0,0,0,,,,2026-10-09
eb0a5c9b31c7,TEST-d3633,2026-10-08T20:15+10:00,8,B,"km 8–10, Bottle Ck jn",,53,rising,298,night,none,Wan cres,baffle,,,0,0,0,0,,,,2026-10-09
3cc5dd28e988,TEST-e95c1,2026-10-08T20:30+10:00,8,B,"km 8–10, Bottle Ck jn",,52,falling,313,night,none,Wan cres,baffle,,,0,0,0,0,,,,2026-10-09
645a3a59a739,TEST-88b1e,2026-10-08T20:30+10:00,8,B,"km 8–10, Bottle Ck jn",,52,falling,313,night,none,Wan cres,baffle,,,0,0,0,0,,,,2026-10-09
6c2827e584bc,TEST-44401,2026-10-08T20:30+10:00,8,B,"km 8–10, Bottle Ck jn",,52,falling,313,night,none,Wan cres,baffle,,,0,0,0,0,,,,2026-10-09
953f039bf18e,TEST-aba69,2026-10-08T20:30+10:00,8,B,"km 8–10, Bottle Ck jn",,52,falling,313,night,none,Wan cres,baffle,,,0,0,0,0,,,,2026-10-09
eb0a5c9b31c7,TEST-d3633,2026-10-08T20:30+10:00,8,B,"km 8–10, Bottle Ck jn",,52,falling,313,night,none,Wan cres,baffle,,,0,0,0,0,,,,2026-10-09
3cc5dd28e988,TEST-e95c1,2026-10-08T20:45+10:00,8,B,"km 8–10, Bottle Ck jn",,59,falling,328,night,major,Wan cres,baffle,,,0,0,0,0,,,,2026-10-09
645a3a59a739,TEST-88b1e,2026-10-08T20:45+10:00,8,B,"km 8–10, Bottle Ck jn",,59,falling,328,night,major,Wan cres,baffle,,,0,0,0,0,,,,2026-10-09
6c2827e584bc,TEST-44401,2026-10-08T20:45+10:00,8,B,"km 8–10, Bottle Ck jn",,59,falling,328,night,major,Wan cres,baffle,,,0,0,0,0,,,,2026-10-09
953f039bf18e,TEST-aba69,2026-10-08T20:45+10:00,8,B,"km 8–10, Bottle Ck jn",,59,falling,328,night,major,Wan cres,baffle,,,0,0,0,0,,,,2026-10-09
eb0a5c9b31c7,TEST-d3633,2026-10-08T20:45+10:00,8,B,"km 8–10, Bottle Ck jn",,59,falling,328,night,major,Wan cres,baffle,,,0,0,0,0,,,,2026-10-09
3cc5dd28e988,TEST-e95c1,2026-10-08T21:00+10:00,8,B,"km 8–10, Bottle Ck jn",,67,falling,343,night,major,Wan cres,baffle,,,0,0,0,0,,,,2026-10-09
645a3a59a739,TEST-88b1e,2026-10-08T21:00+10:00,8,B,"km 8–10, Bottle Ck jn",,67,falling,343,night,major,Wan cres,baffle,,,0,0,0,0,,,,2026-10-09
6c2827e584bc,TEST-44401,2026-10-08T21:00+10:00,8,B,"km 8–10, Bottle Ck jn",,67,falling,343,night,major,Wan cres,baffle,,,0,0,0,0,,,,2026-10-09
953f039bf18e,TEST-aba69,2026-10-08T21:00+10:00,8,B,"km 8–10, Bottle Ck jn",,67,falling,343,night,major,Wan cres,baffle,,,0,0,0,0,,,,2026-10-09
eb0a5c9b31c7,TEST-d3633,2026-10-08T21:00+10:00,8,B,"km 8–10, Bottle Ck jn",,67,falling,343,night,major,Wan cres,baffle,,,0,0,0,0,,,,2026-10-09
3cc5dd28e988,TEST-e95c1,2026-10-08T21:15+10:00,8,B,"km 8–10, Bottle Ck jn",,70,falling,358,night,major,Wan cres,baffle,,,0,0,0,0,,,,2026-10-09
645a3a59a739,TEST-88b1e,2026-10-08T21:15+10:00,8,B,"km 8–10, Bottle Ck jn",,70,falling,358,night,major,Wan cres,baffle,,,0,0,0,0,,,,2026-10-09
6c2827e584bc,TEST-44401,2026-10-08T21:15+10:00,8,B,"km 8–10, Bottle Ck jn",,70,falling,358,night,major,Wan cres,baffle,,,0,0,0,0,,,,2026-10-09
953f039bf18e,TEST-aba69,2026-10-08T21:15+10:00,8,B,"km 8–10, Bottle Ck jn",,70,falling,358,night,major,Wan cres,baffle,,,0,0,0,0,,,,2026-10-09
eb0a5c9b31c7,TEST-d3633,2026-10-08T21:15+10:00,8,B,"km 8–10, Bottle Ck jn",,70,falling,358,night,major,Wan cres,baffle,,,0,0,0,0,,,,2026-10-09
3cc5dd28e988,TEST-e95c1,2026-10-08T21:30+10:00,8,B,"km 8–10, Bottle Ck jn",,69,falling,373,night,major,Wan cres,baffle,,,0,0,0,0,,,,2026-10-09
645a3a59a739,TEST-88b1e,2026-10-08T21:30+10:00,8,B,"km 8–10, Bottle Ck jn",,69,falling,373,night,major,Wan cres,baffle,,,0,0,0,0,,,,2026-10-09
6c2827e584bc,TEST-44401,2026-10-08T21:30+10:00,8,B,"km 8–10, Bottle Ck jn",,69,falling,373,night,major,Wan cres,baffle,,,0,0,0,0,,,,2026-10-09
953f039bf18e,TEST-aba69,2026-10-08T21:30+10:00,8,B,"km 8–10, Bottle Ck jn",,69,falling,373,night,major,Wan cres,baffle,,,0,0,0,0,,,,2026-10-09
eb0a5c9b31c7,TEST-d3633,2026-10-08T21:30+10:00,8,B,"km 8–10, Bottle Ck jn",,69,falling,373,night,major,Wan cres,baffle,,,0,0,0,0,,,,2026-10-09
3cc5dd28e988,TEST-e95c1,2026-10-08T21:45+10:00,8,B,"km 8–10, Bottle Ck jn",,69,falling,388,night,major,Wan cres,baffle,,,0,0,0,0,,,,2026-10-09
645a3a59a739,TEST-88b1e,2026-10-08T21:45+10:00,8,B,"km 8–10, Bottle Ck jn",,69,falling,388,night,major,Wan cres,baffle,,,0,0,0,0,,,,2026-10-09
6c2827e584bc,TEST-44401,2026-10-08T21:45+10:00,8,B,"km 8–10, Bottle Ck jn",,69,falling,388,night,major,Wan cres,baffle,,,0,0,0,0,,,,2026-10-09
953f039bf18e,TEST-aba69,2026-10-08T21:45+10:00,8,B,"km 8–10, Bottle Ck jn",,69,falling,388,night,major,Wan cres,baffle,,,0,0,0,0,,,,2026-10-09
eb0a5c9b31c7,TEST-d3633,2026-10-08T21:45+10:00,8,B,"km 8–10, Bottle Ck jn",,69,falling,388,night,major,Wan cres,baffle,,,0,0,0,0,,,,2026-10-09
4a1f9d1a07df,TEST-aba69,2026-10-09T20:00+10:00,4,B,"km 4–6, Winfield–Flat Rock",,53,rising,257,night,none,New,baffle,13,1.6,0,0,0,0,,,plastic,2026-10-09
5129fed39038,TEST-88b1e,2026-10-09T20:00+10:00,4,B,"km 4–6, Winfield–Flat Rock",,53,rising,257,night,none,New,baffle,13,1.6,0,0,0,0,,,plastic,2026-10-09
5b0aa8d6cdee,TEST-44401,2026-10-09T20:00+10:00,4,B,"km 4–6, Winfield–Flat Rock",,53,rising,257,night,none,New,baffle,13,1.6,0,0,0,0,,,plastic,2026-10-09
8cb07f9797e9,TEST-e95c1,2026-10-09T20:00+10:00,4,B,"km 4–6, Winfield–Flat Rock",,53,rising,257,night,none,New,baffle,13,1.6,0,0,0,0,,,plastic,2026-10-09
d737d4b7dd4f,TEST-d3633,2026-10-09T20:00+10:00,4,B,"km 4–6, Winfield–Flat Rock",,53,rising,257,night,none,New,baffle,13,1.6,0,0,0,0,,,plastic,2026-10-09
4a1f9d1a07df,TEST-aba69,2026-10-09T20:15+10:00,4,B,"km 4–6, Winfield–Flat Rock",,53,rising,272,night,none,New,baffle,13,1.7,0,0,0,0,,,plastic,2026-10-09
5129fed39038,TEST-88b1e,2026-10-09T20:15+10:00,4,B,"km 4–6, Winfield–Flat Rock",,53,rising,272,night,none,New,baffle,13,1.7,0,0,0,0,,,plastic,2026-10-09
5b0aa8d6cdee,TEST-44401,2026-10-09T20:15+10:00,4,B,"km 4–6, Winfield–Flat Rock",,53,rising,272,night,none,New,baffle,13,1.7,0,0,0,0,,,plastic,2026-10-09
8cb07f9797e9,TEST-e95c1,2026-10-09T20:15+10:00,4,B,"km 4–6, Winfield–Flat Rock",,53,rising,272,night,none,New,baffle,13,1.7,0,0,0,0,,,plastic,2026-10-09
d737d4b7dd4f,TEST-d3633,2026-10-09T20:15+10:00,4,B,"km 4–6, Winfield–Flat Rock",,53,rising,272,night,none,New,baffle,13,1.7,0,0,0,0,,,plastic,2026-10-09
4a1f9d1a07df,TEST-aba69,2026-10-09T20:30+10:00,4,B,"km 4–6, Winfield–Flat Rock",,53,rising,287,night,none,New,baffle,12,1.9,0,0,0,0,,,plastic,2026-10-09
5129fed39038,TEST-88b1e,2026-10-09T20:30+10:00,4,B,"km 4–6, Winfield–Flat Rock",,53,rising,287,night,none,New,baffle,12,1.9,0,0,0,0,,,plastic,2026-10-09
5b0aa8d6cdee,TEST-44401,2026-10-09T20:30+10:00,4,B,"km 4–6, Winfield–Flat Rock",,53,rising,287,night,none,New,baffle,12,1.9,0,0,0,0,,,plastic,2026-10-09
8cb07f9797e9,TEST-e95c1,2026-10-09T20:30+10:00,4,B,"km 4–6, Winfield–Flat Rock",,53,rising,287,night,none,New,baffle,12,1.9,0,0,0,0,,,plastic,2026-10-09
d737d4b7dd4f,TEST-d3633,2026-10-09T20:30+10:00,4,B,"km 4–6, Winfield–Flat Rock",,53,rising,287,night,none,New,baffle,12,1.9,0,0,0,0,,,plastic,2026-10-09
4a1f9d1a07df,TEST-aba69,2026-10-09T20:45+10:00,4,B,"km 4–6, Winfield–Flat Rock",,53,rising,302,night,none,New,baffle,12,2,0,0,0,0,,,plastic,2026-10-09
5129fed39038,TEST-88b1e,2026-10-09T20:45+10:00,4,B,"km 4–6, Winfield–Flat Rock",,53,rising,302,night,none,New,baffle,12,2,0,0,0,0,,,plastic,2026-10-09
5b0aa8d6cdee,TEST-44401,2026-10-09T20:45+10:00,4,B,"km 4–6, Winfield–Flat Rock",,53,rising,302,night,none,New,baffle,12,2,0,0,0,0,,,plastic,2026-10-09
8cb07f9797e9,TEST-e95c1,2026-10-09T20:45+10:00,4,B,"km 4–6, Winfield–Flat Rock",,53,rising,302,night,none,New,baffle,12,2,0,0,0,0,,,plastic,2026-10-09
d737d4b7dd4f,TEST-d3633,2026-10-09T20:45+10:00,4,B,"km 4–6, Winfield–Flat Rock",,53,rising,302,night,none,New,baffle,12,2,0,0,0,0,,,plastic,2026-10-09
4a1f9d1a07df,TEST-aba69,2026-10-09T21:00+10:00,4,B,"km 4–6, Winfield–Flat Rock",,51,falling,317,night,none,New,baffle,12,2,0,0,0,0,,,plastic,2026-10-09
5129fed39038,TEST-88b1e,2026-10-09T21:00+10:00,4,B,"km 4–6, Winfield–Flat Rock",,51,falling,317,night,none,New,baffle,12,2,0,0,0,0,,,plastic,2026-10-09
5b0aa8d6cdee,TEST-44401,2026-10-09T21:00+10:00,4,B,"km 4–6, Winfield–Flat Rock",,51,falling,317,night,none,New,baffle,12,2,0,0,0,0,,,plastic,2026-10-09
8cb07f9797e9,TEST-e95c1,2026-10-09T21:00+10:00,4,B,"km 4–6, Winfield–Flat Rock",,51,falling,317,night,none,New,baffle,12,2,0,0,0,0,,,plastic,2026-10-09
d737d4b7dd4f,TEST-d3633,2026-10-09T21:00+10:00,4,B,"km 4–6, Winfield–Flat Rock",,51,falling,317,night,none,New,baffle,12,2,0,0,0,0,,,plastic,2026-10-09
4a1f9d1a07df,TEST-aba69,2026-10-09T21:15+10:00,4,B,"km 4–6, Winfield–Flat Rock",,50,falling,332,night,none,New,baffle,12,1.9,0,0,0,0,,,plastic,2026-10-09
5129fed39038,TEST-88b1e,2026-10-09T21:15+10:00,4,B,"km 4–6, Winfield–Flat Rock",,50,falling,332,night,none,New,baffle,12,1.9,0,0,0,0,,,plastic,2026-10-09
5b0aa8d6cdee,TEST-44401,2026-10-09T21:15+10:00,4,B,"km 4–6, Winfield–Flat Rock",,50,falling,332,night,none,New,baffle,12,1.9,0,0,0,0,,,plastic,2026-10-09
8cb07f9797e9,TEST-e95c1,2026-10-09T21:15+10:00,4,B,"km 4–6, Winfield–Flat Rock",,50,falling,332,night,none,New,baffle,12,1.9,0,0,0,0,,,plastic,2026-10-09
d737d4b7dd4f,TEST-d3633,2026-10-09T21:15+10:00,4,B,"km 4–6, Winfield–Flat Rock",,50,falling,332,night,none,New,baffle,12,1.9,0,0,0,0,,,plastic,2026-10-09
4a1f9d1a07df,TEST-aba69,2026-10-09T21:30+10:00,4,B,"km 4–6, Winfield–Flat Rock",,58,falling,347,night,major,New,baffle,12,1.7,0,0,0,0,,,plastic,2026-10-09
5129fed39038,TEST-88b1e,2026-10-09T21:30+10:00,4,B,"km 4–6, Winfield–Flat Rock",,58,falling,347,night,major,New,baffle,12,1.7,0,0,0,0,,,plastic,2026-10-09
5b0aa8d6cdee,TEST-44401,2026-10-09T21:30+10:00,4,B,"km 4–6, Winfield–Flat Rock",,58,falling,347,night,major,New,baffle,12,1.7,0,0,0,0,,,plastic,2026-10-09
8cb07f9797e9,TEST-e95c1,2026-10-09T21:30+10:00,4,B,"km 4–6, Winfield–Flat Rock",,58,falling,347,night,major,New,baffle,12,1.7,0,0,0,0,,,plastic,2026-10-09
d737d4b7dd4f,TEST-d3633,2026-10-09T21:30+10:00,4,B,"km 4–6, Winfield–Flat Rock",,58,falling,347,night,major,New,baffle,12,1.7,0,0,0,0,,,plastic,2026-10-09
4a1f9d1a07df,TEST-aba69,2026-10-09T21:45+10:00,4,B,"km 4–6, Winfield–Flat Rock",,66,falling,362,night,major,New,baffle,12,1.5,0,0,0,0,,,plastic,2026-10-09
5129fed39038,TEST-88b1e,2026-10-09T21:45+10:00,4,B,"km 4–6, Winfield–Flat Rock",,66,falling,362,night,major,New,baffle,12,1.5,0,0,0,0,,,plastic,2026-10-09
5b0aa8d6cdee,TEST-44401,2026-10-09T21:45+10:00,4,B,"km 4–6, Winfield–Flat Rock",,66,falling,362,night,major,New,baffle,12,1.5,0,0,0,0,,,plastic,2026-10-09
8cb07f9797e9,TEST-e95c1,2026-10-09T21:45+10:00,4,B,"km 4–6, Winfield–Flat Rock",,66,falling,362,night,major,New,baffle,12,1.5,0,0,0,0,,,plastic,2026-10-09
d737d4b7dd4f,TEST-d3633,2026-10-09T21:45+10:00,4,B,"km 4–6, Winfield–Flat Rock",,66,falling,362,night,major,New,baffle,12,1.5,0,0,0,0,,,plastic,2026-10-09
4a1f9d1a07df,TEST-aba69,2026-10-09T22:00+10:00,4,B,"km 4–6, Winfield–Flat Rock",,69,falling,377,night,major,New,baffle,12,1.3,2,1,1,0,42,MJ,plastic,2026-10-09
5129fed39038,TEST-88b1e,2026-10-09T22:00+10:00,4,B,"km 4–6, Winfield–Flat Rock",,69,falling,377,night,major,New,baffle,12,1.3,2,1,1,0,42,MJ,plastic,2026-10-09
5b0aa8d6cdee,TEST-44401,2026-10-09T22:00+10:00,4,B,"km 4–6, Winfield–Flat Rock",,69,falling,377,night,major,New,baffle,12,1.3,2,1,1,0,42,MJ,plastic,2026-10-09
8cb07f9797e9,TEST-e95c1,2026-10-09T22:00+10:00,4,B,"km 4–6, Winfield–Flat Rock",,69,falling,377,night,major,New,baffle,12,1.3,2,1,1,0,42,MJ,plastic,2026-10-09
d737d4b7dd4f,TEST-d3633,2026-10-09T22:00+10:00,4,B,"km 4–6, Winfield–Flat Rock",,69,falling,377,night,major,New,baffle,12,1.3,2,1,1,0,42,MJ,plastic,2026-10-09
