# rabybay Raby Bay | minutes since 2026-01-01 00:00 AEST, level m LAT, MSQ prediction m LAT
396000,1.473,1.534
396010,1.512,1.566
396020,1.543,1.596
396030,1.568,1.624
396040,1.591,1.649
396050,1.616,1.67
396060,1.63,1.688
396070,1.644,1.703
396080,1.655,1.713
396090,1.672,1.72
396100,1.675,1.724
396110,1.664,1.723
396120,1.659,1.719
396130,1.659,1.712
396140,1.653,1.701
396150,1.635,1.686
396160,1.617,1.668
396170,1.594,1.648
396180,1.565,1.623
396190,1.536,1.596
396200,1.511,1.567
396210,1.484,1.534
396220,1.445,1.499
396230,1.398,1.462
396240,1.356,1.423
396250,1.319,1.383
396260,1.278,1.341
396270,1.229,1.299
396280,1.183,1.255
396290,1.143,1.212
396300,1.102,1.169
396310,1.055,1.125
396320,1.008,1.083
396330,0.965,1.042
396340,0.926,1.002
396350,0.891,0.963
396360,0.854,0.928
396370,0.818,0.894
396380,0.785,0.862
396390,0.754,0.835
396400,0.726,0.81
396410,0.696,0.788
396420,0.669,0.77
396430,0.656,0.755
396440,0.648,0.744
396450,0.636,0.738
396460,0.609,0.735
396470,0.589,0.736
396480,0.592,0.742
396490,0.615,0.752
396500,0.641,0.767
396510,0.652,0.786
396520,0.661,0.809
396530,0.682,0.836
396540,0.717,0.868
396550,0.764,0.903
396560,0.807,0.942
396570,0.855,0.984
396580,0.899,1.03
396590,0.949,1.078
396600,0.999,1.128
396610,1.054,1.181
396620,1.12,1.237
396630,1.181,1.293
396640,1.235,1.351
396650,1.296,1.41
396660,1.366,1.467
396670,1.428,1.527
396680,1.483,1.587
396690,1.545,1.646
396700,1.611,1.705
396710,1.675,1.763
396720,1.731,1.82
396730,1.783,1.876
396740,1.838,1.932
396750,1.895,1.984
396760,1.95,2.036
396770,1.997,2.085
396780,2.044,2.132
396790,2.088,2.175
396800,2.133,2.215
396810,2.164,2.252
396820,2.191,2.284
396830,2.224,2.312
396840,2.259,2.337
396850,2.276,2.356
396860,2.27,2.371
396870,2.287,2.382
396880,2.308,2.387
396890,2.307,2.388
396900,2.301,2.384
396910,2.293,2.375
396920,2.283,2.361
396930,2.263,2.342
396940,2.243,2.319
396950,2.215,2.291
396960,2.182,2.259
396970,2.144,2.224
396980,2.104,2.184
396990,2.063,2.141
397000,2.009,2.096
397010,1.952,2.048
397020,1.909,1.998
397030,1.861,1.948
397040,1.793,1.894
397050,1.734,1.841
397060,1.678,1.788
397070,1.619,1.734
397080,1.557,1.679
397090,1.5,1.627
397100,1.443,1.575
397110,1.385,1.523
397120,1.337,1.473
397130,1.29,1.424
397140,1.235,1.376
397150,1.185,1.332
397160,1.142,1.287
397170,1.104,1.245
397180,1.07,1.205
397190,1.03,1.166
397200,0.995,1.13
397210,0.965,1.096
397220,0.929,1.065
397230,0.898,1.036
397240,0.867,1.01
397250,0.844,0.987
397260,0.832,0.967
397270,0.816,0.951
397280,0.797,0.938
397290,0.778,0.928
397300,0.763,0.923
397310,0.76,0.92
397320,0.761,0.922
397330,0.766,0.928
397340,0.777,0.937
397350,0.787,0.95
397360,0.798,0.967
397370,0.817,0.985
397380,0.846,1.008
397390,0.88,1.033
397400,0.915,1.059
397410,0.939,1.089
397420,0.966,1.12
397430,1.005,1.152
397440,1.057,1.185
397450,1.115,1.22
397460,1.158,1.253
397470,1.19,1.288
397480,1.229,1.323
397490,1.269,1.357
397500,1.305,1.391
397510,1.341,1.423
397520,1.38,1.453
397530,1.418,1.483
397540,1.453,1.51
397550,1.475,1.535
397560,1.493,1.559
397570,1.513,1.58
397580,1.537,1.597
397590,1.564,1.613
397600,1.583,1.627
397610,1.59,1.637
397620,1.582,1.645
397630,1.592,1.65
397640,1.607,1.652
397650,1.612,1.651
397660,1.591,1.646
397670,1.582,1.639
397680,1.577,1.629
397690,1.563,1.615
397700,1.536,1.597
397710,1.523,1.578
397720,1.51,1.554
397730,1.47,1.528
397740,1.434,1.5
397750,1.412,1.468
397760,1.389,1.435
397770,1.344,1.4
397780,1.305,1.363
397790,1.273,1.324
397800,1.238,1.285
397810,1.187,1.245
397820,1.141,1.205
397830,1.104,1.166
397840,1.065,1.126
397850,1.021,1.088
397860,0.983,1.052
397870,0.946,1.016
397880,0.91,0.982
397890,0.873,0.952
397900,0.836,0.923
397910,0.805,0.897
397920,0.773,0.874
397930,0.743,0.854
397940,0.728,0.837
397950,0.71,0.824
397960,0.695,0.813
397970,0.676,0.806
397980,0.657,0.804
397990,0.657,0.804
398000,0.664,0.809
398010,0.671,0.817
398020,0.678,0.829
398030,0.68,0.845
398040,0.702,0.865
398050,0.724,0.888
398060,0.752,0.916
398070,0.779,0.947
398080,0.808,0.981
398090,0.854,1.02
398100,0.907,1.061
398110,0.952,1.104
398120,0.997,1.151
398130,1.04,1.201
398140,1.102,1.252
398150,1.17,1.306
398160,1.23,1.361
398170,1.291,1.417
398180,1.349,1.475
398190,1.416,1.534
398200,1.48,1.592
398210,1.538,1.652
398220,1.601,1.711
398230,1.664,1.769
398240,1.729,1.828
398250,1.786,1.885
398260,1.839,1.94
398270,1.892,1.993
398280,1.949,2.045
398290,2.005,2.093
398300,2.054,2.14
398310,2.101,2.183
398320,2.146,2.222
398330,2.184,2.259
398340,2.211,2.291
398350,2.248,2.32
398360,2.282,2.344
398370,2.312,2.364
398380,2.326,2.379
398390,2.328,2.39
398400,2.343,2.396
398410,2.353,2.397
398420,2.352,2.393
398430,2.347,2.384
398440,2.337,2.37
398450,2.318,2.351
398460,2.288,2.328
398470,2.265,2.3
398480,2.251,2.268
398490,2.233,2.232
398500,2.181,2.194
398510,2.126,2.151
398520,2.079,2.105
398530,2.037,2.057
398540,1.978,2.008
398550,1.925,1.956
398560,1.865,1.903
398570,1.808,1.85
398580,1.753,1.794
398590,1.693,1.739
398600,1.629,1.684
398610,1.572,1.629
398620,1.521,1.574
398630,1.466,1.521
398640,1.404,1.468
398650,1.355,1.415
398660,1.304,1.365
398670,1.254,1.315
398680,1.208,1.267
398690,1.164,1.22
398700,1.116,1.175
398710,1.077,1.132
398720,1.039,1.092
398730,0.997,1.053
398740,0.959,1.016
398750,0.926,0.983
398760,0.897,0.952
398770,0.869,0.925
398780,0.836,0.901
398790,0.807,0.881
398800,0.784,0.865
398810,0.771,0.852
398820,0.761,0.843
398830,0.751,0.84
398840,0.74,0.839
398850,0.737,0.843
398860,0.74,0.852
398870,0.75,0.863
398880,0.771,0.879
398890,0.789,0.899
398900,0.807,0.921
398910,0.832,0.947
398920,0.857,0.977
398930,0.894,1.007
398940,0.932,1.042
398950,0.971,1.078
398960,1.021,1.116
398970,1.065,1.153
398980,1.103,1.193
398990,1.148,1.233
399000,1.195,1.272
399010,1.251,1.313
399020,1.302,1.353
399030,1.34,1.391
399040,1.375,1.43
399050,1.419,1.467
399060,1.46,1.502
399070,1.501,1.536
399080,1.537,1.568
399090,1.571,1.598
399100,1.598,1.626
399110,1.622,1.651
399120,1.645,1.674
399130,1.667,1.693
399140,1.691,1.709
399150,1.709,1.722
399160,1.721,1.731
399170,1.728,1.736
399180,1.727,1.737
399190,1.717,1.734
399200,1.712,1.726
399210,1.714,1.715
399220,1.705,1.699
399230,1.678,1.679
399240,1.653,1.656
399250,1.631,1.629
399260,1.593,1.597
399270,1.544,1.565
399280,1.51,1.527
399290,1.482,1.488
399300,1.44,1.447
399310,1.383,1.404
399320,1.33,1.359
399330,1.282,1.315
399340,1.241,1.269
399350,1.195,1.224
399360,1.143,1.18
399370,1.087,1.135
399380,1.038,1.092
399390,0.997,1.051
399400,0.955,1.012
399410,0.911,0.975
399420,0.871,0.94
399430,0.831,0.909
399440,0.797,0.879
399450,0.766,0.853
399460,0.734,0.83
399470,0.709,0.811
399480,0.686,0.795
399490,0.669,0.783
399500,0.655,0.774
399510,0.64,0.77
399520,0.625,0.77
399530,0.624,0.773
399540,0.632,0.782
399550,0.646,0.794
399560,0.655,0.811
399570,0.667,0.833
399580,0.687,0.859
399590,0.72,0.89
399600,0.765,0.924
399610,0.81,0.962
399620,0.854,1.005
399630,0.903,1.052
399640,0.953,1.102
399650,1.011,1.155
399660,1.079,1.212
399670,1.147,1.27
399680,1.219,1.332
399690,1.289,1.396
399700,1.353,1.46
399710,1.424,1.526
399720,1.493,1.593
399730,1.566,1.659
399740,1.632,1.725
399750,1.699,1.791
399760,1.764,1.855
399770,1.834,1.918
399780,1.895,1.979
399790,1.955,2.038
399800,2.013,2.095
399810,2.074,2.148
399820,2.126,2.198
399830,2.178,2.245
399840,2.221,2.288
399850,2.273,2.328
399860,2.311,2.362
399870,2.342,2.392
399880,2.369,2.417
399890,2.397,2.438
399900,2.416,2.452
399910,2.43,2.462
399920,2.441,2.466
399930,2.456,2.464
399940,2.441,2.457
399950,2.423,2.444
399960,2.411,2.426
399970,2.397,2.402
399980,2.379,2.374
399990,2.34,2.341
400000,2.292,2.303
400010,2.245,2.262
400020,2.195,2.216
400030,2.147,2.167
400040,2.096,2.115
400050,2.029,2.06
400060,1.962,2.002
400070,1.902,1.943
400080,1.838,1.883
400090,1.776,1.82
400100,1.709,1.758
400110,1.637,1.694
400120,1.577,1.631
400130,1.519,1.568
400140,1.455,1.506
400150,1.388,1.444
400160,1.334,1.384
400170,1.272,1.324
400180,1.222,1.266
400190,1.173,1.21
400200,1.125,1.155
400210,1.073,1.102
400220,1.03,1.052
400230,0.991,1.004
400240,0.948,0.958
400250,0.907,0.915
400260,0.872,0.876
400270,0.834,0.84
400280,0.802,0.808
400290,0.771,0.78
400300,0.745,0.756
400310,0.729,0.737
400320,0.703,0.721
400330,0.68,0.712
400340,0.664,0.707
400350,0.654,0.707
400360,0.664,0.713
400370,0.669,0.724
400380,0.681,0.74
400390,0.697,0.761
400400,0.718,0.787
400410,0.755,0.816
400420,0.794,0.852
400430,0.829,0.89
400440,0.868,0.931
400450,0.915,0.976
400460,0.971,1.023
400470,1.028,1.071
400480,1.083,1.123
400490,1.142,1.175
400500,1.204,1.227
400510,1.253,1.281
400520,1.298,1.335
400530,1.356,1.387
400540,1.419,1.439
400550,1.48,1.491
400560,1.526,1.541
400570,1.569,1.589
400580,1.609,1.636
400590,1.668,1.679
400600,1.706,1.72
400610,1.746,1.758
400620,1.782,1.793
400630,1.821,1.823
400640,1.833,1.849
400650,1.852,1.871
400660,1.863,1.889
400670,1.877,1.901
400680,1.879,1.908
400690,1.877,1.909
400700,1.877,1.905
400710,1.872,1.896
400720,1.853,1.882
400730,1.822,1.862
400740,1.797,1.837
400750,1.777,1.808
400760,1.743,1.773
400770,1.692,1.734
400780,1.648,1.692
400790,1.607,1.646
400800,1.554,1.596
400810,1.498,1.545
400820,1.438,1.49
400830,1.378,1.434
400840,1.324,1.378
400850,1.27,1.32
400860,1.21,1.263
400870,1.147,1.207
400880,1.087,1.151
400890,1.036,1.097
400900,0.981,1.046
400910,0.934,0.996
400920,0.884,0.949
400930,0.842,0.905
400940,0.796,0.864
400950,0.745,0.826
400960,0.707,0.792
400970,0.666,0.76
400980,0.642,0.734
400990,0.616,0.711
401000,0.597,0.692
401010,0.568,0.678
401020,0.547,0.668
401030,0.541,0.664
401040,0.522,0.664
401050,0.538,0.669
401060,0.55,0.68
401070,0.55,0.696
401080,0.566,0.717
401090,0.578,0.745
401100,0.613,0.778
401110,0.663,0.815
401120,0.708,0.86
401130,0.774,0.909
401140,0.829,0.964
401150,0.904,1.022
401160,0.983,1.085
401170,1.05,1.151
401180,1.12,1.22
401190,1.198,1.292
401200,1.279,1.366
401210,1.361,1.441
401220,1.427,1.517
401230,1.498,1.594
401240,1.571,1.67
401250,1.651,1.746
401260,1.729,1.821
401270,1.793,1.893
401280,1.856,1.964
401290,1.931,2.033
401300,2.013,2.098
401310,2.083,2.161
401320,2.13,2.22
401330,2.178,2.275
401340,2.236,2.326
401350,2.297,2.372
401360,2.337,2.414
401370,2.374,2.45
401380,2.408,2.48
401390,2.448,2.505
401400,2.474,2.524
401410,2.489,2.536
401420,2.507,2.543
401430,2.527,2.543
401440,2.523,2.536
401450,2.507,2.524
401460,2.485,2.505
401470,2.47,2.48
401480,2.451,2.45
401490,2.422,2.413
401500,2.39,2.371
401510,2.342,2.326
401520,2.286,2.274
401530,2.237,2.218
401540,2.177,2.16
401550,2.104,2.096
401560,2.023,2.03
401570,1.962,1.962
401580,1.885,1.892
401590,1.8,1.82
401600,1.72,1.748
401610,1.667,1.676
401620,1.588,1.604
401630,1.51,1.532
401640,1.447,1.462
401650,1.377,1.392
401660,1.315,1.324
401670,1.239,1.258
401680,1.18,1.193
401690,1.129,1.13
401700,1.073,1.069
401710,1.018,1.011
401720,0.957,0.955
401730,0.909,0.902
401740,0.863,0.851
401750,0.819,0.804
401760,0.765,0.76
401770,0.715,0.721
401780,0.673,0.685
401790,0.639,0.654
401800,0.609,0.629
401810,0.578,0.608
401820,0.55,0.593
401830,0.525,0.585
401840,0.511,0.583
401850,0.51,0.587
401860,0.524,0.598
401870,0.54,0.616
401880,0.558,0.639
401890,0.58,0.67
401900,0.606,0.707
401910,0.65,0.748
401920,0.696,0.795
401930,0.749,0.847
401940,0.801,0.901
401950,0.848,0.96
401960,0.902,1.021
401970,0.97,1.084
401980,1.044,1.149
401990,1.12,1.215
402000,1.191,1.281
402010,1.254,1.348
402020,1.323,1.415
402030,1.397,1.481
402040,1.466,1.545
402050,1.527,1.607
402060,1.59,1.668
402070,1.653,1.726
402080,1.714,1.782
402090,1.762,1.834
402100,1.803,1.882
402110,1.85,1.926
402120,1.897,1.966
402130,1.936,2.001
402140,1.961,2.03
402150,1.991,2.054
402160,2.018,2.072
402170,2.027,2.084
402180,2.033,2.09
402190,2.038,2.089
402200,2.043,2.082
402210,2.033,2.068
402220,2.002,2.048
402230,1.967,2.022
402240,1.939,1.99
402250,1.921,1.953
402260,1.883,1.909
402270,1.825,1.859
402280,1.773,1.807
402290,1.726,1.749
402300,1.665,1.687
402310,1.585,1.624
402320,1.512,1.557
402330,1.45,1.488
402340,1.385,1.42
402350,1.297,1.351
402360,1.223,1.282
402370,1.157,1.216
402380,1.093,1.15
402390,1.02,1.086
402400,0.95,1.026
402410,0.894,0.967
402420,0.832,0.912
402430,0.77,0.861
402440,0.722,0.812
402450,0.668,0.767
402460,0.605,0.726
402470,0.554,0.688
402480,0.503,0.655
402490,0.468,0.627
402500,0.44,0.602
402510,0.405,0.583
402520,0.371,0.569
402530,0.344,0.56
402540,0.327,0.557
402550,0.321,0.561
402560,0.325,0.57
402570,0.333,0.586
402580,0.348,0.609
402590,0.362,0.638
402600,0.391,0.675
402610,0.432,0.719
402620,0.476,0.769
402630,0.53,0.826
402640,0.585,0.888
402650,0.645,0.955
402660,0.718,1.027
402670,0.799,1.103
402680,0.877,1.181
402690,0.955,1.263
402700,1.036,1.347
402710,1.12,1.43
402720,1.204,1.515
402730,1.287,1.6
402740,1.373,1.683
402750,1.46,1.767
402760,1.548,1.848
402770,1.632,1.926
402780,1.707,2.003
402790,1.79,2.076
402800,1.878,2.145
402810,1.95,2.211
402820,2.008,2.273
402830,2.071,2.33
402840,2.143,2.382
402850,2.205,2.429
402860,2.258,2.47
402870,2.313,2.506
402880,2.357,2.535
402890,2.381,2.557
402900,2.408,2.572
402910,2.443,2.581
402920,2.456,2.583
402930,2.448,2.578
402940,2.45,2.565
402950,2.453,2.546
402960,2.426,2.521
402970,2.387,2.488
402980,2.342,2.449
402990,2.3,2.405
403000,2.254,2.354
403010,2.2,2.297
403020,2.143,2.237
403030,2.069,2.171
403040,1.993,2.101
403050,1.923,2.029
403060,1.851,1.953
403070,1.769,1.876
403080,1.686,1.798
403090,1.604,1.719
403100,1.525,1.64
403110,1.448,1.563
403120,1.377,1.486
403130,1.304,1.41
403140,1.226,1.336
403150,1.155,1.264
403160,1.087,1.193
403170,1.028,1.126
403180,0.967,1.059
403190,0.908,0.995
403200,0.842,0.934
403210,0.778,0.875
403220,0.727,0.819
403230,0.675,0.766
403240,0.625,0.717
403250,0.578,0.671
403260,0.534,0.629
403270,0.503,0.592
403280,0.464,0.56
403290,0.424,0.534
403300,0.402,0.514
403310,0.384,0.501
403320,0.381,0.494
403330,0.375,0.496
403340,0.367,0.506
403350,0.379,0.524
403360,0.407,0.548
403370,0.446,0.581
403380,0.485,0.622
403390,0.522,0.667
403400,0.565,0.721
403410,0.621,0.779
403420,0.694,0.841
403430,0.772,0.908
403440,0.845,0.978
403450,0.915,1.05
403460,0.986,1.125
403470,1.061,1.201
403480,1.146,1.277
403490,1.232,1.355
403500,1.311,1.431
403510,1.386,1.506
403520,1.466,1.581
403530,1.547,1.653
403540,1.623,1.723
403550,1.687,1.791
403560,1.741,1.855
403570,1.799,1.916
403580,1.859,1.973
403590,1.917,2.026
403600,1.964,2.074
403610,2.003,2.118
403620,2.041,2.155
403630,2.078,2.186
403640,2.11,2.211
403650,2.128,2.229
403660,2.141,2.241
403670,2.153,2.246
403680,2.156,2.243
403690,2.149,2.234
403700,2.138,2.217
403710,2.123,2.192
403720,2.085,2.162
403730,2.042,2.124
403740,2.01,2.079
403750,1.972,2.029
403760,1.907,1.973
403770,1.843,1.911
403780,1.779,1.844
403790,1.715,1.775
403800,1.641,1.702
403810,1.572,1.626
403820,1.493,1.55
403830,1.411,1.473
403840,1.337,1.396
403850,1.264,1.321
403860,1.19,1.247
403870,1.121,1.175
403880,1.057,1.105
403890,0.99,1.039
403900,0.928,0.975
403910,0.862,0.914
403920,0.8,0.857
403930,0.742,0.803
403940,0.689,0.753
403950,0.649,0.706
403960,0.61,0.663
403970,0.568,0.624
403980,0.514,0.59
403990,0.47,0.56
404000,0.439,0.535
404010,0.422,0.516
404020,0.406,0.502
404030,0.383,0.494
404040,0.373,0.493
404050,0.374,0.5
404060,0.387,0.513
404070,0.411,0.536
404080,0.436,0.566
404090,0.469,0.603
404100,0.508,0.649
404110,0.566,0.703
404120,0.625,0.762
404130,0.687,0.829
404140,0.755,0.901
404150,0.833,0.977
404160,0.921,1.058
404170,1.013,1.143
404180,1.103,1.228
404190,1.194,1.317
404200,1.284,1.406
404210,1.372,1.495
404220,1.46,1.583
404230,1.548,1.671
404240,1.636,1.757
404250,1.718,1.84
404260,1.79,1.922
404270,1.869,2
404280,1.947,2.074
404290,2.019,2.145
404300,2.081,2.212
404310,2.144,2.274
404320,2.214,2.332
404330,2.273,2.384
404340,2.323,2.43
404350,2.364,2.47
404360,2.404,2.504
404370,2.443,2.531
404380,2.476,2.55
404390,2.496,2.563
404400,2.498,2.569
404410,2.501,2.566
404420,2.498,2.557
404430,2.484,2.54
404440,2.463,2.516
404450,2.441,2.484
404460,2.411,2.447
404470,2.356,2.402
404480,2.299,2.351
404490,2.245,2.294
404500,2.185,2.231
404510,2.111,2.163
404520,2.031,2.092
404530,1.951,2.016
404540,1.873,1.937
404550,1.789,1.858
404560,1.701,1.776
404570,1.619,1.693
404580,1.538,1.612
404590,1.458,1.531
404600,1.38,1.451
404610,1.304,1.374
404620,1.233,1.297
404630,1.158,1.223
404640,1.088,1.152
404650,1.022,1.082
404660,0.958,1.015
404670,0.898,0.95
404680,0.834,0.888
404690,0.78,0.828
404700,0.728,0.771
404710,0.682,0.717
404720,0.627,0.667
404730,0.572,0.62
404740,0.534,0.578
404750,0.495,0.54
404760,0.467,0.507
404770,0.439,0.48
404780,0.408,0.46
404790,0.392,0.448
404800,0.382,0.443
404810,0.377,0.446
404820,0.382,0.459
404830,0.401,0.479
404840,0.425,0.509
404850,0.457,0.547
404860,0.497,0.592
404870,0.545,0.645
404880,0.61,0.704
404890,0.689,0.769
404900,0.764,0.839
404910,0.837,0.914
404920,0.911,0.99
404930,0.991,1.071
404940,1.08,1.153
404950,1.172,1.235
404960,1.26,1.319
404970,1.343,1.402
404980,1.423,1.484
404990,1.502,1.565
405000,1.584,1.645
405010,1.664,1.722
405020,1.739,1.798
405030,1.814,1.87
405040,1.878,1.939
405050,1.943,2.005
405060,2.001,2.066
405070,2.059,2.123
405080,2.11,2.175
405090,2.156,2.222
405100,2.198,2.263
405110,2.238,2.298
405120,2.268,2.326
405130,2.29,2.347
405140,2.306,2.361
405150,2.318,2.368
405160,2.319,2.367
405170,2.314,2.359
405180,2.303,2.343
405190,2.286,2.319
405200,2.257,2.288
405210,2.217,2.249
405220,2.175,2.203
405230,2.129,2.152
405240,2.069,2.093
405250,2,2.028
405260,1.94,1.96
405270,1.869,1.887
405280,1.788,1.81
405290,1.708,1.732
405300,1.635,1.651
405310,1.56,1.57
405320,1.48,1.491
405330,1.405,1.411
405340,1.335,1.333
405350,1.267,1.258
405360,1.202,1.184
405370,1.136,1.113
405380,1.069,1.046
405390,1.01,0.981
405400,0.957,0.919
405410,0.898,0.861
405420,0.848,0.806
405430,0.792,0.753
405440,0.746,0.706
405450,0.705,0.661
405460,0.66,0.62
405470,0.623,0.583
405480,0.593,0.551
405490,0.562,0.524
405500,0.537,0.502
405510,0.519,0.488
405520,0.508,0.48
405530,0.51,0.479
405540,0.523,0.486
405550,0.536,0.502
405560,0.554,0.527
405570,0.58,0.559
405580,0.62,0.601
405590,0.681,0.651
405600,0.744,0.707
405610,0.813,0.772
405620,0.876,0.842
405630,0.948,0.917
405640,1.031,0.997
405650,1.12,1.081
405660,1.209,1.166
405670,1.296,1.254
405680,1.39,1.343
405690,1.478,1.432
405700,1.571,1.521
405710,1.66,1.608
405720,1.741,1.694
405730,1.831,1.778
405740,1.926,1.859
405750,1.994,1.937
405760,2.071,2.013
405770,2.15,2.084
405780,2.22,2.151
405790,2.291,2.214
405800,2.346,2.271
405810,2.402,2.324
405820,2.46,2.37
405830,2.497,2.411
405840,2.526,2.445
405850,2.57,2.472
405860,2.607,2.492
405870,2.635,2.504
405880,2.614,2.509
405890,2.602,2.507
405900,2.605,2.497
405910,2.596,2.479
405920,2.562,2.453
405930,2.557,2.421
405940,2.518,2.382
405950,2.473,2.335
405960,2.422,2.283
405970,2.352,2.224
405980,2.284,2.159
405990,2.223,2.089
406000,2.148,2.016
406010,2.056,1.938
406020,1.986,1.858
406030,1.887,1.778
406040,1.811,1.695
406050,1.736,1.612
406060,1.653,1.531
406070,1.575,1.449
406080,1.482,1.37
406090,1.414,1.293
406100,1.328,1.218
406110,1.251,1.144
406120,1.179,1.074
406130,1.109,1.006
406140,1.044,0.941
406150,0.999,0.878
406160,0.938,0.818
406170,0.88,0.76
406180,0.828,0.706
406190,0.769,0.655
406200,0.713,0.607
406210,0.668,0.563
406220,0.628,0.524
406230,0.594,0.49
406240,0.564,0.461
406250,0.532,0.439
406260,0.493,0.424
406270,0.469,0.416
406280,0.46,0.417
406290,0.457,0.427
406300,0.467,0.445
406310,0.487,0.473
406320,0.515,0.51
406330,0.548,0.554
406340,0.599,0.607
406350,0.648,0.668
406360,0.713,0.733
406370,0.787,0.806
406380,0.863,0.883
406390,0.94,0.963
406400,1.02,1.047
406410,1.101,1.132
406420,1.19,1.219
406430,1.281,1.306
406440,1.369,1.393
406450,1.455,1.479
406460,1.546,1.564
406470,1.629,1.648
406480,1.703,1.729
406490,1.778,1.808
406500,1.858,1.884
406510,1.938,1.958
406520,2.006,2.028
406530,2.066,2.094
406540,2.129,2.157
406550,2.188,2.214
406560,2.234,2.268
406570,2.278,2.315
406580,2.318,2.356
406590,2.356,2.392
406600,2.375,2.42
406610,2.384,2.441
406620,2.387,2.455
406630,2.404,2.461
406640,2.413,2.46
406650,2.4,2.45
406660,2.376,2.433
406670,2.357,2.408
406680,2.33,2.375
406690,2.278,2.335
406700,2.233,2.288
406710,2.189,2.234
406720,2.14,2.173
406730,2.073,2.108
406740,2.002,2.038
406750,1.931,1.963
406760,1.859,1.886
406770,1.779,1.806
406780,1.697,1.725
406790,1.619,1.645
406800,1.546,1.564
406810,1.471,1.484
406820,1.395,1.406
406830,1.32,1.33
406840,1.247,1.256
406850,1.174,1.185
406860,1.11,1.117
406870,1.046,1.051
406880,0.983,0.988
406890,0.923,0.929
406900,0.867,0.872
406910,0.818,0.818
406920,0.767,0.767
406930,0.723,0.719
406940,0.681,0.675
406950,0.637,0.635
406960,0.602,0.599
406970,0.574,0.568
406980,0.546,0.542
406990,0.523,0.523
407000,0.505,0.511
407010,0.503,0.506
407020,0.509,0.509
407030,0.524,0.521
407040,0.554,0.541
407050,0.574,0.571
407060,0.604,0.609
407070,0.647,0.654
407080,0.698,0.708
407090,0.764,0.769
407100,0.831,0.835
407110,0.899,0.907
407120,0.979,0.984
407130,1.054,1.063
407140,1.14,1.147
407150,1.226,1.231
407160,1.312,1.316
407170,1.406,1.402
407180,1.489,1.488
407190,1.57,1.571
407200,1.651,1.654
407210,1.729,1.735
407220,1.805,1.812
407230,1.876,1.888
407240,1.946,1.959
407250,2.016,2.027
407260,2.077,2.091
407270,2.132,2.151
407280,2.185,2.206
407290,2.235,2.255
407300,2.28,2.299
407310,2.314,2.337
407320,2.341,2.368
407330,2.36,2.392
407340,2.382,2.409
407350,2.4,2.419
407360,2.405,2.421
407370,2.387,2.415
407380,2.379,2.402
407390,2.369,2.381
407400,2.344,2.353
407410,2.305,2.318
407420,2.249,2.276
407430,2.218,2.226
407440,2.168,2.172
407450,2.1,2.111
407460,2.019,2.044
407470,1.954,1.974
407480,1.879,1.9
407490,1.797,1.822
407500,1.719,1.743
407510,1.647,1.662
407520,1.563,1.581
407530,1.478,1.5
407540,1.395,1.42
407550,1.321,1.341
407560,1.25,1.265
407570,1.183,1.189
407580,1.115,1.117
407590,1.053,1.047
407600,0.986,0.98
407610,0.92,0.915
407620,0.858,0.854
407630,0.801,0.794
407640,0.751,0.738
407650,0.699,0.685
407660,0.65,0.635
407670,0.605,0.589
407680,0.561,0.546
407690,0.515,0.508
407700,0.479,0.475
407710,0.452,0.448
407720,0.43,0.426
407730,0.413,0.412
407740,0.397,0.405
407750,0.391,0.406
407760,0.395,0.416
