# birkdale Birkdale | minutes since 2026-01-01 00:00 AEST, level m LAT, MSQ prediction m LAT
396000,1.404,1.416
396010,1.439,1.447
396020,1.466,1.474
396030,1.483,1.5
396040,1.508,1.523
396050,1.527,1.541
396060,1.537,1.557
396070,1.551,1.57
396080,1.564,1.578
396090,1.576,1.583
396100,1.587,1.583
396110,1.585,1.58
396120,1.576,1.573
396130,1.552,1.563
396140,1.537,1.549
396150,1.526,1.532
396160,1.517,1.512
396170,1.497,1.489
396180,1.464,1.463
396190,1.431,1.435
396200,1.398,1.404
396210,1.364,1.371
396220,1.335,1.335
396230,1.302,1.298
396240,1.261,1.259
396250,1.224,1.219
396260,1.184,1.178
396270,1.137,1.136
396280,1.092,1.094
396290,1.046,1.052
396300,1.001,1.01
396310,0.964,0.968
396320,0.921,0.928
396330,0.881,0.889
396340,0.842,0.85
396350,0.802,0.815
396360,0.763,0.78
396370,0.724,0.748
396380,0.689,0.719
396390,0.66,0.692
396400,0.633,0.667
396410,0.61,0.646
396420,0.585,0.63
396430,0.564,0.616
396440,0.548,0.606
396450,0.54,0.602
396460,0.532,0.601
396470,0.52,0.604
396480,0.512,0.612
396490,0.513,0.625
396500,0.532,0.642
396510,0.559,0.664
396520,0.592,0.69
396530,0.626,0.72
396540,0.664,0.754
396550,0.7,0.792
396560,0.743,0.833
396570,0.789,0.877
396580,0.837,0.924
396590,0.883,0.974
396600,0.932,1.025
396610,0.982,1.078
396620,1.043,1.134
396630,1.105,1.19
396640,1.164,1.248
396650,1.225,1.307
396660,1.288,1.366
396670,1.352,1.426
396680,1.41,1.486
396690,1.475,1.544
396700,1.543,1.603
396710,1.605,1.661
396720,1.659,1.717
396730,1.715,1.772
396740,1.764,1.826
396750,1.815,1.877
396760,1.866,1.927
396770,1.922,1.974
396780,1.972,2.018
396790,2.017,2.06
396800,2.056,2.099
396810,2.085,2.132
396820,2.108,2.163
396830,2.133,2.19
396840,2.159,2.212
396850,2.178,2.229
396860,2.19,2.241
396870,2.205,2.249
396880,2.212,2.251
396890,2.212,2.248
396900,2.213,2.241
396910,2.202,2.228
396920,2.176,2.212
396930,2.149,2.19
396940,2.127,2.164
396950,2.097,2.134
396960,2.063,2.1
396970,2.029,2.063
396980,1.99,2.021
396990,1.948,1.977
397000,1.901,1.932
397010,1.847,1.883
397020,1.793,1.833
397030,1.741,1.783
397040,1.69,1.731
397050,1.63,1.678
397060,1.571,1.627
397070,1.515,1.574
397080,1.459,1.523
397090,1.406,1.472
397100,1.355,1.421
397110,1.306,1.371
397120,1.255,1.323
397130,1.208,1.275
397140,1.157,1.228
397150,1.103,1.185
397160,1.063,1.141
397170,1.026,1.099
397180,0.99,1.06
397190,0.96,1.021
397200,0.926,0.986
397210,0.887,0.953
397220,0.853,0.922
397230,0.819,0.893
397240,0.784,0.868
397250,0.761,0.846
397260,0.741,0.827
397270,0.728,0.812
397280,0.717,0.8
397290,0.713,0.792
397300,0.7,0.788
397310,0.695,0.787
397320,0.682,0.791
397330,0.684,0.798
397340,0.689,0.808
397350,0.703,0.822
397360,0.727,0.839
397370,0.747,0.859
397380,0.776,0.883
397390,0.811,0.909
397400,0.85,0.936
397410,0.883,0.967
397420,0.909,0.999
397430,0.934,1.031
397440,0.974,1.064
397450,1.029,1.099
397460,1.079,1.132
397470,1.126,1.165
397480,1.163,1.199
397490,1.197,1.231
397500,1.234,1.263
397510,1.259,1.294
397520,1.297,1.322
397530,1.332,1.35
397540,1.359,1.376
397550,1.392,1.4
397560,1.42,1.422
397570,1.438,1.442
397580,1.451,1.459
397590,1.463,1.473
397600,1.487,1.485
397610,1.499,1.494
397620,1.502,1.5
397630,1.502,1.503
397640,1.502,1.503
397650,1.508,1.501
397660,1.5,1.495
397670,1.495,1.486
397680,1.481,1.474
397690,1.455,1.459
397700,1.431,1.441
397710,1.414,1.42
397720,1.398,1.396
397730,1.376,1.369
397740,1.352,1.34
397750,1.321,1.308
397760,1.286,1.274
397770,1.245,1.24
397780,1.21,1.203
397790,1.171,1.166
397800,1.13,1.129
397810,1.09,1.091
397820,1.045,1.052
397830,1.003,1.016
397840,0.963,0.978
397850,0.92,0.942
397860,0.877,0.908
397870,0.846,0.875
397880,0.82,0.843
397890,0.791,0.814
397900,0.758,0.787
397910,0.724,0.763
397920,0.69,0.742
397930,0.654,0.723
397940,0.63,0.708
397950,0.619,0.696
397960,0.602,0.687
397970,0.588,0.681
397980,0.571,0.679
397990,0.565,0.681
398000,0.568,0.687
398010,0.584,0.696
398020,0.603,0.71
398030,0.614,0.727
398040,0.625,0.748
398050,0.64,0.773
398060,0.669,0.802
398070,0.707,0.834
398080,0.744,0.87
398090,0.783,0.909
398100,0.829,0.95
398110,0.881,0.995
398120,0.93,1.042
398130,0.981,1.092
398140,1.029,1.144
398150,1.09,1.198
398160,1.159,1.254
398170,1.223,1.31
398180,1.286,1.368
398190,1.345,1.426
398200,1.409,1.484
398210,1.471,1.542
398220,1.526,1.6
398230,1.585,1.656
398240,1.65,1.713
398250,1.715,1.767
398260,1.771,1.82
398270,1.825,1.872
398280,1.879,1.922
398290,1.926,1.969
398300,1.974,2.013
398310,2.018,2.055
398320,2.065,2.092
398330,2.107,2.127
398340,2.128,2.157
398350,2.165,2.183
398360,2.195,2.204
398370,2.218,2.221
398380,2.249,2.234
398390,2.256,2.241
398400,2.257,2.244
398410,2.262,2.243
398420,2.256,2.236
398430,2.243,2.225
398440,2.233,2.209
398450,2.212,2.188
398460,2.192,2.162
398470,2.156,2.133
398480,2.136,2.099
398490,2.12,2.062
398500,2.07,2.023
398510,2.038,1.98
398520,1.962,1.935
398530,1.912,1.889
398540,1.858,1.84
398550,1.816,1.789
398560,1.747,1.739
398570,1.694,1.687
398580,1.642,1.634
398590,1.592,1.581
398600,1.536,1.528
398610,1.482,1.475
398620,1.432,1.422
398630,1.368,1.37
398640,1.314,1.318
398650,1.262,1.267
398660,1.21,1.218
398670,1.166,1.169
398680,1.116,1.122
398690,1.07,1.076
398700,1.026,1.031
398710,0.985,0.988
398720,0.952,0.947
398730,0.91,0.908
398740,0.879,0.872
398750,0.839,0.838
398760,0.809,0.808
398770,0.776,0.781
398780,0.752,0.758
398790,0.725,0.74
398800,0.698,0.724
398810,0.681,0.713
398820,0.668,0.706
398830,0.662,0.704
398840,0.661,0.704
398850,0.66,0.71
398860,0.662,0.72
398870,0.669,0.733
398880,0.69,0.751
398890,0.713,0.772
398900,0.737,0.795
398910,0.763,0.823
398920,0.794,0.853
398930,0.824,0.885
398940,0.862,0.919
398950,0.896,0.954
398960,0.944,0.99
398970,0.995,1.028
398980,1.04,1.066
398990,1.082,1.104
399000,1.12,1.143
399010,1.166,1.182
399020,1.217,1.22
399030,1.262,1.259
399040,1.301,1.297
399050,1.336,1.333
399060,1.379,1.368
399070,1.417,1.401
399080,1.449,1.433
399090,1.482,1.461
399100,1.513,1.488
399110,1.531,1.512
399120,1.556,1.533
399130,1.575,1.552
399140,1.598,1.566
399150,1.614,1.578
399160,1.629,1.586
399170,1.639,1.589
399180,1.642,1.589
399190,1.63,1.584
399200,1.615,1.575
399210,1.595,1.563
399220,1.579,1.545
399230,1.557,1.524
399240,1.544,1.5
399250,1.52,1.472
399260,1.485,1.44
399270,1.441,1.408
399280,1.396,1.371
399290,1.357,1.333
399300,1.316,1.293
399310,1.272,1.252
399320,1.224,1.209
399330,1.176,1.167
399340,1.131,1.123
399350,1.088,1.079
399360,1.045,1.038
399370,0.998,0.996
399380,0.945,0.955
399390,0.901,0.918
399400,0.864,0.88
399410,0.823,0.845
399420,0.782,0.813
399430,0.745,0.783
399440,0.711,0.755
399450,0.679,0.73
399460,0.648,0.708
399470,0.623,0.688
399480,0.599,0.673
399490,0.579,0.661
399500,0.564,0.653
399510,0.55,0.649
399520,0.545,0.649
399530,0.54,0.654
399540,0.538,0.663
399550,0.552,0.677
399560,0.571,0.695
399570,0.596,0.717
399580,0.621,0.743
399590,0.653,0.775
399600,0.687,0.81
399610,0.738,0.849
399620,0.793,0.893
399630,0.846,0.941
399640,0.899,0.991
399650,0.948,1.046
399660,1.009,1.103
399670,1.073,1.162
399680,1.144,1.224
399690,1.218,1.286
399700,1.283,1.349
399710,1.354,1.413
399720,1.417,1.478
399730,1.496,1.541
399740,1.565,1.606
399750,1.627,1.669
399760,1.69,1.73
399770,1.757,1.791
399780,1.823,1.851
399790,1.885,1.907
399800,1.939,1.961
399810,1.999,2.013
399820,2.046,2.06
399830,2.104,2.105
399840,2.144,2.145
399850,2.182,2.181
399860,2.22,2.213
399870,2.255,2.24
399880,2.286,2.263
399890,2.312,2.28
399900,2.324,2.293
399910,2.332,2.3
399920,2.344,2.302
399930,2.362,2.298
399940,2.347,2.288
399950,2.338,2.274
399960,2.311,2.254
399970,2.275,2.229
399980,2.245,2.199
399990,2.223,2.165
400000,2.186,2.127
400010,2.132,2.086
400020,2.071,2.04
400030,2.018,1.991
400040,1.969,1.941
400050,1.911,1.887
400060,1.849,1.831
400070,1.793,1.774
400080,1.733,1.714
400090,1.677,1.654
400100,1.631,1.594
400110,1.549,1.533
400120,1.494,1.472
400130,1.424,1.411
400140,1.376,1.351
400150,1.317,1.292
400160,1.253,1.234
400170,1.189,1.176
400180,1.14,1.118
400190,1.094,1.063
400200,1.043,1.008
400210,1,0.955
400220,0.959,0.905
400230,0.912,0.857
400240,0.871,0.811
400250,0.834,0.769
400260,0.792,0.73
400270,0.752,0.695
400280,0.717,0.663
400290,0.678,0.637
400300,0.665,0.614
400310,0.635,0.595
400320,0.622,0.582
400330,0.6,0.574
400340,0.578,0.57
400350,0.572,0.572
400360,0.561,0.58
400370,0.573,0.594
400380,0.587,0.611
400390,0.611,0.635
400400,0.657,0.664
400410,0.69,0.695
400420,0.735,0.731
400430,0.78,0.771
400440,0.809,0.811
400450,0.861,0.856
400460,0.907,0.903
400470,0.957,0.95
400480,1.009,1
400490,1.068,1.052
400500,1.141,1.103
400510,1.205,1.156
400520,1.238,1.209
400530,1.285,1.261
400540,1.333,1.313
400550,1.397,1.364
400560,1.445,1.413
400570,1.497,1.46
400580,1.552,1.505
400590,1.586,1.548
400600,1.623,1.588
400610,1.669,1.624
400620,1.694,1.658
400630,1.725,1.687
400640,1.747,1.712
400650,1.758,1.733
400660,1.768,1.749
400670,1.775,1.759
400680,1.766,1.765
400690,1.761,1.765
400700,1.751,1.759
400710,1.746,1.749
400720,1.739,1.732
400730,1.721,1.71
400740,1.691,1.685
400750,1.659,1.654
400760,1.624,1.619
400770,1.58,1.58
400780,1.535,1.538
400790,1.489,1.491
400800,1.44,1.442
400810,1.39,1.392
400820,1.337,1.339
400830,1.277,1.285
400840,1.219,1.231
400850,1.166,1.176
400860,1.105,1.121
400870,1.052,1.069
400880,0.983,1.017
400890,0.934,0.966
400900,0.892,0.918
400910,0.84,0.87
400920,0.798,0.825
400930,0.747,0.783
400940,0.707,0.742
400950,0.665,0.705
400960,0.621,0.671
400970,0.585,0.64
400980,0.564,0.613
400990,0.541,0.591
401000,0.528,0.572
401010,0.508,0.558
401020,0.486,0.549
401030,0.462,0.544
401040,0.447,0.545
401050,0.441,0.549
401060,0.444,0.56
401070,0.456,0.577
401080,0.485,0.598
401090,0.51,0.626
401100,0.537,0.661
401110,0.57,0.7
401120,0.631,0.746
401130,0.693,0.797
401140,0.764,0.852
401150,0.833,0.913
401160,0.92,0.977
401170,0.994,1.043
401180,1.064,1.112
401190,1.138,1.184
401200,1.209,1.255
401210,1.287,1.328
401220,1.352,1.402
401230,1.427,1.476
401240,1.5,1.549
401250,1.584,1.622
401260,1.654,1.694
401270,1.724,1.764
401280,1.795,1.832
401290,1.863,1.898
401300,1.934,1.96
401310,1.998,2.019
401320,2.065,2.075
401330,2.114,2.127
401340,2.16,2.174
401350,2.22,2.218
401360,2.259,2.256
401370,2.303,2.29
401380,2.326,2.318
401390,2.349,2.341
401400,2.378,2.358
401410,2.4,2.369
401420,2.419,2.374
401430,2.435,2.372
401440,2.437,2.363
401450,2.415,2.35
401460,2.404,2.329
401470,2.388,2.302
401480,2.332,2.271
401490,2.297,2.234
401500,2.253,2.191
401510,2.21,2.144
401520,2.152,2.093
401530,2.102,2.037
401540,2.036,1.979
401550,1.969,1.916
401560,1.886,1.851
401570,1.818,1.785
401580,1.752,1.716
401590,1.69,1.647
401600,1.617,1.579
401610,1.552,1.509
401620,1.48,1.44
401630,1.408,1.372
401640,1.345,1.305
401650,1.287,1.238
401660,1.217,1.172
401670,1.143,1.108
401680,1.081,1.044
401690,1.039,0.982
401700,1.011,0.922
401710,0.941,0.864
401720,0.878,0.808
401730,0.823,0.756
401740,0.767,0.706
401750,0.723,0.66
401760,0.675,0.616
401770,0.627,0.577
401780,0.581,0.542
401790,0.545,0.511
401800,0.511,0.486
401810,0.483,0.466
401820,0.458,0.453
401830,0.437,0.446
401840,0.424,0.446
401850,0.418,0.452
401860,0.428,0.467
401870,0.452,0.489
401880,0.473,0.516
401890,0.509,0.55
401900,0.545,0.589
401910,0.585,0.633
401920,0.634,0.681
401930,0.688,0.734
401940,0.742,0.788
401950,0.79,0.846
401960,0.835,0.907
401970,0.89,0.968
401980,0.959,1.033
401990,1.032,1.099
402000,1.11,1.164
402010,1.185,1.23
402020,1.257,1.296
402030,1.325,1.36
402040,1.391,1.424
402050,1.454,1.486
402060,1.515,1.545
402070,1.575,1.601
402080,1.638,1.656
402090,1.689,1.706
402100,1.735,1.753
402110,1.776,1.797
402120,1.81,1.835
402130,1.841,1.869
402140,1.87,1.897
402150,1.895,1.92
402160,1.918,1.937
402170,1.937,1.947
402180,1.937,1.95
402190,1.938,1.948
402200,1.923,1.938
402210,1.901,1.922
402220,1.887,1.901
402230,1.864,1.872
402240,1.838,1.838
402250,1.81,1.799
402260,1.774,1.754
402270,1.721,1.704
402280,1.667,1.65
402290,1.609,1.592
402300,1.543,1.531
402310,1.477,1.469
402320,1.41,1.404
402330,1.346,1.338
402340,1.28,1.273
402350,1.207,1.208
402360,1.14,1.143
402370,1.067,1.081
402380,0.992,1.019
402390,0.933,0.959
402400,0.884,0.902
402410,0.813,0.846
402420,0.746,0.792
402430,0.693,0.742
402440,0.648,0.694
402450,0.593,0.65
402460,0.541,0.609
402470,0.495,0.572
402480,0.441,0.538
402490,0.39,0.509
402500,0.361,0.485
402510,0.328,0.464
402520,0.294,0.449
402530,0.275,0.439
402540,0.264,0.436
402550,0.248,0.437
402560,0.25,0.446
402570,0.265,0.463
402580,0.278,0.487
402590,0.293,0.518
402600,0.327,0.558
402610,0.369,0.605
402620,0.407,0.657
402630,0.458,0.717
402640,0.517,0.782
402650,0.587,0.85
402660,0.659,0.923
402670,0.743,0.999
402680,0.837,1.076
402690,0.9,1.156
402700,1.001,1.237
402710,1.081,1.317
402720,1.18,1.4
402730,1.245,1.482
402740,1.346,1.562
402750,1.431,1.642
402760,1.509,1.72
402770,1.583,1.794
402780,1.685,1.867
402790,1.744,1.937
402800,1.829,2.002
402810,1.915,2.064
402820,1.969,2.123
402830,2.029,2.176
402840,2.095,2.226
402850,2.155,2.27
402860,2.201,2.309
402870,2.25,2.343
402880,2.278,2.37
402890,2.308,2.391
402900,2.337,2.405
402910,2.355,2.412
402920,2.363,2.412
402930,2.363,2.405
402940,2.356,2.391
402950,2.351,2.37
402960,2.333,2.343
402970,2.294,2.308
402980,2.233,2.268
402990,2.171,2.222
403000,2.122,2.169
403010,2.071,2.112
403020,2.013,2.051
403030,1.961,1.985
403040,1.892,1.915
403050,1.816,1.844
403060,1.74,1.77
403070,1.663,1.695
403080,1.582,1.621
403090,1.505,1.545
403100,1.425,1.471
403110,1.358,1.397
403120,1.287,1.324
403130,1.224,1.252
403140,1.153,1.182
403150,1.084,1.113
403160,1.019,1.045
403170,0.947,0.979
403180,0.881,0.915
403190,0.821,0.852
403200,0.766,0.792
403210,0.71,0.734
403220,0.662,0.679
403230,0.606,0.626
403240,0.558,0.577
403250,0.511,0.531
403260,0.463,0.488
403270,0.421,0.45
403280,0.385,0.418
403290,0.354,0.391
403300,0.328,0.371
403310,0.311,0.36
403320,0.294,0.355
403330,0.287,0.36
403340,0.283,0.373
403350,0.299,0.394
403360,0.337,0.424
403370,0.381,0.461
403380,0.428,0.504
403390,0.472,0.554
403400,0.52,0.61
403410,0.577,0.668
403420,0.645,0.732
403430,0.718,0.799
403440,0.791,0.87
403450,0.866,0.941
403460,0.938,1.015
403470,1.012,1.09
403480,1.085,1.166
403490,1.162,1.242
403500,1.242,1.318
403510,1.322,1.392
403520,1.409,1.465
403530,1.493,1.536
403540,1.568,1.605
403550,1.634,1.671
403560,1.687,1.734
403570,1.739,1.793
403580,1.787,1.849
403590,1.84,1.901
403600,1.889,1.948
403610,1.928,1.99
403620,1.962,2.026
403630,1.995,2.057
403640,2.025,2.08
403650,2.055,2.096
403660,2.073,2.107
403670,2.073,2.108
403680,2.055,2.103
403690,2.041,2.091
403700,2.027,2.071
403710,2.011,2.044
403720,1.977,2.011
403730,1.934,1.97
403740,1.888,1.923
403750,1.84,1.872
403760,1.781,1.814
403770,1.72,1.751
403780,1.655,1.685
403790,1.593,1.616
403800,1.527,1.544
403810,1.459,1.473
403820,1.392,1.399
403830,1.314,1.326
403840,1.24,1.255
403850,1.167,1.183
403860,1.098,1.113
403870,1.032,1.046
403880,0.971,0.981
403890,0.916,0.917
403900,0.853,0.856
403910,0.795,0.798
403920,0.734,0.742
403930,0.675,0.689
403940,0.621,0.639
403950,0.569,0.593
403960,0.523,0.55
403970,0.483,0.51
403980,0.447,0.475
403990,0.412,0.442
404000,0.378,0.416
404010,0.35,0.394
404020,0.323,0.378
404030,0.309,0.369
404040,0.294,0.367
404050,0.288,0.373
404060,0.295,0.388
404070,0.315,0.412
404080,0.348,0.445
404090,0.391,0.486
404100,0.44,0.536
404110,0.497,0.593
404120,0.561,0.656
404130,0.63,0.725
404140,0.702,0.8
404150,0.775,0.876
404160,0.863,0.957
404170,0.95,1.04
404180,1.04,1.123
404190,1.125,1.21
404200,1.213,1.296
404210,1.304,1.382
404220,1.389,1.468
404230,1.475,1.552
404240,1.565,1.634
404250,1.652,1.715
404260,1.732,1.793
404270,1.808,1.867
404280,1.882,1.938
404290,1.952,2.005
404300,2.022,2.068
404310,2.078,2.127
404320,2.138,2.181
404330,2.197,2.23
404340,2.248,2.274
404350,2.293,2.312
404360,2.331,2.344
404370,2.36,2.37
404380,2.385,2.388
404390,2.404,2.399
404400,2.411,2.403
404410,2.412,2.399
404420,2.39,2.387
404430,2.375,2.368
404440,2.352,2.341
404450,2.322,2.307
404460,2.289,2.268
404470,2.236,2.221
404480,2.173,2.168
404490,2.114,2.11
404500,2.045,2.045
404510,1.978,1.977
404520,1.899,1.906
404530,1.823,1.831
404540,1.755,1.754
404550,1.67,1.677
404560,1.591,1.598
404570,1.519,1.52
404580,1.439,1.443
404590,1.364,1.366
404600,1.285,1.291
404610,1.215,1.218
404620,1.146,1.146
404630,1.083,1.075
404640,1.012,1.007
404650,0.943,0.94
404660,0.88,0.875
404670,0.816,0.813
404680,0.76,0.752
404690,0.702,0.693
404700,0.65,0.637
404710,0.6,0.583
404720,0.546,0.532
404730,0.504,0.484
404740,0.459,0.44
404750,0.417,0.401
404760,0.379,0.367
404770,0.35,0.339
404780,0.325,0.319
404790,0.305,0.307
404800,0.285,0.303
404810,0.28,0.31
404820,0.293,0.326
404830,0.309,0.351
404840,0.332,0.385
404850,0.369,0.428
404860,0.417,0.477
404870,0.474,0.533
404880,0.541,0.596
404890,0.621,0.662
404900,0.697,0.733
404910,0.784,0.808
404920,0.861,0.884
404930,0.936,0.964
404940,1.014,1.045
404950,1.096,1.127
404960,1.179,1.21
404970,1.267,1.292
404980,1.351,1.374
404990,1.428,1.454
405000,1.508,1.533
405010,1.587,1.609
405020,1.669,1.683
405030,1.745,1.754
405040,1.813,1.82
405050,1.875,1.885
405060,1.931,1.945
405070,1.983,2.001
405080,2.033,2.051
405090,2.073,2.097
405100,2.117,2.137
405110,2.142,2.171
405120,2.182,2.197
405130,2.199,2.217
405140,2.214,2.228
405150,2.221,2.231
405160,2.213,2.228
405170,2.21,2.216
405180,2.199,2.196
405190,2.177,2.169
405200,2.142,2.135
405210,2.094,2.093
405220,2.044,2.044
405230,2.001,1.991
405240,1.939,1.93
405250,1.875,1.865
405260,1.808,1.797
405270,1.736,1.724
405280,1.668,1.65
405290,1.59,1.574
405300,1.515,1.498
405310,1.445,1.421
405320,1.374,1.346
405330,1.31,1.272
405340,1.249,1.198
405350,1.185,1.128
405360,1.13,1.058
405370,1.067,0.991
405380,0.999,0.927
405390,0.941,0.865
405400,0.88,0.805
405410,0.824,0.748
405420,0.772,0.693
405430,0.729,0.641
405440,0.676,0.593
405450,0.634,0.546
405460,0.603,0.503
405470,0.564,0.465
405480,0.522,0.43
405490,0.5,0.4
405500,0.469,0.376
405510,0.449,0.359
405520,0.439,0.35
405530,0.438,0.349
405540,0.442,0.358
405550,0.463,0.376
405560,0.489,0.404
405570,0.521,0.441
405580,0.564,0.487
405590,0.629,0.541
405600,0.691,0.602
405610,0.77,0.669
405620,0.848,0.742
405630,0.917,0.818
405640,0.99,0.898
405650,1.069,0.981
405660,1.166,1.065
405670,1.256,1.151
405680,1.346,1.239
405690,1.424,1.325
405700,1.535,1.412
405710,1.653,1.497
405720,1.699,1.58
405730,1.793,1.662
405740,1.898,1.74
405750,1.946,1.815
405760,1.997,1.886
405770,2.087,1.954
405780,2.155,2.017
405790,2.216,2.076
405800,2.337,2.131
405810,2.367,2.18
405820,2.404,2.225
405830,2.409,2.263
405840,2.434,2.295
405850,2.463,2.32
405860,2.535,2.338
405870,2.531,2.348
405880,2.507,2.351
405890,2.523,2.345
405900,2.594,2.333
405910,2.463,2.313
405920,2.457,2.284
405930,2.428,2.249
405940,2.387,2.207
405950,2.38,2.158
405960,2.242,2.103
405970,2.195,2.043
405980,2.116,1.977
405990,2.05,1.908
406000,1.982,1.834
406010,1.931,1.758
406020,1.843,1.681
406030,1.774,1.603
406040,1.678,1.524
406050,1.594,1.445
406060,1.557,1.368
406070,1.459,1.291
406080,1.397,1.216
406090,1.311,1.143
406100,1.236,1.072
406110,1.174,1.003
406120,1.091,0.936
406130,1.03,0.871
406140,0.96,0.807
406150,0.9,0.746
406160,0.848,0.688
406170,0.792,0.631
406180,0.733,0.576
406190,0.673,0.525
406200,0.623,0.476
406210,0.562,0.431
406220,0.519,0.39
406230,0.483,0.353
406240,0.448,0.323
406250,0.428,0.3
406260,0.405,0.284
406270,0.392,0.277
406280,0.366,0.28
406290,0.358,0.293
406300,0.354,0.315
406310,0.374,0.348
406320,0.408,0.389
406330,0.457,0.438
406340,0.514,0.495
406350,0.584,0.559
406360,0.653,0.627
406370,0.734,0.701
406380,0.808,0.778
406390,0.885,0.858
406400,0.959,0.941
406410,1.043,1.026
406420,1.128,1.111
406430,1.207,1.198
406440,1.3,1.285
406450,1.38,1.37
406460,1.449,1.455
406470,1.551,1.538
406480,1.632,1.618
406490,1.707,1.697
406500,1.787,1.772
406510,1.859,1.845
406520,1.929,1.912
406530,1.991,1.977
406540,2.051,2.039
406550,2.107,2.094
406560,2.155,2.146
406570,2.204,2.192
406580,2.238,2.232
406590,2.263,2.265
406600,2.279,2.292
406610,2.292,2.31
406620,2.303,2.321
406630,2.31,2.324
406640,2.299,2.319
406650,2.289,2.306
406660,2.264,2.284
406670,2.251,2.255
406680,2.219,2.219
406690,2.163,2.175
406700,2.106,2.125
406710,2.053,2.069
406720,1.998,2.007
406730,1.943,1.942
406740,1.879,1.871
406750,1.81,1.798
406760,1.744,1.724
406770,1.662,1.647
406780,1.587,1.57
406790,1.516,1.494
406800,1.449,1.418
406810,1.367,1.343
406820,1.303,1.271
406830,1.234,1.199
406840,1.162,1.129
406850,1.088,1.063
406860,1.021,0.997
406870,0.959,0.933
406880,0.902,0.873
406890,0.852,0.814
406900,0.798,0.757
406910,0.752,0.703
406920,0.703,0.651
406930,0.663,0.601
406940,0.615,0.555
406950,0.567,0.512
406960,0.528,0.473
406970,0.498,0.44
406980,0.47,0.412
406990,0.449,0.391
407000,0.446,0.378
407010,0.435,0.374
407020,0.433,0.379
407030,0.439,0.394
407040,0.466,0.418
407050,0.504,0.452
407060,0.553,0.495
407070,0.595,0.545
407080,0.648,0.603
407090,0.705,0.668
407100,0.773,0.736
407110,0.843,0.81
407120,0.928,0.887
407130,1.006,0.967
407140,1.087,1.049
407150,1.163,1.133
407160,1.251,1.216
407170,1.335,1.301
407180,1.418,1.385
407190,1.511,1.468
407200,1.588,1.549
407210,1.688,1.628
407220,1.752,1.703
